Index,Name,Form,Pokemon,Gender,CP,HP,Atk IV,Def IV,Sta IV,IV Avg,Level Min,Level Max,Quick Move,Charge Move,Charge Move 2,Scan Date,Catch Date,Weight,Height,Lucky,Shadow/Purified,Favorite,Dust,Rank % (G),Rank # (G),Stat Product (G),Dust Cost (G),Candy Cost (G),Name (G),Form (G),Sha/Pur (G),Rank % (U),Rank # (U),Stat Product (U),Dust Cost (U),Candy Cost (U),Name (U),Form (U),Sha/Pur (U),Rank % (L),Rank # (L),Stat Product (L),Dust Cost (L),Candy Cost (L),Name (L),Form (L),Sha/Pur (L),Marked for PvP use
1,Squawkabilly,,931,♀,1390,137,14,14,13,91.1,25.0,25.0,Peck,Aerial Ace,,"2026-07-02 18:25",6/28/2026,1.65kg,0.55m,0,0,0,4000,25.52%,3051,93.64%,12000,10,Squawkabilly,,0,99.54%,20,98.10%,444000,220,Squawkabilly,,0,,,,,,,,,
2,Starmie,,121,,2407,130,14,12,15,91.1,36.0,36.0,Water Gun,Hydro Pump,,"2026-07-02 18:25",11/26/2022,61.34kg,0.99m,0,0,0,8000,,,,,,,,,57.07%,1759,96.10%,43000,56,Starmie,,0,,,,,,,,,
3,Hitmonlee,,106,♂,2452,112,12,14,5,68.9,40.0,40.0,,,,"2026-07-02 18:24",,,,0,0,0,10000,,,,,,,,,50.48%,2029,95.78%,31000,0,Hitmonlee,,0,,,,,,,,,
4,Mantyke,,458,♀,713,85,15,15,15,100.0,20.0,20.0,,,,"2026-07-02 18:24",,,,0,0,0,2500,19.05%,3316,93.33%,27500,75,Mantine,,0,100.00%,1,100%,475000,298,Mantine,,0,,,,,,,,,
5,Minun,,312,♀,1096,108,14,13,14,91.1,23.0,23.0,,,,"2026-07-02 18:24",12/13/2022,,,0,0,0,3500,40.10%,2454,94.24%,86000,76,Minun,,0,99.56%,19,98.18%,458000,232,Minun,,0,,,,,,,,,
6,Clefable,,36,♀,1583,145,15,14,11,88.9,23.0,23.0,,,,"2026-07-02 18:24",1/15/2023,,,0,0,0,0,,,,,,,,,41.88%,2381,94.90%,261000,232,Clefable,,0,,,,,,,,,
7,Mr. Mime,Galar,122,♂,862,78,12,12,14,84.4,15.0,15.0,,,,"2026-07-02 18:24",1/18/2023,,,0,0,0,1900,84.84%,622,96.88%,16400,66,Mr. Rime,,0,42.91%,2339,95.91%,130400,168,Mr. Rime,,0,,,,,,,,,
8,Primarina,,730,♂,3185,161,15,14,14,95.6,40.0,40.0,,,,"2026-07-02 18:24",1/29/2023,,,0,0,0,10000,,,,,,,,,,,,,,,,,,,,,,,,,
9,Alomomola,,594,♂,950,192,4,8,12,53.3,17.0,17.0,,,,"2026-07-02 18:24",2/14/2023,,,0,0,0,2200,66.32%,1380,95.36%,56800,50,Alomomola,,0,45.69%,2225,87.76%,488800,260,Alomomola,,0,,,,,,,,,
10,Aggron,Normal,306,♂,3047,150,12,2,12,57.8,45.0,45.0,,,,"2026-07-02 18:24",2/17/2023,,,0,0,0,13000,,,,,,,,,,,,,,,,,,,,,,,,,
11,Carracosta,,565,♂,1487,115,15,12,15,93.3,20.0,20.0,,,,"2026-07-02 18:24",2/18/2023,,,0,0,0,2500,44.37%,2279,94.71%,0,0,Carracosta,,0,33.31%,2732,95.32%,169000,170,Carracosta,,0,,,,,,,,,
12,Haxorus,,612,♀,3574,155,15,14,14,95.6,40.0,40.0,,,,"2026-07-02 18:24",,,,0,0,0,10000,,,,,,,,,,,,,,,,,,,,,,,,,
13,Unfezant,,521,♂,2271,150,10,9,15,75.6,30.5,30.5,,,,"2026-07-02 18:24",,,,0,0,0,5000,,,,,,,,,66.28%,1382,96.84%,81000,90,Unfezant,,0,,,,,,,,,
14,Cherrim,,421,♀,675,86,8,15,15,84.4,12.0,12.0,,,,"2026-07-02 18:24",,,,0,0,0,1300,89.87%,416,97.25%,73400,70,Cherrim,,0,97.90%,87,96.22%,505400,280,Cherrim,,0,,,,,,,,,
15,Ledian,,166,♀,1014,108,15,12,10,82.2,27.0,27.0,,,,"2026-07-02 18:24",4/12/2023,,,0,0,0,4500,97.73%,94,97.13%,428000,206,Ledian,,0,97.73%,94,95.54%,428000,206,Ledian,,0,,,,,,,,,
16,Archeops,,567,♂,2099,124,11,13,15,86.7,22.5,22.5,,,,"2026-07-02 18:24",4/12/2023,,,0,0,0,3000,,,,,,,,,69.52%,1249,96.20%,29000,25,Archeops,,0,,,,,,,,,
17,Pinsir,Normal,127,♀,1261,92,15,13,15,95.6,15.0,15.0,,,,"2026-07-02 18:24",5/11/2023,,,0,0,0,1900,37.73%,2551,94.11%,9800,10,Pinsir,Normal,0,50.96%,2009,96.07%,91400,82,Pinsir,Normal,0,,,,,,,,,
18,Seviper,,336,♂,1537,129,14,13,13,88.9,26.0,26.0,,,,"2026-07-02 18:24",5/23/2023,,,0,0,0,4000,,,,,,,,,98.68%,55,96.81%,436000,214,Seviper,,0,,,,,,,,,
19,Obstagoon,,862,♀,1301,122,15,5,5,55.6,18.0,18.0,,,,"2026-07-02 18:24",6/6/2023,,,0,0,0,2200,8.64%,3742,92.47%,11900,10,Obstagoon,,0,6.50%,3830,93.64%,214400,226,Obstagoon,,0,,,,,,,,,
20,Purugly,,432,♂,792,96,13,4,13,66.7,15.0,15.0,,,,"2026-07-02 18:24",6/7/2023,,,0,0,0,1900,13.55%,3541,92.94%,77400,70,Purugly,,0,77.41%,926,91.00%,496400,268,Purugly,,0,,,,,,,,,
21,Beedrill,Normal,15,♂,1201,113,15,13,14,93.3,23.0,23.0,,,,"2026-07-02 18:24",6/7/2023,,,0,0,0,3500,42.03%,2375,94.78%,43500,38,Beedrill,Normal,0,99.49%,22,97.96%,458000,232,Beedrill,Normal,0,,,,,,,,,
22,Kingdra,,230,♀,668,77,14,14,14,93.3,9.0,9.0,,,,"2026-07-02 18:24",6/8/2023,,,0,0,0,1000,74.26%,1055,95.95%,37000,40,Kingdra,,0,45.81%,2220,95.65%,198000,200,Kingdra,,0,,,,,,,,,
23,Jumpluff,,189,,680,101,11,15,15,91.1,15.0,15.0,,,,"2026-07-02 18:23",6/12/2023,,,0,0,0,1900,60.37%,1624,95.33%,174400,170,Jumpluff,,0,98.66%,56,96.99%,496400,268,Jumpluff,,0,,,,,,,,,
24,Magby,,240,♂,734,83,12,15,12,86.7,20.0,20.0,,,,"2026-07-02 18:23",6/14/7072,,,0,0,0,2500,98.49%,63,95.74%,475000,248,Magby,,0,79.19%,853,96.08%,337000,273,Magmar,,0,,,,,,,,,
25,Jolteon,,135,♂,2764,135,13,15,10,84.4,38.5,38.5,,,,"2026-07-02 18:23",6/17/2023,,,0,0,0,9000,,,,,,,,,,,,,,,,,,,,,,,,,
26,Shinx,,403,♀,180,51,10,11,8,64.4,8.0,8.0,,,,"2026-07-02 18:23",6/18/2023,,,0,1,0,961,75.85%,990,95.92%,40326,185,Luxray,,1,63.74%,1486,96.41%,185526,329,Luxray,,1,61.88%,1562,93.26%,11402,46,Luxio,,1,
27,Baltoy,,343,,322,68,12,14,13,86.7,15.0,15.0,,,,"2026-07-02 18:23",6/18/2023,,,0,0,0,1900,32.70%,2757,93.71%,68400,112,Claydol,,0,98.12%,78,96.97%,496400,318,Claydol,,0,45.81%,2220,91.31%,38400,36,Baltoy,,0,
28,Lurantis,,754,♀,1815,128,15,10,13,84.4,27.0,27.0,,,,"2026-07-02 18:23",6/19/2023,,,0,0,0,4500,,,,,,,,,53.11%,1921,94.92%,278000,206,Lurantis,,0,,,,,,,,,
29,Sunflora,,192,♂,1585,133,9,14,12,77.8,27.0,27.0,,,,"2026-07-02 18:23",6/20/2023,,,0,0,0,4500,,,,,,,,,95.29%,194,95.18%,428000,206,Sunflora,,0,,,,,,,,,
30,Shaymin,Land,492,,1988,148,13,15,15,95.6,21.5,21.5,,,,"2026-07-02 18:23",7/3/2023,,,0,0,0,3000,,,,,,,,,80.71%,791,97.11%,39000,35,Shaymin,Land,0,,,,,,,,,
31,Drapion,,452,♂,2044,135,6,15,10,68.9,32.0,32.0,,,,"2026-07-02 18:23",7/5/2023,,,0,0,0,0,,,,,,,,,84.25%,646,96.96%,266000,162,Drapion,,0,,,,,,,,,
32,Breloom,,286,♂,2509,131,12,6,11,64.4,40.5,40.5,,,,"2026-07-02 18:23",7/5/2023,,,0,0,0,0,,,,,,,,,,,,,,,,,,,,,,,,,
33,Gallade,Normal,475,♂,1960,115,14,13,13,88.9,22.5,22.5,,,,"2026-07-02 18:23",7/6/2023,,,0,0,0,3000,,,,,,,,,43.71%,2306,95.81%,46500,41,Gallade,Normal,0,,,,,,,,,
34,Vivillon,,666,♀,791,106,14,15,15,97.8,15.0,15.0,,,,"2026-07-02 18:23",7/10/2023,,,0,0,0,0,28.18%,2942,93.74%,77400,70,Vivillon,,0,99.98%,2,99.48%,496400,268,Vivillon,,0,,,,,,,,,
35,Jellicent,,593,♂,505,88,11,11,11,73.3,8.0,8.0,,,,"2026-07-02 18:23",7/18/2023,,,0,0,0,800,27.33%,2977,93.83%,55600,58,Jellicent,,0,88.16%,486,97.14%,469600,290,Jellicent,,0,,,,,,,,,
36,Vespiquen,,416,♀,1419,123,11,11,10,71.1,26.0,26.0,,,,"2026-07-02 18:23",,,,0,0,0,4000,22.93%,3157,93.32%,8000,8,Vespiquen,,0,86.30%,562,92.61%,436000,214,Vespiquen,,0,,,,,,,,,
37,Slowking,Galar,199,♀,2099,162,11,10,14,77.8,28.0,28.0,,,,"2026-07-02 18:23",7/26/2023,,,0,0,0,4500,,,,,,,,,59.76%,1649,96.45%,105000,110,Slowking,Galar,0,,,,,,,,,
38,Zygarde,10%,718,,986,81,10,14,13,82.2,15.0,15.0,,,,"2026-07-02 18:23",,,,0,0,0,1900,62.49%,1537,95.43%,35400,33,Zygarde,10%,0,92.58%,305,97.12%,397400,268,Zygarde,10%,0,,,,,,,,,
39,Shuckle,,213,♂,206,57,12,14,12,84.4,20.0,20.0,,,,"2026-07-02 18:23",,,,0,0,0,2500,89.72%,422,87.18%,475000,248,Shuckle,,0,89.72%,422,87.18%,475000,248,Shuckle,,0,89.72%,422,87.18%,475000,248,Shuckle,,0,
40,Rampardos,,409,♂,3026,174,15,9,7,68.9,37.0,37.0,,,,"2026-07-02 18:23",9/7/7072,,,0,0,0,0,,,,,,,,,,,,,,,,,,,,,,,,,
41,Vivillon,,666,♂,760,104,12,10,12,75.6,15.0,15.0,,,,"2026-07-02 18:23",,,,0,0,0,1900,51.04%,2006,94.89%,91400,82,Vivillon,,0,89.18%,444,92.61%,496400,268,Vivillon,,0,,,,,,,,,
42,Gardevoir,Normal,282,♂,1295,93,12,15,11,84.4,15.0,15.0,,,,"2026-07-02 18:23",8/7/2023,,,0,0,0,1900,42.42%,2359,94.46%,7600,8,Gardevoir,Normal,0,29.08%,2905,95.21%,81900,74,Gardevoir,Normal,0,,,,,,,,,
43,Skarmory,Normal,227,♂,882,90,13,15,11,86.7,15.0,15.0,,,,"2026-07-02 18:23",,,,0,0,0,1900,67.55%,1330,95.95%,56400,51,Skarmory,Normal,0,98.12%,78,96.78%,496400,268,Skarmory,Normal,0,,,,,,,,,
44,Alakazam,Normal,65,♂,1281,82,11,13,14,84.4,15.0,15.0,,,,"2026-07-02 18:23",8/15/2023,,,0,0,0,1900,93.50%,267,97.50%,9800,10,Alakazam,Normal,0,71.53%,1167,96.69%,86400,78,Alakazam,Normal,0,,,,,,,,,
45,Cosmog,,789,,176,72,13,12,15,88.9,15.0,15.0,,,,"2026-07-02 18:23",8/15/2023,,,0,0,0,1900,98.46%,64,95.97%,496400,293,Cosmoem,,0,15.24%,3472,94.00%,29400,152,Solgaleo,,0,98.12%,78,93.06%,496400,268,Cosmog,,0,
46,Pikachu,Normal,25,♀,383,65,12,10,15,82.2,15.0,15.0,,,,"2026-07-02 18:23",,,,0,0,0,1900,52.89%,1930,94.54%,48900,95,Raichu,Normal,0,95.95%,167,95.59%,496400,318,Raichu,Normal,0,71.21%,1180,93.51%,18900,18,Pikachu,Normal,0,
47,Slurpuff,,685,♂,1591,138,8,13,7,62.2,27.0,27.0,,,,"2026-07-02 18:23",8/17/2023,,,0,0,0,4500,,,,,,,,,78.14%,896,91.82%,428000,206,Slurpuff,,0,,,,,,,,,
48,Vivillon,,666,♂,791,106,15,14,15,97.8,15.0,15.0,,,,"2026-07-02 18:23",,,,0,0,0,1900,22.83%,3161,93.44%,77400,70,Vivillon,,0,99.93%,4,99.15%,496400,268,Vivillon,,0,,,,,,,,,
49,Vivillon,,666,♀,777,106,14,11,15,88.9,15.0,15.0,,,,"2026-07-02 18:23",9/4/2023,,,0,0,0,1900,23.13%,3149,93.46%,81900,74,Vivillon,,0,98.05%,81,96.10%,496400,268,Vivillon,,0,,,,,,,,,
50,Vivillon,,666,♂,777,105,14,12,13,86.7,15.0,15.0,,,,"2026-07-02 18:22",9/22/2023,,,0,0,0,0,15.46%,3463,92.99%,81900,74,Vivillon,,0,97.66%,97,95.82%,496400,268,Vivillon,,0,,,,,,,,,
51,Vikavolt,,738,♀,2923,151,8,5,7,44.4,41.0,41.0,,,,"2026-07-02 18:22",9/23/2023,,,0,0,0,11000,,,,,,,,,,,,,,,,,,,,,,,,,
52,Arcanine,Normal,59,,2667,165,15,8,14,82.2,33.0,33.0,,,,"2026-07-02 18:22",9/28/2023,,,0,0,0,0,,,,,,,,,,,,,,,,,,,,,,,,,
53,Milotic,,350,,1906,147,5,7,10,48.9,24.0,24.0,,,,"2026-07-02 18:22",9/29/2023,,,0,0,0,3500,,,,,,,,,55.53%,1822,96.29%,79000,70,Milotic,,0,,,,,,,,,
54,Breloom,,286,♀,2335,127,12,13,14,86.7,33.5,33.5,,,,"2026-07-02 18:22",10/2/2023,,,0,0,0,7000,,,,,,,,,80.85%,785,97.10%,71000,88,Breloom,,0,,,,,,,,,
55,Bellossom,,182,♂,1623,133,10,9,15,75.6,26.0,26.0,,,,"2026-07-02 18:22",,,,0,0,0,4000,,,,,,,,,93.06%,285,97.56%,436000,214,Bellossom,,0,,,,,,,,,
56,Chandelure,,609,♂,3018,130,7,7,12,57.8,38.5,38.5,,,,"2026-07-02 18:22",10/20/2023,,,0,0,0,9000,,,,,,,,,,,,,,,,,,,,,,,,,
57,Gengar,Normal,94,♀,1206,86,13,12,13,84.4,15.0,15.0,,,,"2026-07-02 18:22",10/27/2023,,,0,0,0,1900,73.02%,1106,95.98%,14200,14,Gengar,Normal,0,57.95%,1723,95.97%,118400,106,Gengar,Normal,0,,,,,,,,,
58,Pumpkaboo,Large,710,♀,933,108,9,15,9,73.3,28.0,28.0,,,,"2026-07-02 18:22",10/30/2023,,,0,0,0,4500,89.99%,411,91.96%,419000,198,Pumpkaboo,Large,0,77.90%,906,97.28%,233000,398,Gourgeist,Large,0,,,,,,,,,
59,Arcanine,Hisui,59,♀,1789,136,15,15,13,95.6,20.0,20.0,,,,"2026-07-02 18:22",,,,0,0,0,0,,,,,,,,,23.05%,3152,95.03%,51500,46,Arcanine,Hisui,0,,,,,,,,,
60,Pikachu,Normal,25,,733,85,11,10,6,60.0,30.0,30.0,,,,"2026-07-02 18:22",10/31/2023,,,0,0,0,5000,72.36%,1133,86.32%,400000,182,Pikachu,Normal,0,70.26%,1219,90.43%,400000,232,Raichu,Normal,0,,,,,,,,,
61,Spiritomb,,442,♂,875,78,13,15,14,93.3,15.0,15.0,,,,"2026-07-02 18:22",,,,0,0,0,1900,55.31%,1831,95.15%,56400,51,Spiritomb,,0,99.49%,22,98.13%,496400,268,Spiritomb,,0,,,,,,,,,
62,Sableye,Normal,302,♂,620,78,13,14,14,91.1,15.0,15.0,,,,"2026-07-02 18:22",11/1/2023,,,0,0,0,1900,76.68%,956,94.91%,299400,268,Sableye,Normal,0,99.19%,34,97.29%,496400,268,Sableye,Normal,0,,,,,,,,,
63,Glaceon,,471,♂,3166,143,11,11,15,82.2,43.0,43.0,,,,"2026-07-02 18:22",11/4/2023,,,0,0,0,12000,,,,,,,,,,,,,,,,,,,,,,,,,
64,Clodsire,,980,,1009,166,10,14,9,73.3,19.0,19.0,,,,"2026-07-02 18:22",11/5/2023,,,0,0,0,2500,50.96%,2009,94.69%,61000,54,Clodsire,,0,90.79%,378,93.94%,480000,252,Clodsire,,0,,,,,,,,,
65,Sableye,Normal,302,♂,993,98,10,11,11,71.1,25.0,25.0,,,,"2026-07-02 18:22",11/7/2023,,,0,0,0,4000,80.66%,793,95.22%,332000,220,Sableye,Normal,0,88.11%,488,92.00%,444000,220,Sableye,Normal,0,,,,,,,,,
66,Raichu,Alola,26,♀,965,86,13,15,13,91.1,15.0,15.0,,,,"2026-07-02 18:22",11/12/2023,,,0,0,0,1900,49.08%,2086,95.01%,38400,36,Raichu,Alola,0,97.95%,85,98.45%,452400,268,Raichu,Alola,0,,,,,,,,,
67,Gengar,Normal,94,♀,1343,92,14,13,15,93.3,16.5,16.5,,,,"2026-07-02 18:22",11/14/2023,,,0,0,0,1900,36.83%,2588,94.31%,6300,6,Gengar,Normal,0,62.32%,1544,96.13%,100700,88,Gengar,Normal,0,,,,,,,,,
68,Lanturn,,171,♀,206,71,9,13,10,71.1,4.0,4.0,,,,"2026-07-02 18:22",11/15/2023,,,0,0,0,400,80.56%,797,96.44%,86400,88,Lanturn,,0,87.84%,499,93.40%,518400,298,Lanturn,,0,18.75%,3328,89.56%,5600,9,Lanturn,,0,
69,Furfrou,,676,♀,1443,126,12,11,9,71.1,25.0,25.0,,,,"2026-07-02 18:22",11/15/2023,,,0,0,0,4000,17.88%,3364,93.24%,4000,3,Furfrou,,0,87.52%,512,93.23%,444000,220,Furfrou,,0,,,,,,,,,
70,Lunatone,,337,,1249,129,14,13,15,93.3,19.0,19.0,,,,"2026-07-02 18:22",12/5/2023,,,0,0,0,2500,35.24%,2653,93.86%,19000,17,Lunatone,,0,90.74%,380,97.26%,381000,252,Lunatone,,0,,,,,,,,,
71,Froslass,,478,♀,1670,131,14,8,8,66.7,30.0,30.0,,,,"2026-07-02 18:22",,,,0,0,0,5000,,,,,,,,,81.78%,747,91.60%,400000,182,Froslass,,0,,,,,,,,,
72,Furfrou,,676,♀,887,101,13,12,15,88.9,15.0,15.0,,,,"2026-07-02 18:22",12/11/2023,,,0,0,0,1900,29.28%,2897,93.89%,52400,48,Furfrou,,0,98.88%,47,97.25%,496400,268,Furfrou,,0,,,,,,,,,
73,Chesnaught,,652,♂,2030,139,6,14,1,46.7,26.0,26.0,,,,"2026-07-02 18:22",,,,0,0,0,4000,,,,,,,,,62.88%,1521,96.54%,84000,80,Chesnaught,,0,,,,,,,,,
74,Hariyama,,297,♂,1185,161,14,12,11,82.2,15.0,15.0,,,,"2026-07-02 18:22",,,,0,0,0,1900,9.08%,3724,92.51%,14200,14,Hariyama,,0,38.05%,2538,95.34%,130400,118,Hariyama,,0,,,,,,,,,
75,Chimecho,,358,♂,955,100,14,14,13,91.1,15.0,15.0,,,,"2026-07-02 18:22",12/16/2023,,,0,0,0,1900,69.18%,1263,95.70%,41900,39,Chimecho,,0,98.83%,49,98.65%,466400,268,Chimecho,,0,,,,,,,,,
76,Meloetta,Aria,648,,1648,121,12,10,10,71.1,15.0,15.0,,,,"2026-07-02 18:21",12/16/2023,,,0,0,0,1900,,,,,,,,,31.92%,2789,94.82%,35400,33,Meloetta,Aria,0,,,,,,,,,
77,Slowbro,Galar,80,♂,1669,151,9,13,11,73.3,25.0,25.0,,,,"2026-07-02 18:21",12/16/2023,,,0,0,0,4000,,,,,,,,,73.82%,1073,96.77%,306000,220,Slowbro,Galar,0,,,,,,,,,
78,Charizard,Normal,6,♂,2493,148,10,10,12,71.1,33.0,33.0,,,,"2026-07-02 18:21",,,,0,0,0,0,,,,,,,,,63.83%,1482,96.38%,0,0,Charizard,Normal,0,,,,,,,,,
79,Pikachu,Normal,25,♂,392,64,14,13,13,88.9,15.0,15.0,,,,"2026-07-02 18:21",12/19/2023,,,0,0,0,1900,16.43%,3423,92.71%,45400,92,Raichu,Normal,0,99.00%,42,97.63%,496400,318,Raichu,Normal,0,59.17%,1673,92.63%,16400,16,Pikachu,Normal,0,
80,Bronzong,,437,,1908,132,15,10,14,86.7,30.5,30.5,,,,"2026-07-02 18:21",,,,0,0,0,5000,,,,,,,,,99.32%,29,98.93%,395000,178,Bronzong,,0,,,,,,,,,
81,Furfrou,,676,♂,895,100,14,15,13,93.3,15.0,15.0,,,,"2026-07-02 18:21",1/1/2024,,,0,0,0,1900,57.14%,1756,95.27%,52400,48,Furfrou,,0,99.76%,11,98.83%,496400,268,Furfrou,,0,,,,,,,,,
82,Decidueye,Normal,724,♂,2013,139,0,7,12,42.2,28.0,28.0,,,,"2026-07-02 18:21",1/6/2024,,,0,0,0,4500,,,,,,,,,95.60%,181,98.50%,159000,183,Decidueye,Normal,0,,,,,,,,,
83,Medicham,Normal,308,♂,1121,117,15,12,11,84.4,28.0,28.0,,,,"2026-07-02 18:21",,,,0,0,0,4500,78.10%,898,95.45%,294000,198,Medicham,Normal,0,97.90%,87,96.13%,419000,198,Medicham,Normal,0,,,,,,,,,
84,Garbodor,,569,♂,2140,156,15,9,15,86.7,35.0,35.0,,,,"2026-07-02 18:21",2/13/2024,,,0,0,0,0,,,,,,,,,79.51%,840,96.41%,239000,118,Garbodor,,0,,,,,,,,,
85,Skitty,,300,♀,637,113,14,12,15,91.1,32.0,32.0,,,,"2026-07-02 18:21",7/12/7074,,,0,0,0,6000,66.23%,1384,94.34%,159000,212,Delcatty,,0,99.19%,34,97.22%,378000,212,Delcatty,,0,,,,,,,,,
86,Rockruff,,744,♂,530,82,15,14,10,86.7,20.0,20.0,,,,"2026-07-02 18:21",7/15/7074,,,0,0,0,2500,98.27%,72,94.80%,475000,248,Rockruff,,0,48.18%,2123,95.77%,145000,190,Lycanroc,Dusk,0,,,,,,,,,
87,Mew,,151,,1381,123,15,10,14,86.7,15.0,15.0,,,,"2026-07-02 18:21",2/15/2024,,,0,0,0,1900,21.78%,3204,93.54%,3800,4,Mew,,0,35.85%,2628,95.23%,68400,62,Mew,,0,,,,,,,,,
88,Furfrou,,676,♂,880,99,12,15,11,84.4,15.0,15.0,,,,"2026-07-02 18:21",2/21/2024,,,0,0,0,1900,72.94%,1109,96.08%,56400,51,Furfrou,,0,97.61%,99,96.53%,496400,268,Furfrou,,0,,,,,,,,,
89,Rotom,Normal,479,,854,76,15,13,11,86.7,15.0,15.0,,,,"2026-07-02 18:21",,,,0,0,0,1900,21.29%,3224,93.27%,60400,54,Rotom,Normal,0,98.00%,83,96.52%,496400,268,Rotom,Normal,0,,,,,,,,,
90,Empoleon,,395,♂,1214,107,13,14,10,82.2,15.0,15.0,,,,"2026-07-02 18:21",,,,0,1,0,2280,73.24%,1097,95.58%,17040,21,Empoleon,,1,46.96%,2173,95.89%,134880,134,Empoleon,,1,,,,,,,,,
91,Dialga,Origin,483,,2291,129,12,15,11,84.4,20.0,20.0,,,,"2026-07-02 18:21",,,,0,0,0,2500,,,,,,,,,39.46%,2480,95.14%,8000,7,Dialga,Origin,0,,,,,,,,,
92,Roserade,,407,♂,218,36,13,13,15,91.1,3.0,3.0,,,,"2026-07-02 18:21",2/24/2024,,,0,0,0,400,45.71%,2224,95.03%,32600,42,Roserade,,0,45.25%,2243,96.04%,114200,114,Roserade,,0,60.95%,1600,91.91%,2800,6,Roserade,,0,
93,Cherubi,,420,,411,75,1,12,5,40.0,18.0,18.0,,,,"2026-07-02 18:21",2/25/2024,,,0,0,0,2200,88.91%,455,97.14%,69900,112,Cherrim,,0,30.74%,2837,85.58%,484400,306,Cherrim,,0,82.44%,720,94.66%,17400,15,Cherubi,,0,
94,Pikachu,Normal,25,♂,668,82,11,11,8,66.7,27.0,27.0,,,,"2026-07-02 18:21",,,,0,0,0,4500,80.76%,789,88.03%,428000,206,Pikachu,Normal,0,79.24%,851,91.67%,428000,256,Raichu,Normal,0,,,,,,,,,
95,Pikachu,Normal,25,♀,12,11,12,13,9,75.6,1.0,1.0,,,,"2026-07-02 18:21",2/25/2024,,,0,0,0,200,75.56%,1002,95.64%,76000,134,Raichu,Normal,0,91.01%,369,93.94%,520000,354,Raichu,Normal,0,34.99%,2663,90.96%,42500,54,Pikachu,Normal,0,
96,Nidorino,,33,♂,222,54,13,11,13,82.2,6.0,6.0,,,,"2026-07-02 18:21",2/4/9074,,,0,0,0,600,92.01%,328,96.90%,472400,294,Nidorino,,0,32.14%,2780,95.12%,256400,379,Nidoking,,0,80.51%,799,94.56%,13600,18,Nidorino,,0,
97,Dodrio,,85,♂,1003,86,15,14,13,93.3,15.0,15.0,,,,"2026-07-02 18:21",3/6/2024,,,0,0,0,1900,30.70%,2839,93.90%,32400,30,Dodrio,,0,74.92%,1028,95.74%,358400,268,Dodrio,,0,,,,,,,,,
98,Sirfetch’d,,865,♂,1679,102,13,13,14,88.9,20.0,20.0,,,,"2026-07-02 18:21",3/9/2024,,,0,0,0,2500,,,,,,,,,40.71%,2429,95.50%,70000,62,Sirfetch’d,,0,,,,,,,,,
99,Litleo,,667,♀,1110,122,11,15,15,91.1,28.0,28.0,,,,"2026-07-02 18:21",2/10/7094,,,0,0,0,4500,95.56%,183,97.20%,307000,198,Litleo,,0,75.85%,990,97.01%,67000,114,Pyroar,,0,,,,,,,,,
100,Shiinotic,,756,♂,797,87,15,15,15,100.0,15.0,15.0,,,,"2026-07-02 18:21",,,,0,0,0,1900,46.40%,2196,94.92%,77400,70,Shiinotic,,0,100.00%,1,100%,496400,268,Shiinotic,,0,,,,,,,,,
101,Bronzor,,436,,169,72,9,15,15,86.7,11.0,11.0,,,,"2026-07-02 18:20",3/11/2024,,,0,0,0,1300,76.85%,949,96.34%,57000,108,Bronzong,,0,97.36%,109,97.70%,508000,334,Bronzong,,0,56.83%,1769,90.28%,163000,158,Bronzor,,0,
102,Woobat,,527,♂,760,122,12,15,13,88.9,27.0,27.0,,,,"2026-07-02 18:20",2/19/7074,,,0,0,0,4500,73.92%,1069,96.60%,56000,100,Swoobat,,0,99.22%,33,97.65%,428000,256,Swoobat,,0,,,,,,,,,
103,Slowking,Normal,199,♂,916,111,14,5,15,75.6,13.0,13.0,,,,"2026-07-02 18:20",3/14/2024,,,0,1,0,1921,19.95%,3279,93.23%,39364,48,Slowking,Normal,1,25.59%,3048,94.73%,327364,360,Slowking,Normal,1,,,,,,,,,
104,Qwilfish,Normal,211,♀,867,92,15,11,15,91.1,15.0,15.0,,,,"2026-07-02 18:20",3/14/2024,,,0,0,0,1900,26.79%,2999,93.92%,56400,51,Qwilfish,Normal,0,99.12%,37,97.39%,496400,268,Qwilfish,Normal,0,,,,,,,,,
105,Celebi,,251,,1378,123,13,13,14,88.9,15.0,15.0,,,,"2026-07-02 18:20",3/14/2024,,,0,0,0,1900,29.55%,2886,93.98%,3800,4,Celebi,,0,46.89%,2176,95.67%,68400,62,Celebi,,0,,,,,,,,,
106,Tentacool,,72,,356,63,8,13,12,73.3,13.0,13.0,,,,"2026-07-02 18:20",2/15/7074,,,0,1,0,1921,52.45%,1948,95.12%,50164,110,Tentacruel,,1,90.16%,404,97.20%,278400,258,Tentacruel,,2,59.10%,1676,92.46%,22084,30,Tentacool,,1,
107,Gigalith,,526,♂,908,88,14,13,12,86.7,10.0,10.0,,,,"2026-07-02 18:20",3/15/2024,,,0,0,0,1000,75.07%,1022,95.98%,19300,24,Gigalith,,0,75.16%,1018,96.75%,86500,84,Gigalith,,0,,,,,,,,,
108,Lickilicky,,463,♂,1047,131,14,15,13,93.3,15.0,15.0,,,,"2026-07-02 18:20",,,,0,0,0,1900,15.36%,3467,92.96%,26400,24,Lickilicky,,0,46.52%,2191,95.11%,277400,268,Lickilicky,,0,,,,,,,,,
109,Incineroar,,727,♂,1261,119,14,10,15,86.7,15.0,15.0,,,,"2026-07-02 18:20",2/16/7074,,,0,0,0,1900,32.09%,2782,94.09%,9800,10,Incineroar,,0,28.89%,2913,95.08%,91400,82,Incineroar,,0,,,,,,,,,
110,Victreebel,Normal,71,♀,506,75,4,9,12,55.6,8.0,8.0,,,,"2026-07-02 18:20",,,,0,1,0,961,69.96%,1231,95.90%,66726,88,Victreebel,Normal,1,91.23%,360,97.86%,563526,384,Victreebel,Normal,1,,,,,,,,,
111,Incineroar,,727,♂,3048,186,11,14,15,88.9,43.0,43.0,,,,"2026-07-02 18:20",3/16/2024,,,0,0,0,12000,,,,,,,,,,,,,,,,,,,,,,,,,
112,Salamence,Normal,373,♂,1334,108,9,11,10,66.7,13.0,13.0,,,,"2026-07-02 18:20",2/16/7074,,,0,1,0,1921,76.63%,958,96.15%,5763,9,Salamence,Normal,1,37.31%,2568,95.33%,62164,72,Salamence,Normal,1,,,,,,,,,
113,Kyogre,Normal,382,,874,79,9,7,6,48.9,8.0,8.0,,,,"2026-07-02 18:20",3/16/2024,,,0,1,0,961,79.00%,861,96.20%,14883,27,Kyogre,Normal,1,66.15%,1387,96.31%,63126,84,Kyogre,Normal,1,,,,,,,,,
114,Snorlax,,143,♂,1358,177,12,15,13,88.9,15.0,15.0,,,,"2026-07-02 18:20",3/16/2024,,,0,0,0,0,84.49%,636,96.60%,5700,6,Snorlax,,0,70.23%,1220,96.72%,72900,66,Snorlax,,0,,,,,,,,,
115,Pineco,,204,♂,232,55,13,3,12,62.2,8.0,8.0,,,,"2026-07-02 18:20",2/17/7074,,,0,1,0,961,37.44%,2563,94.37%,75126,146,Forretress,,1,92.72%,299,97.64%,391100,260,Forretress,,2,52.58%,1943,92.06%,29766,48,Pineco,,1,
116,Croagunk,,453,,205,55,10,15,14,86.7,8.0,8.0,,,,"2026-07-02 18:20",3/18/2024,,,0,1,0,961,89.23%,442,96.62%,55926,126,Toxicroak,,1,82.03%,737,97.34%,366726,434,Toxicroak,,1,84.27%,645,94.96%,40326,60,Croagunk,,1,
117,Honchkrow,,430,♀,1122,121,11,13,10,75.6,15.0,15.0,,,,"2026-07-02 18:20",3/18/2024,,,0,1,0,2280,89.04%,450,96.79%,25680,30,Honchkrow,,1,69.84%,1236,96.56%,218880,237,Honchkrow,,1,,,,,,,,,
118,Tyranitar,Normal,248,♀,3712,186,13,10,12,77.8,39.5,39.5,,,,"2026-07-02 18:20",,,,0,0,0,10000,,,,,,,,,,,,,,,,,,,,,,,,,
119,Kricketune,,402,♀,696,102,14,13,14,91.1,15.0,15.0,,,,"2026-07-02 18:20",3/19/2024,,,0,0,0,1900,61.51%,1577,95.36%,151400,142,Kricketune,,0,99.19%,34,97.11%,496400,268,Kricketune,,0,,,,,,,,,
120,Tangrowth,,465,♂,1734,146,7,11,15,73.3,21.0,21.0,,,,"2026-07-02 18:20",,,,0,0,0,3000,,,,,,,,,91.48%,350,98.24%,75000,66,Tangrowth,,0,,,,,,,,,
121,Venusaur,Normal,3,♂,1654,125,15,14,12,91.1,21.5,21.5,,,,"2026-07-02 18:20",3/21/2024,,,0,0,0,3000,,,,,,,,,30.65%,2841,95.21%,122000,115,Venusaur,Normal,0,,,,,,,,,
122,Houndour,,228,♀,263,53,12,9,14,77.8,8.0,8.0,,,,"2026-07-02 18:20",3/22/2024,,,0,1,0,961,61.81%,1565,95.45%,49326,119,Houndoom,Normal,1,69.30%,1258,96.72%,135300,197,Houndoom,Normal,2,23.76%,3123,90.97%,18725,33,Houndour,,1,
123,Wobbuffet,,202,♂,733,265,15,15,15,100.0,25.0,25.0,,,,"2026-07-02 18:20",3/22/2024,,,0,0,0,4000,100.00%,1,100%,444000,220,Wobbuffet,,0,100.00%,1,100%,444000,220,Wobbuffet,,0,,,,,,,,,
124,Poochyena,,261,♀,342,70,15,13,14,93.3,18.0,18.0,,,,"2026-07-02 18:20",3/25/2024,,,0,0,0,2200,64.54%,1453,95.97%,60900,104,Mightyena,,0,99.56%,19,98.01%,484400,306,Mightyena,,0,43.69%,2307,91.14%,48400,42,Poochyena,,0,
125,Ambipom,,424,,1033,101,15,14,15,97.8,15.0,15.0,,,,"2026-07-02 18:20",3/27/2024,,,0,0,0,1900,48.67%,2103,94.89%,29400,27,Ambipom,,0,65.30%,1422,96.04%,299400,268,Ambipom,,0,,,,,,,,,
126,Mismagius,,429,♀,1096,85,14,14,10,84.4,15.0,15.0,,,,"2026-07-02 18:20",,,,0,0,0,1900,69.79%,1238,95.39%,23900,22,Mismagius,,0,32.67%,2758,95.07%,208400,214,Mismagius,,0,,,,,,,,,
127,Groudon,Normal,383,,894,81,12,7,11,66.7,8.0,8.0,,,,"2026-07-02 18:19",3/30/2024,,,0,1,0,0,49.55%,2067,94.54%,12962,24,Groudon,Normal,1,72.97%,1108,96.61%,59526,80,Groudon,Normal,1,,,,,,,,,
128,Cacnea,,331,♀,500,77,10,11,12,73.3,15.0,15.0,,,,"2026-07-02 18:19",,,,0,0,0,1900,49.26%,2079,94.74%,41900,89,Cacturne,,0,91.99%,329,96.75%,496400,318,Cacturne,,0,92.50%,308,95.86%,0,0,Cacnea,,0,
129,Murkrow,,198,♂,255,53,15,15,12,93.3,6.0,6.0,,,,"2026-07-02 18:19",2/20/7094,,,0,0,0,600,55.02%,1843,95.05%,219400,228,Murkrow,,0,48.16%,2124,95.70%,171400,268,Honchkrow,,0,64.42%,1458,92.48%,600,101,Honchkrow,,0,
130,Dewgong,,87,♂,1615,153,15,15,7,82.2,29.0,29.0,,,,"2026-07-02 18:19",4/1/2024,,,0,0,0,5000,,,,,,,,,97.39%,108,96.24%,410000,190,Dewgong,,0,,,,,,,,,
131,Crawdaunt,,342,♂,1862,117,14,14,9,82.2,27.0,27.0,,,,"2026-07-02 18:19",4/1/2024,,,0,0,0,4500,,,,,,,,,44.54%,2272,95.46%,231000,206,Crawdaunt,,0,,,,,,,,,
132,Pawmot,,923,♀,2292,138,15,12,15,93.3,31.5,31.5,,,,"2026-07-02 18:19",,,,0,0,0,6000,,,,,,,,,61.81%,1565,96.63%,78000,90,Pawmot,,0,,,,,,,,,
133,Croagunk,,453,♂,404,76,15,14,14,95.6,15.0,15.0,,,,"2026-07-02 18:19",4/1/2024,,,0,0,0,1900,47.94%,2133,94.36%,26400,74,Toxicroak,,0,50.62%,2023,95.86%,256400,318,Toxicroak,,0,73.60%,1082,93.97%,14200,14,Croagunk,,0,
134,Garchomp,Normal,445,♀,1662,129,12,14,11,82.2,15.0,15.0,,,,"2026-07-02 18:19",4/1/2024,,,0,0,0,1900,,,,,,,,,84.00%,656,97.07%,35400,33,Garchomp,Normal,0,,,,,,,,,
135,Slowbro,Normal,80,♀,922,109,13,13,11,82.2,13.0,13.0,,,,"2026-07-02 18:19",4/2/2024,,,0,0,0,1600,48.42%,2113,94.70%,32800,32,Slowbro,Normal,0,44.71%,2265,95.56%,262800,276,Slowbro,Normal,0,,,,,,,,,
136,Crobat,,169,♂,2396,158,15,14,12,91.1,34.0,34.0,,,,"2026-07-02 18:19",4/7/9074,,,0,0,0,0,,,,,,,,,32.65%,2759,95.18%,38000,46,Crobat,,0,,,,,,,,,
137,Dubwool,,832,♂,918,96,13,15,11,86.7,15.0,15.0,,,,"2026-07-02 18:19",4/3/2024,,,0,0,0,1900,69.67%,1243,95.84%,48900,45,Dubwool,,0,98.51%,62,97.00%,496400,268,Dubwool,,0,,,,,,,,,
138,Machamp,,68,♂,910,95,15,14,13,93.3,10.5,10.5,,,,"2026-07-02 18:19",4/7/2024,,,0,1,0,0,42.22%,2367,94.66%,24244,38,Machamp,,1,64.62%,1450,96.38%,29550,29,Machamp,,2,,,,,,,,,
139,Jirachi,,385,,1374,124,13,11,15,86.7,15.0,15.0,,,,"2026-07-02 18:19",4/7/2024,,,0,0,0,1900,27.20%,2982,93.87%,3800,4,Jirachi,,0,39.93%,2461,95.38%,68400,62,Jirachi,,0,,,,,,,,,
140,Zarude,,893,,1629,128,14,13,15,93.3,15.0,15.0,,,,"2026-07-02 18:19",4/7/2024,,,0,0,0,1900,,,,,,,,,78.75%,871,97.11%,38400,36,Zarude,,0,,,,,,,,,
141,Mantine,,226,,1706,123,14,15,9,84.4,29.0,29.0,,,,"2026-07-02 18:19",4/7/7074,,,0,0,0,0,,,,,,,,,96.87%,129,96.05%,410000,190,Mantine,,0,,,,,,,,,
142,Probopass,,476,♀,91,28,15,10,14,86.7,2.0,2.0,,,,"2026-07-02 18:19",4/7/2024,,,0,0,0,200,52.50%,1946,94.47%,79600,85,Probopass,,0,99.32%,29,98.28%,519600,302,Probopass,,0,62.49%,1537,92.67%,6800,13,Probopass,,0,
143,Salamence,Normal,373,,1591,118,15,13,13,91.1,15.0,15.0,,,,"2026-07-02 18:18",4/7/7074,,,0,0,0,1900,,,,,,,,,79.71%,832,97.02%,41900,39,Salamence,Normal,0,,,,,,,,,
144,Cherubi,,420,♀,294,64,6,1,5,26.7,13.0,13.0,,,,"2026-07-02 18:18",4/7/2024,,,0,0,0,1600,18.61%,3334,93.32%,88300,132,Cherrim,,0,8.69%,3740,82.21%,502800,326,Cherrim,,0,43.47%,2316,91.70%,38800,38,Cherubi,,0,
145,Arbok,,24,♂,301,52,12,12,7,68.9,6.0,6.0,,,,"2026-07-02 18:18",4/17/7074,,,0,0,0,600,32.53%,2764,94.23%,101900,100,Arbok,,0,85.98%,575,92.51%,516400,294,Arbok,,0,64.98%,1435,93.25%,5400,7,Arbok,,0,
146,Poliwrath,,62,♂,1649,140,15,6,12,73.3,23.0,23.0,,,,"2026-07-02 18:18",4/17/7074,,,0,1,0,4200,,,,,,,,,32.33%,2772,95.12%,159600,185,Poliwrath,,2,,,,,,,,,
147,Heracross,Normal,214,♂,1722,120,13,11,11,77.8,20.0,20.0,,,,"2026-07-02 18:18",4/13/2024,,,0,0,0,2500,,,,,,,,,59.85%,1645,96.28%,65000,58,Heracross,Normal,0,,,,,,,,,
148,Ninjask,,291,♂,1210,107,11,14,15,88.9,22.0,22.0,,,,"2026-07-02 18:18",4/13/2024,,,0,0,0,3000,70.74%,1199,95.77%,36000,32,Ninjask,,0,99.05%,40,97.36%,464000,238,Ninjask,,0,,,,,,,,,
149,Dustox,,269,♂,89,36,15,10,15,88.9,3.0,3.0,,,,"2026-07-02 18:18",4/13/2024,,,0,0,0,400,99.05%,40,97.18%,519200,300,Dustox,,0,99.05%,40,97.18%,519200,300,Dustox,,0,51.67%,1980,92.05%,21200,30,Dustox,,0,
150,Beautifly,,267,♀,845,92,15,13,13,91.1,17.0,17.0,,,,"2026-07-02 18:18",4/13/2024,,,0,0,0,2200,40.12%,2453,94.74%,88800,78,Beautifly,,0,99.15%,36,97.54%,488800,260,Beautifly,,0,,,,,,,,,
151,Cherrim,,421,♀,1352,121,6,10,10,57.8,25.0,25.0,,,,"2026-07-02 18:18",4/14/2024,,,0,0,0,4000,72.94%,1109,96.06%,20500,18,Cherrim,,0,64.79%,1443,89.36%,444000,220,Cherrim,,0,,,,,,,,,
152,Furfrou,,676,♂,878,99,12,14,11,82.2,15.0,15.0,,,,"2026-07-02 18:18",4/17/2024,,,0,0,0,1900,63.20%,1508,95.55%,56400,51,Furfrou,,0,96.68%,137,96.00%,496400,268,Furfrou,,0,,,,,,,,,
153,Hypno,,97,♂,1482,141,15,13,14,93.3,25.0,25.0,,,,"2026-07-02 18:18",4/17/2024,,,0,1,0,4800,52.43%,1949,94.86%,3000,3,Hypno,,2,100.00%,1,100%,402600,213,Hypno,,2,,,,,,,,,
154,Teddiursa,,216,♂,288,63,14,10,13,82.2,8.0,8.0,,,,"2026-07-02 18:18",4/18/2024,,,0,1,0,961,99.19%,34,97.22%,402600,213,Teddiursa,,2,67.96%,1313,96.81%,42600,86,Ursaring,,2,51.53%,1986,93.01%,14883,27,Teddiursa,,1,
155,Victreebel,Normal,71,♀,2348,158,15,14,14,95.6,38.0,38.0,,,,"2026-07-02 18:18",,,,0,0,0,9000,,,,,,,,,63.57%,1493,96.05%,91000,54,Victreebel,Normal,0,,,,,,,,,
156,Leavanny,,542,♂,1755,126,15,14,13,93.3,24.0,24.0,,,,"2026-07-02 18:18",4/20/2024,,,0,0,0,3500,,,,,,,,,45.59%,2229,95.85%,163000,172,Leavanny,,0,,,,,,,,,
157,Scizor,Normal,212,♂,2714,142,11,11,15,82.2,35.0,35.0,,,,"2026-07-02 18:18",,,,0,0,0,0,,,,,,,,,,,,,,,,,,,,,,,,,
158,Oddish,,43,♂,375,62,15,9,14,84.4,11.0,11.0,,,,"2026-07-02 18:18",4/25/2024,,,0,0,0,1300,24.49%,3093,93.86%,149000,167,Gloom,,0,91.48%,350,97.30%,464000,409,Bellossom,,0,47.55%,2149,92.39%,10000,14,Oddish,,0,
159,Victini,,494,,1362,123,12,10,14,80.0,15.0,15.0,,,,"2026-07-02 18:18",4/25/2024,,,0,0,0,1900,82.34%,724,96.68%,5700,6,Victini,,0,75.80%,992,96.86%,72900,66,Victini,,0,,,,,,,,,
160,Paras,,46,♂,698,82,13,11,13,82.2,25.0,25.0,,,,"2026-07-02 18:18",4/27/2024,,,0,0,0,4000,46.30%,2200,94.90%,34000,80,Parasect,,0,96.80%,132,95.75%,444000,270,Parasect,,0,,,,,,,,,
161,Spearow,,21,♀,228,57,15,15,15,100.0,10.0,10.0,,,,"2026-07-02 18:18",,,,0,0,0,1000,53.06%,1923,94.83%,74000,122,Fearow,,0,100.00%,1,100%,510000,336,Fearow,,0,39.19%,2491,90.94%,43000,45,Spearow,,0,
162,Pichu,,172,♂,268,59,15,14,15,97.8,20.0,20.0,,,,"2026-07-02 18:18",,,,0,0,0,2500,72.04%,1146,95.44%,24000,97,Raichu,Normal,0,99.90%,5,99.40%,475000,323,Raichu,Normal,0,97.88%,88,95.68%,337000,248,Pichu,,0,
163,Dwebble,,557,♂,240,55,0,15,10,55.6,8.0,8.0,,,,"2026-07-02 18:18",4/28/2024,,,0,1,0,961,99.58%,18,99.21%,63126,134,Crustle,,1,98.58%,59,98.92%,267600,258,Crustle,,2,89.33%,438,95.49%,25206,42,Dwebble,,1,
164,Clefairy,,35,♀,454,93,14,13,15,93.3,14.0,14.0,,,,"2026-07-02 18:18",4/30/2024,,,0,0,0,1600,45.67%,2226,94.71%,32600,81,Clefable,,0,54.48%,1865,95.42%,302600,322,Clefable,,0,16.85%,3406,90.22%,3200,4,Clefairy,,0,
165,Oddish,,43,♂,440,66,13,13,11,82.2,13.0,13.0,,,,"2026-07-02 18:18",4/30/2024,,,0,0,0,1600,76.17%,977,96.36%,32800,157,Vileplume,,0,96.51%,144,98.17%,487800,401,Bellossom,,0,34.36%,2689,91.52%,4800,6,Oddish,,0,
166,Alakazam,Normal,65,♂,1717,94,15,11,13,86.7,20.0,20.0,,,,"2026-07-02 18:18",5/7/7074,,,0,0,0,2500,,,,,,,,,57.17%,1755,96.12%,65000,58,Alakazam,Normal,0,,,,,,,,,
167,Chimchar,,390,♀,192,53,2,14,15,68.9,8.0,8.0,,,,"2026-07-02 18:18",5/2/7074,,,0,1,0,961,99.66%,15,99.18%,379926,409,Monferno,,1,99.49%,22,99.13%,292326,471,Infernape,,1,99.07%,39,98.52%,9842,43,Monferno,,1,
168,Gligar,,207,♀,767,90,11,15,11,82.2,15.0,15.0,,,,"2026-07-02 18:18",5/5/2024,,,0,0,0,1900,71.84%,1154,96.14%,21400,120,Gliscor,,0,68.62%,1286,96.62%,190400,290,Gliscor,,0,,,,,,,,,
169,Zangoose,,335,♂,977,95,5,3,2,22.2,16.0,16.0,,,,"2026-07-02 18:17",5/6/2024,,,0,0,0,1900,53.60%,1901,94.99%,45100,41,Zangoose,,0,6.28%,3839,90.27%,492600,264,Zangoose,,0,,,,,,,,,
170,Poliwrath,,62,♂,2409,168,15,13,12,88.9,36.0,36.0,,,,"2026-07-02 18:17",5/6/2024,,,0,0,0,0,,,,,,,,,47.96%,2132,95.77%,43000,56,Poliwrath,,0,,,,,,,,,
171,Annihilape,,979,♀,1383,130,15,14,10,86.7,15.0,15.0,,,,"2026-07-02 18:17",5/7/2024,,,0,0,0,1900,31.01%,2826,94.19%,3800,4,Annihilape,,0,47.69%,2143,95.72%,68400,62,Annihilape,,0,,,,,,,,,
172,Drilbur,,529,♀,890,108,14,13,15,93.3,23.0,23.0,,,,"2026-07-02 18:17",5/10/2024,,,0,0,0,3500,98.02%,82,97.91%,400000,232,Drilbur,,0,57.44%,1744,95.86%,30000,76,Excadrill,,0,,,,,,,,,
173,Dubwool,,832,♀,929,96,15,15,11,91.1,15.0,15.0,,,,"2026-07-02 18:17",5/10/2024,,,0,0,0,1900,37.24%,2571,94.21%,45400,42,Dubwool,,0,99.54%,20,98.13%,496400,268,Dubwool,,0,,,,,,,,,
174,Turtwig,,387,♂,258,58,15,10,11,80.0,8.0,8.0,,,,"2026-07-02 18:17",,,,0,1,0,961,37.05%,2579,94.42%,25500,47,Grotle,,2,27.86%,2955,95.23%,42600,153,Torterra,,2,63.32%,1503,94.36%,3122,31,Grotle,,1,
175,Tauros,Normal,128,♂,2294,141,13,15,8,80.0,33.0,33.0,,,,"2026-07-02 18:17",5/14/2024,,,0,0,0,7000,,,,,,,,,41.20%,2409,95.83%,87000,108,Tauros,Normal,0,,,,,,,,,
176,Magcargo,,219,♂,722,78,14,15,14,95.6,15.0,15.0,,,,"2026-07-02 18:17",5/15/2024,,,0,0,0,1900,45.52%,2232,94.57%,118400,106,Magcargo,,0,99.76%,11,98.57%,496400,268,Magcargo,,0,,,,,,,,,
177,Gyarados,Normal,130,♂,2393,153,15,11,14,88.9,25.0,25.0,,,,"2026-07-02 18:17",5/16/7074,,,0,0,0,4000,,,,,,,,,54.55%,1862,95.47%,8000,6,Gyarados,Normal,0,,,,,,,,,
178,Gyarados,Normal,130,♀,1906,137,14,10,15,86.7,20.0,20.0,,,,"2026-07-02 18:17",,,,0,0,0,2500,,,,,,,,,47.67%,2144,95.21%,39000,34,Gyarados,Normal,0,,,,,,,,,
179,Blitzle,,522,♂,174,52,10,3,12,55.6,8.0,8.0,,,,"2026-07-02 18:17",5/17/2024,,,0,1,0,961,32.80%,2753,94.36%,66726,138,Zebstrika,,1,52.11%,1962,95.34%,546726,434,Zebstrika,,1,32.92%,2748,90.96%,63126,84,Blitzle,,1,
180,Natu,,177,♂,521,71,15,14,9,84.4,17.0,17.0,,,,"2026-07-02 18:17",5/17/2024,,,0,0,0,2200,10.65%,3660,92.69%,37800,84,Xatu,,0,97.26%,113,96.04%,488800,310,Xatu,,0,,,,,,,,,
181,Snorunt,,361,♂,186,56,10,10,14,75.6,8.0,8.0,,,,"2026-07-02 18:17",5/17/2024,,,0,1,0,961,73.72%,1077,96.24%,6600,96,Glalie,Normal,2,98.56%,60,96.64%,402600,303,Glalie,Normal,2,57.07%,1759,92.31%,52326,72,Snorunt,,1,
182,Yanma,,193,♀,527,84,10,15,13,84.4,13.0,13.0,,,,"2026-07-02 18:17",5/18/2024,,,0,0,0,1600,93.99%,247,97.09%,352800,276,Yanma,,0,70.11%,1225,96.66%,107800,198,Yanmega,,0,,,,,,,,,
183,Banette,Normal,354,♂,471,60,6,12,0,40.0,8.0,8.0,,,,"2026-07-02 18:17",5/18/2024,,,0,1,0,961,73.21%,1098,95.40%,83526,104,Banette,Normal,1,61.66%,1571,92.73%,402600,213,Banette,Normal,2,8.33%,3755,88.16%,0,0,Banette,Normal,1,
184,Togekiss,,468,♂,909,87,9,11,10,66.7,10.0,10.0,,,,"2026-07-02 18:17",5/19/2024,,,0,0,0,1000,88.35%,478,97.03%,19300,24,Togekiss,,0,83.96%,658,97.04%,86500,84,Togekiss,,0,,,,,,,,,
185,Tsareena,,763,,961,86,13,14,14,91.1,11.5,11.5,,,,"2026-07-02 18:17",5/19/2024,,,0,0,0,1300,27.45%,2972,93.51%,20100,24,Tsareena,,0,18.24%,3349,94.52%,101700,96,Tsareena,,0,,,,,,,,,
186,Palossand,,770,♂,1026,109,14,11,13,84.4,15.0,15.0,,,,"2026-07-02 18:17",,,,0,0,0,1900,12.77%,3573,93.06%,29400,27,Palossand,,0,33.19%,2737,94.72%,310400,268,Palossand,,0,,,,,,,,,
187,Tentacool,,72,♂,678,85,15,15,13,95.6,23.0,23.0,,,,"2026-07-02 18:17",5/24/2024,,,0,0,0,3500,99.83%,8,98.23%,458000,232,Tentacool,,0,41.90%,2380,94.58%,261000,282,Tentacruel,,0,,,,,,,,,
188,Pidgeot,Normal,18,♂,1177,124,10,15,13,84.4,20.0,20.0,,,,"2026-07-02 18:17",5/24/2024,,,0,0,0,2500,36.09%,2618,93.99%,31000,28,Pidgeot,Normal,0,97.68%,96,96.13%,475000,248,Pidgeot,Normal,0,,,,,,,,,
189,Dragonite,Normal,149,♂,1721,119,15,13,14,93.3,16.0,16.0,,,,"2026-07-02 18:17",5/24/2024,,,0,0,0,1900,,,,,,,,,43.76%,2304,95.21%,34600,32,Dragonite,Normal,0,,,,,,,,,
190,Mareanie,,747,♂,401,77,12,15,12,86.7,15.0,15.0,,,,"2026-07-02 18:17",5/24/2024,,,0,0,0,1900,35.21%,2654,93.72%,144400,184,Toxapex,,0,97.31%,111,96.14%,496400,318,Toxapex,,0,53.94%,1887,92.60%,14200,14,Mareanie,,0,
191,Nidoran♂,,32,♂,357,75,12,14,15,91.1,15.0,15.0,,,,"2026-07-02 18:17",5/24/2024,,,0,0,0,1900,97.34%,110,98.13%,424400,293,Nidorino,,0,62.00%,1557,96.29%,226400,363,Nidoking,,0,80.42%,803,95.23%,26400,24,Nidoran♂,,0,
192,Nidoqueen,,31,♀,1026,113,10,13,12,77.8,15.0,15.0,,,,"2026-07-02 18:16",5/24/2024,,,0,0,0,1900,32.72%,2756,94.13%,29400,27,Nidoqueen,,0,59.68%,1652,96.14%,310400,268,Nidoqueen,,0,,,,,,,,,
193,Electivire,,466,♂,2002,123,15,14,12,91.1,23.0,23.0,,,,"2026-07-02 18:16",5/28/2024,,,0,0,0,3500,,,,,,,,,40.66%,2431,95.57%,43500,38,Electivire,,0,,,,,,,,,
194,Ralts,,280,♂,310,68,14,12,13,86.7,21.0,21.0,,,,"2026-07-02 18:16",5/29/2024,,,0,0,0,3000,98.12%,78,94.65%,470000,269,Kirlia,,0,32.26%,2775,95.34%,55500,175,Gardevoir,Normal,0,57.44%,1744,90.23%,173000,178,Ralts,,0,
195,Amoonguss,,591,♂,1529,176,15,15,15,100.0,25.0,25.0,,,,"2026-07-02 18:16",6/4/2024,,,0,0,0,4000,,,,,,,,,100.00%,1,100%,444000,220,Amoonguss,,0,,,,,,,,,
196,Amoonguss,,591,,1529,176,15,15,15,100.0,25.0,25.0,,,,"2026-07-02 18:16",6/4/7074,,,0,0,0,4000,,,,,,,,,100.00%,1,100%,444000,220,Amoonguss,,0,,,,,,,,,
197,Diancie,Normal,719,,1271,80,15,13,12,88.9,16.5,16.5,,,,"2026-07-02 18:16",6/4/2024,,,0,0,0,1900,6.96%,3811,92.13%,10700,10,Diancie,Normal,0,36.41%,2605,95.14%,145700,136,Diancie,Normal,0,,,,,,,,,
198,Altaria,Normal,334,♀,828,100,12,10,13,77.8,15.0,15.0,,,,"2026-07-02 18:16",6/8/2024,,,0,0,0,1900,45.03%,2252,94.22%,68400,62,Altaria,Normal,0,94.95%,208,95.22%,496400,268,Altaria,Normal,0,,,,,,,,,
199,Goodra,Normal,706,♂,1477,114,12,13,15,88.9,15.0,15.0,,,,"2026-07-02 18:16",6/9/2024,,,0,0,0,1900,52.33%,1953,94.71%,0,0,Goodra,Normal,0,41.05%,2415,95.45%,52400,48,Goodra,Normal,0,,,,,,,,,
200,Goodra,Normal,706,♀,1480,113,15,11,12,84.4,15.0,15.0,,,,"2026-07-02 18:16",6/9/7074,,,0,0,0,1900,44.47%,2275,94.35%,0,0,Goodra,Normal,0,21.88%,3200,94.63%,52400,48,Goodra,Normal,0,,,,,,,,,
201,Cherubi,,420,♀,58,27,1,12,0,28.9,3.0,3.0,,,,"2026-07-02 18:16",6/9/2024,,,0,0,0,400,80.02%,819,96.49%,109200,160,Cherrim,,0,13.99%,3523,83.26%,519200,350,Cherrim,,0,80.98%,780,94.50%,55200,62,Cherubi,,0,
202,Kleavor,,900,♂,1761,111,11,14,14,86.7,20.0,20.0,,,,"2026-07-02 18:16",6/9/7074,,,0,0,0,2500,,,,,,,,,52.28%,1955,95.93%,56000,50,Kleavor,,0,,,,,,,,,
203,Throh,,538,♂,1723,179,13,12,15,88.9,24.0,24.0,,,,"2026-07-02 18:16",6/10/2024,,,0,0,0,3500,,,,,,,,,48.30%,2118,95.65%,191000,211,Throh,,0,,,,,,,,,
204,Trapinch,,328,♂,910,95,15,15,15,100.0,25.0,25.0,,,,"2026-07-02 18:16",6/11/2024,,,0,0,0,4000,100.00%,1,100%,444000,220,Trapinch,,0,49.18%,2082,95.95%,114000,237,Flygon,,0,,,,,,,,,
205,Beedrill,Normal,15,♂,396,62,15,10,4,64.4,8.0,8.0,,,,"2026-07-02 18:16",6/12/2024,,,0,1,0,961,33.19%,2737,94.33%,36100,35,Beedrill,Normal,2,91.23%,360,93.33%,400600,211,Beedrill,Normal,2,0.71%,4067,86.64%,3122,6,Beedrill,Normal,1,
206,Rhyhorn,,111,,355,75,11,13,10,75.6,8.0,8.0,,,,"2026-07-02 18:16",6/12/2024,,,0,1,0,961,78.44%,884,96.34%,29766,73,Rhydon,,1,64.42%,1458,95.94%,75126,221,Rhyperior,,1,73.55%,1084,94.58%,6722,12,Rhyhorn,,1,
207,Snubbull,,209,♀,1105,126,15,14,14,95.6,33.0,33.0,,,,"2026-07-02 18:16",6/13/2024,,,0,0,0,7000,99.88%,6,99.00%,366000,150,Snubbull,,0,36.97%,2582,95.12%,87000,158,Granbull,,0,,,,,,,,,
208,Machop,,66,♂,865,122,13,15,15,95.6,24.0,24.0,,,,"2026-07-02 18:16",6/15/2024,,,0,0,0,3500,75.34%,1011,96.21%,15000,37,Machoke,,0,44.57%,2271,95.61%,36500,157,Machamp,,0,,,,,,,,,
209,Staraptor,,398,♂,1021,102,13,10,14,82.2,13.0,13.0,,,,"2026-07-02 18:16",6/16/2024,,,0,1,0,1921,75.19%,1017,95.97%,27364,36,Staraptor,,1,71.04%,1187,96.90%,65800,65,Staraptor,,2,,,,,,,,,
210,Rhyhorn,,111,♂,1009,122,15,14,5,75.6,22.0,22.0,,,,"2026-07-02 18:16",6/17/2024,,,0,0,0,3000,13.99%,3523,92.84%,126000,120,Rhyhorn,,0,34.04%,2702,95.10%,45000,65,Rhydon,,0,,,,,,,,,
211,Misdreavus,,200,♂,421,62,14,11,11,80.0,8.0,8.0,,,,"2026-07-02 18:15",6/18/2024,,,0,1,0,961,59.78%,1648,94.91%,49326,169,Mismagius,,1,51.11%,2003,95.80%,135300,242,Mismagius,,2,13.82%,3530,89.03%,1922,4,Misdreavus,,1,
212,Venipede,,543,♂,352,62,15,15,8,84.4,18.0,18.0,,,,"2026-07-02 18:15",6/22/2024,,,0,0,0,2200,8.52%,3747,92.49%,17400,140,Scolipede,,0,40.34%,2444,95.10%,298400,381,Scolipede,,0,38.80%,2507,90.70%,44400,39,Venipede,,0,
213,Typhlosion,Normal,157,♂,1065,95,15,15,12,93.3,13.0,13.0,,,,"2026-07-02 18:15",6/22/2024,,,0,0,0,1600,40.17%,2451,94.31%,18400,20,Typhlosion,Normal,0,69.55%,1248,96.61%,112800,102,Typhlosion,Normal,0,,,,,,,,,
214,Dratini,,147,♀,360,65,14,10,14,84.4,13.0,13.0,,,,"2026-07-02 18:15",,,,0,1,0,1921,76.83%,950,96.45%,3842,131,Dragonite,Normal,1,8.72%,3739,93.52%,53764,189,Dragonite,Normal,1,58.46%,1702,93.39%,22084,30,Dratini,,1,
215,Meltan,,808,,393,69,15,14,14,95.6,13.0,13.0,,,,"2026-07-02 18:15",7/1/2024,,,0,0,0,1600,63.61%,1491,95.45%,4800,406,Melmetal,,0,15.53%,3460,94.23%,51800,450,Melmetal,,0,73.87%,1071,93.65%,12100,14,Meltan,,0,
216,Melmetal,,809,,4004,233,14,15,15,97.8,49.0,49.0,,,,"2026-07-02 18:15",,,,0,0,0,15000,,,,,,,,,,,,,,,,,,,,,,,,,
217,Raticate,Normal,20,♀,715,82,11,13,13,82.2,15.0,15.0,,,,"2026-07-02 18:15",7/1/2024,,,0,0,0,1900,53.11%,1921,94.93%,124400,112,Raticate,Normal,0,96.58%,141,95.03%,496400,268,Raticate,Normal,0,,,,,,,,,
218,Pikachu,Normal,25,♀,390,62,14,15,10,86.7,15.0,15.0,,,,"2026-07-02 18:15",7/1/2024,,,0,0,0,1900,78.41%,885,95.79%,48900,95,Raichu,Normal,0,97.97%,84,96.72%,496400,318,Raichu,Normal,0,45.84%,2219,91.71%,16400,16,Pikachu,Normal,0,
219,Delphox,,655,♂,355,52,14,9,10,73.3,4.5,4.5,,,,"2026-07-02 18:15",7/2/7074,,,0,0,0,400,31.79%,2794,94.03%,31400,39,Delphox,,0,42.03%,2375,95.81%,113000,111,Delphox,,0,75.19%,1017,93.58%,1600,3,Delphox,,0,
220,Hitmontop,,237,♂,440,51,8,11,0,42.2,8.0,8.0,,,,"2026-07-02 18:15",7/2/7074,,,0,1,0,961,22.81%,3162,93.38%,10200,9,Hitmontop,,2,48.55%,2108,88.11%,402600,213,Hitmontop,,2,77.14%,937,94.03%,1922,4,Hitmontop,,1,
221,Slowking,Normal,199,♂,636,91,12,15,12,86.7,9.0,9.0,,,,"2026-07-02 18:15",7/6/2024,,,0,0,0,1000,72.23%,1138,95.86%,42000,44,Slowking,Normal,0,54.80%,1852,95.97%,262000,288,Slowking,Normal,0,,,,,,,,,
222,Garchomp,Normal,445,♂,870,90,15,15,2,71.1,8.0,8.0,,,,"2026-07-02 18:15",7/6/2024,,,0,1,0,0,62.37%,1542,95.50%,14883,27,Garchomp,Normal,1,30.92%,2830,94.87%,63126,84,Garchomp,Normal,1,,,,,,,,,
223,Houndoom,Normal,229,♂,1835,130,9,15,15,86.7,25.0,25.0,,,,"2026-07-02 18:15",7/9/2024,,,0,0,0,4000,,,,,,,,,90.31%,398,97.85%,156000,166,Houndoom,Normal,0,,,,,,,,,
224,Swampert,Normal,260,♀,1636,142,10,11,13,75.6,20.0,20.0,,,,"2026-07-02 18:15",7/9/2024,,,0,0,0,2500,,,,,,,,,69.06%,1268,96.87%,85000,74,Swampert,Normal,0,,,,,,,,,
225,Blacephalon,,806,,1699,88,12,13,12,82.2,18.5,18.5,,,,"2026-07-02 18:15",7/9/2024,,,0,0,0,2200,,,,,,,,,68.06%,1309,96.46%,54200,48,Blacephalon,,0,,,,,,,,,
226,Walrein,,365,♂,1920,173,6,14,13,73.3,26.0,26.0,,,,"2026-07-02 18:15",7/9/2024,,,0,0,0,4000,,,,,,,,,84.20%,648,97.33%,139000,148,Walrein,,0,,,,,,,,,
227,Hydreigon,,635,♂,1533,116,14,12,14,88.9,15.0,15.0,Bite,Brutal Swing,,"2026-07-02 18:15",7/13/2024,109.84kg,1.41m,0,0,0,1900,,,,,,,,,21.78%,3204,94.58%,45400,42,Hydreigon,,0,,,,,,,,,
228,Necrozma,Normal,800,,2052,137,12,12,12,80.0,20.0,20.0,,,,"2026-07-02 18:15",7/12/7074,,,0,0,0,2500,,,,,,,,,40.00%,2458,95.59%,24000,22,Necrozma,Normal,0,,,,,,,,,
229,Pheromosa,,795,,1581,112,13,11,15,86.7,20.0,20.0,,,,"2026-07-02 18:15",7/13/2024,,,0,0,0,2500,,,,,,,,,70.67%,1202,96.26%,109000,98,Pheromosa,,0,,,,,,,,,
230,Pheromosa,,795,,2509,138,14,15,12,91.1,32.5,32.5,,,,"2026-07-02 18:15",7/13/2024,,,0,0,0,6000,,,,,,,,,,,,,,,,,,,,,,,,,
231,Unown,,201,,412,66,14,11,4,64.4,13.0,13.0,,,,"2026-07-02 18:15",7/13/2024,,,0,0,0,1600,77.24%,933,87.94%,502800,276,Unown,,0,77.24%,933,87.94%,502800,276,Unown,,0,17.80%,3367,90.59%,8300,10,Unown,,0,
232,Unown,,201,,226,51,2,9,2,28.9,8.0,8.0,,,,"2026-07-02 18:15",7/13/2024,,,0,0,0,800,19.37%,3303,78.63%,513600,290,Unown,,0,19.37%,3303,78.63%,513600,290,Unown,,0,38.07%,2537,92.10%,24800,30,Unown,,0,
233,Buzzwole,,794,,2250,146,14,14,13,91.1,23.0,23.0,,,,"2026-07-02 18:15",7/12/7074,,,0,0,0,3500,,,,,,,,,76.29%,972,96.75%,18000,15,Buzzwole,,0,,,,,,,,,
234,Dudunsparce,,982,♀,1170,145,15,15,13,95.6,15.0,15.0,,,,"2026-07-02 18:15",,,,0,0,0,1900,41.98%,2377,94.79%,16400,16,Dudunsparce,,0,52.23%,1957,96.08%,144400,134,Dudunsparce,,0,,,,,,,,,
235,Durant,,632,♀,1113,84,12,13,13,84.4,15.0,15.0,,,,"2026-07-02 18:15",7/13/2024,,,0,0,0,1900,53.02%,1925,95.13%,21400,20,Durant,,0,47.11%,2167,95.69%,190400,190,Durant,,0,,,,,,,,,
236,Necrozma,Normal,800,,2088,139,13,15,15,95.6,20.0,20.0,,,,"2026-07-02 18:14",7/13/2024,,,0,0,0,2500,,,,,,,,,32.94%,2747,95.32%,20500,19,Necrozma,Normal,0,,,,,,,,,
237,Crabominable,,740,♀,1216,119,12,14,11,82.2,15.0,15.0,,,,"2026-07-02 18:14",7/13/2024,,,0,0,0,1900,92.89%,292,97.38%,14200,14,Crabominable,,0,68.84%,1277,96.80%,112400,100,Crabominable,,0,,,,,,,,,
238,Unown,,201,,845,101,7,7,9,51.1,28.0,28.0,,,,"2026-07-02 18:14",7/13/2024,,,0,0,0,4500,53.58%,1902,84.05%,419000,198,Unown,,0,53.58%,1902,84.05%,419000,198,Unown,,0,,,,,,,,,
239,Swanna,,581,,892,100,15,15,14,97.8,15.0,15.0,,,,"2026-07-02 18:14",7/12/7074,,,0,0,0,1900,59.78%,1648,95.28%,52400,48,Swanna,,0,99.95%,3,99.39%,496400,268,Swanna,,0,,,,,,,,,
240,Pheromosa,,795,,1593,112,13,13,14,88.9,20.0,20.0,,,,"2026-07-02 18:14",7/13/2024,,,0,0,0,2500,,,,,,,,,80.95%,781,96.80%,103000,92,Pheromosa,,0,,,,,,,,,
241,Heatmor,,631,♀,995,109,11,12,14,82.2,15.0,15.0,,,,"2026-07-02 18:14",7/13/2024,,,0,0,0,1900,81.56%,756,96.64%,35400,33,Heatmor,,0,76.90%,947,96.21%,371400,268,Heatmor,,0,,,,,,,,,
242,Pheromosa,,795,,1596,111,12,15,12,86.7,20.0,20.0,,,,"2026-07-02 18:14",7/13/2024,,,0,0,0,2500,,,,,,,,,85.59%,591,97.06%,103000,92,Pheromosa,,0,,,,,,,,,
243,Samurott,Normal,503,♂,1192,119,12,15,14,91.1,15.0,15.0,,,,"2026-07-02 18:14",7/12/7074,,,0,0,0,1900,47.67%,2144,94.72%,14200,14,Samurott,Normal,0,56.39%,1787,96.21%,124400,112,Samurott,Normal,0,,,,,,,,,
244,Emolga,,587,♀,1378,114,15,14,11,88.9,30.0,30.0,,,,"2026-07-02 18:14",7/14/7074,,,0,0,0,5000,33.92%,2707,94.01%,62000,64,Emolga,,0,98.56%,60,96.35%,400000,182,Emolga,,0,,,,,,,,,
245,Necrozma,Normal,800,,2075,138,15,11,13,86.7,20.0,20.0,,,,"2026-07-02 18:14",7/14/2024,,,0,0,0,2500,,,,,,,,,56.56%,1780,96.22%,24000,22,Necrozma,Normal,0,,,,,,,,,
246,Necrozma,Normal,800,,2067,139,11,14,15,88.9,20.0,20.0,,,,"2026-07-02 18:14",7/14/2024,,,0,0,0,2500,,,,,,,,,83.83%,663,97.42%,24000,22,Necrozma,Normal,0,,,,,,,,,
247,Cosmog,,789,,171,71,12,11,14,82.2,15.0,15.0,,,,"2026-07-02 18:14",7/14/2024,,,0,0,0,1900,94.85%,212,93.36%,496400,293,Cosmoem,,0,73.50%,1086,96.47%,32400,155,Solgaleo,,0,94.43%,229,89.57%,496400,268,Cosmog,,0,
248,Necrozma,Normal,800,,2046,138,10,13,13,80.0,20.0,20.0,,,,"2026-07-02 18:14",7/14/2024,,,0,0,0,2500,,,,,,,,,33.06%,2742,95.32%,24000,22,Necrozma,Normal,0,,,,,,,,,
249,Necrozma,Normal,800,,2084,139,15,11,15,91.1,20.0,20.0,,,,"2026-07-02 18:14",7/14/2024,,,0,0,0,2500,,,,,,,,,11.11%,3641,94.21%,20500,19,Necrozma,Normal,0,,,,,,,,,
250,Necrozma,Normal,800,,2072,139,11,15,15,91.1,20.0,20.0,,,,"2026-07-02 18:14",7/14/7074,,,0,0,0,2500,,,,,,,,,90.70%,382,97.89%,24000,22,Necrozma,Normal,0,,,,,,,,,
251,Necrozma,Normal,800,,2059,136,14,12,10,80.0,20.0,20.0,,,,"2026-07-02 18:14",7/14/2024,,,0,0,0,2500,,,,,,,,,26.45%,3013,95.04%,24000,22,Necrozma,Normal,0,,,,,,,,,
252,Glameow,,431,♂,196,56,8,13,15,80.0,8.0,8.0,,,,"2026-07-02 18:14",7/14/2024,,,0,1,0,961,87.40%,517,97.09%,113526,182,Purugly,,1,98.93%,45,97.33%,402600,258,Purugly,,2,88.94%,454,95.59%,46326,66,Glameow,,1,
253,Necrozma,Normal,800,,2060,137,13,13,11,82.2,20.0,20.0,,,,"2026-07-02 18:14",7/14/7074,,,0,0,0,2500,,,,,,,,,44.76%,2263,95.78%,24000,22,Necrozma,Normal,0,,,,,,,,,
254,Necrozma,Normal,800,,2080,139,12,15,15,93.3,20.0,20.0,,,,"2026-07-02 18:14",7/14/2024,,,1,0,0,2500,,,,,,,,,94.41%,230,98.26%,12000,22,Necrozma,Normal,0,,,,,,,,,
255,Necrozma,Normal,800,,2066,136,15,12,10,82.2,20.0,20.0,,,,"2026-07-02 18:14",7/14/2024,,,0,0,0,2500,,,,,,,,,34.95%,2665,95.40%,24000,22,Necrozma,Normal,0,,,,,,,,,
256,Tyrunt,,696,♂,911,99,12,13,15,88.9,20.0,20.0,,,,"2026-07-02 18:14",7/14/2024,,,0,0,0,2500,54.07%,1882,95.43%,145000,140,Tyrunt,,0,37.12%,2576,95.50%,56000,100,Tyrantrum,,0,,,,,,,,,
257,Necrozma,Normal,800,,2085,137,15,14,12,91.1,20.0,20.0,,,,"2026-07-02 18:14",7/14/2024,,,0,0,0,2500,,,,,,,,,12.67%,3577,94.32%,20500,19,Necrozma,Normal,0,,,,,,,,,
258,Wingull,,278,♂,166,50,15,10,15,88.9,8.0,8.0,,,,"2026-07-02 18:14",7/14/2024,,,0,0,0,800,62.86%,1522,95.23%,69600,120,Pelipper,,0,98.56%,60,97.35%,513600,340,Pelipper,,0,42.39%,2360,91.41%,59100,61,Wingull,,0,
259,Rockruff,,744,♂,730,97,15,6,8,64.4,29.0,29.0,,,,"2026-07-02 18:14",7/14/2024,,,0,0,0,5000,73.31%,1094,85.81%,410000,190,Rockruff,,0,14.36%,3508,94.31%,131000,198,Lycanroc,Midday,0,,,,,,,,,
260,Espeon,,196,♂,1350,91,14,15,14,95.6,15.0,15.0,,,,"2026-07-02 18:14",7/14/2024,,,0,0,0,1900,82.22%,729,96.34%,5700,6,Espeon,,0,47.37%,2156,95.64%,72900,66,Espeon,,0,,,,,,,,,
261,Necrozma,Normal,800,,2051,138,10,14,13,82.2,20.0,20.0,,,,"2026-07-02 18:14",7/14/7074,,,0,0,0,2500,,,,,,,,,44.86%,2259,95.78%,24000,22,Necrozma,Normal,0,,,,,,,,,
262,Solgaleo,,791,,1721,143,15,13,14,93.3,15.0,15.0,,,,"2026-07-02 18:14",7/14/2024,,,0,0,0,1900,,,,,,,,,41.05%,2415,95.17%,29400,27,Solgaleo,,0,,,,,,,,,
263,Necrozma,Normal,800,,2056,139,12,11,14,82.2,20.0,20.0,,,,"2026-07-02 18:14",7/14/7074,,,0,0,0,2500,,,,,,,,,44.25%,2284,95.76%,24000,22,Necrozma,Normal,0,,,,,,,,,
264,Corsola,Normal,222,♂,585,81,15,15,12,93.3,15.0,15.0,,,,"2026-07-02 18:14",7/14/2024,,,0,0,0,1900,95.90%,169,97.10%,424400,268,Corsola,Normal,0,99.61%,17,97.78%,496400,268,Corsola,Normal,0,,,,,,,,,
265,Whiscash,,340,,878,131,15,13,12,88.9,15.0,15.0,,,,"2026-07-02 18:14",7/16/7074,,,0,0,0,1900,45.35%,2239,94.50%,56400,51,Whiscash,,0,99.15%,36,97.80%,496400,268,Whiscash,,0,,,,,,,,,
266,Marshadow,,802,,2111,131,15,13,13,91.1,20.0,20.0,,,,"2026-07-02 18:13",7/17/2024,,,0,0,0,2500,,,,,,,,,58.32%,1708,96.12%,20500,19,Marshadow,,0,,,,,,,,,
267,Ninetales,Normal,38,♀,840,92,15,13,14,93.3,13.0,13.0,,,,"2026-07-02 18:13",7/18/2024,,,0,0,0,1600,43.39%,2319,94.54%,44800,44,Ninetales,Normal,0,96.92%,127,98.08%,444800,276,Ninetales,Normal,0,,,,,,,,,
268,Steelix,Normal,208,♀,877,93,13,11,14,84.4,13.0,13.0,,,,"2026-07-02 18:13",7/20/2024,,,0,1,0,1921,42.93%,2338,94.05%,46564,56,Steelix,Normal,1,70.43%,1212,95.97%,423364,360,Steelix,Normal,1,,,,,,,,,
269,Blaziken,Normal,257,♂,619,76,7,14,15,80.0,8.0,8.0,,,,"2026-07-02 18:13",7/21/2024,,,0,1,0,961,97.29%,112,98.40%,40326,60,Blaziken,Normal,1,96.19%,157,98.21%,185526,204,Blaziken,Normal,1,,,,,,,,,
270,Eelektross,,604,♂,2080,146,13,15,13,91.1,27.0,27.0,,,,"2026-07-02 18:13",7/21/2024,,,0,0,0,4500,,,,,,,,,60.88%,1603,96.60%,83000,80,Eelektross,,0,,,,,,,,,
271,Weavile,,461,♀,1284,96,15,14,15,97.8,15.0,15.0,,,,"2026-07-02 18:13",7/21/2024,,,0,0,0,1900,89.43%,434,97.10%,9800,10,Weavile,,0,51.77%,1976,95.75%,86400,78,Weavile,,0,,,,,,,,,
272,Raichu,Normal,26,,893,85,10,13,10,73.3,15.0,15.0,,,,"2026-07-02 18:13",7/21/2024,,,0,0,0,1900,74.77%,1034,95.57%,52400,48,Raichu,Normal,0,90.06%,408,93.70%,496400,268,Raichu,Normal,0,,,,,,,,,
273,Shieldon,,410,♂,307,53,12,9,9,66.7,13.0,13.0,,,,"2026-07-02 18:13",7/21/2024,,,0,1,0,1921,32.19%,2778,92.51%,177600,258,Bastiodon,,2,96.26%,154,95.70%,402600,258,Bastiodon,,2,24.64%,3087,89.63%,39364,48,Shieldon,,1,
274,Lucario,Normal,448,♂,1491,109,13,10,11,75.6,20.0,20.0,,,,"2026-07-02 18:13",7/27/2024,,,0,0,0,2500,67.42%,1335,95.76%,0,0,Lucario,Normal,0,54.90%,1848,96.12%,169000,170,Lucario,Normal,0,,,,,,,,,
275,Pineco,,204,♂,625,89,10,15,9,75.6,21.0,21.0,,,,"2026-07-02 18:13",7/28/2024,,,0,0,0,3000,79.61%,836,96.54%,19000,68,Forretress,,0,91.92%,332,97.52%,470000,294,Forretress,,0,,,,,,,,,
276,Drilbur,,529,♂,304,63,13,14,14,91.1,8.0,8.0,,,,"2026-07-02 18:13",8/1/2024,,,0,1,0,961,99.24%,32,98.59%,325200,213,Drilbur,,2,51.55%,1985,95.63%,102726,172,Excadrill,,1,17.90%,3363,90.15%,11402,21,Drilbur,,1,
277,Aerodactyl,Normal,142,♂,1565,121,13,14,13,88.9,20.0,20.0,,,,"2026-07-02 18:13",,,,0,0,0,2500,,,,,,,,,45.32%,2240,95.78%,116000,106,Aerodactyl,Normal,0,,,,,,,,,
278,Foongus,,590,♂,349,88,14,9,14,82.2,13.0,13.0,,,,"2026-07-02 18:13",8/4/2024,,,0,1,0,1921,29.40%,2892,93.39%,70564,130,Amoonguss,,1,98.80%,50,97.40%,400600,256,Amoonguss,,2,34.46%,2685,91.22%,24724,33,Foongus,,1,
279,Ursaluna,,901,♂,2707,195,14,10,15,86.7,25.0,25.0,,,,"2026-07-02 18:13",8/9/2024,,,0,0,0,4000,,,,,,,,,,,,,,,,,,,,,,,,,
280,Hitmonchan,,107,♂,1846,106,14,14,14,93.3,28.0,28.0,,,,"2026-07-02 18:13",8/10/2024,,,0,0,0,4500,,,,,,,,,83.13%,692,96.52%,307000,198,Hitmonchan,,0,,,,,,,,,
281,Cresselia,,488,♀,615,103,10,7,15,71.1,8.0,8.0,,,,"2026-07-02 18:13",8/10/2024,,,0,1,0,961,53.02%,1925,95.22%,40326,60,Cresselia,,1,51.50%,1987,96.03%,193926,214,Cresselia,,1,,,,,,,,,
282,Omanyte,,138,♂,317,46,2,15,12,64.4,8.0,8.0,,,,"2026-07-02 18:13",8/11/2024,,,0,1,0,961,99.39%,26,98.92%,450726,384,Omanyte,,1,98.12%,78,98.60%,249126,336,Omastar,,1,60.42%,1622,92.85%,9842,18,Omanyte,,1,
283,Skarmory,Normal,227,♀,763,85,13,10,14,82.2,13.0,13.0,,,,"2026-07-02 18:13",8/14/2024,,,0,1,0,0,60.51%,1618,95.57%,75364,84,Skarmory,Normal,1,99.80%,9,98.76%,404600,215,Skarmory,Normal,2,,,,,,,,,
284,Kangaskhan,Normal,115,♀,1789,162,13,11,10,75.6,25.0,25.0,,,,"2026-07-02 18:13",8/14/2024,,,0,0,0,4000,,,,,,,,,29.06%,2906,95.00%,184000,205,Kangaskhan,Normal,0,,,,,,,,,
285,Magnezone,,462,,1155,89,10,13,13,80.0,13.0,13.0,,,,"2026-07-02 18:13",,,,0,1,0,1921,43.20%,2327,94.47%,14524,21,Magnezone,,1,88.74%,462,97.38%,21450,21,Magnezone,,2,,,,,,,,,
286,Metagross,Normal,376,,1615,106,14,14,15,95.6,15.0,15.0,,,,"2026-07-02 18:13",,,,0,0,0,1900,,,,,,,,,66.98%,1353,96.38%,38400,36,Metagross,Normal,0,,,,,,,,,
287,Metagross,Normal,376,,3976,165,15,15,14,97.8,44.0,44.0,,,,"2026-07-02 18:13",8/18/2024,,,0,0,0,12000,,,,,,,,,,,,,,,,,,,,,,,,,
288,Buizel,,418,♂,429,83,12,10,15,82.2,15.0,15.0,,,,"2026-07-02 18:13",8/19/2024,,,0,0,0,1900,64.08%,1472,95.50%,32400,80,Floatzel,,0,57.63%,1736,95.64%,334400,318,Floatzel,,0,74.73%,1036,93.74%,9800,10,Buizel,,0,
289,Lileep,,345,♀,456,84,14,6,10,66.7,13.0,13.0,,,,"2026-07-02 18:13",8/21/2024,,,0,1,0,1921,15.90%,3445,93.08%,66364,126,Cradily,,1,95.60%,181,95.58%,402600,258,Cradily,,2,15.87%,3446,89.58%,3842,6,Lileep,,1,
290,Sandshrew,Alola,27,♀,285,57,12,15,15,93.3,8.0,8.0,,,,"2026-07-02 18:13",8/23/2024,,,0,1,0,961,99.95%,3,99.29%,402600,213,Sandshrew,Alola,2,73.80%,1074,96.47%,225300,258,Sandslash,Alola,2,42.74%,2346,92.64%,14883,27,Sandshrew,Alola,1,
291,Meowscarada,,908,♂,2384,144,14,12,14,88.9,30.0,30.0,,,,"2026-07-02 18:12",,,,0,0,0,5000,,,,,,,,,49.21%,2081,95.98%,28000,26,Meowscarada,,0,,,,,,,,,
292,Kartana,,798,,2062,90,12,15,12,86.7,20.0,20.0,,,,"2026-07-02 18:12",8/26/2024,,,0,0,0,2500,,,,,,,,,65.74%,1404,96.15%,24000,22,Kartana,,0,,,,,,,,,
293,Necrozma,Normal,800,,2043,136,12,12,10,75.6,20.0,20.0,,,,"2026-07-02 18:12",8/26/2024,,,0,0,0,2500,,,,,,,,,12.89%,3568,94.33%,24000,22,Necrozma,Normal,0,,,,,,,,,
294,Cyndaquil,,155,♂,362,64,15,14,15,97.8,13.0,13.0,,,,"2026-07-02 18:12",8/28/2024,,,0,1,0,1921,56.39%,1787,95.38%,79500,103,Quilava,,2,66.30%,1381,96.47%,47100,157,Typhlosion,Normal,2,26.91%,2994,90.62%,19444,27,Cyndaquil,,1,
295,Feraligatr,,160,♀,626,79,15,4,15,75.6,8.0,8.0,,,,"2026-07-02 18:12",8/28/2024,,,0,1,0,961,8.40%,3752,92.74%,37686,57,Feraligatr,,1,35.41%,2646,95.59%,67800,67,Feraligatr,,2,,,,,,,,,
296,Seedot,,273,♂,26,22,14,15,13,93.3,2.0,2.0,,,,"2026-07-02 18:12",,,,0,0,0,200,63.59%,1492,95.55%,58600,192,Shiftry,,0,89.77%,420,97.22%,407600,427,Shiftry,,0,56.04%,1801,93.16%,5200,136,Shiftry,,0,
297,Fletchling,,661,♀,682,104,13,15,14,93.3,31.0,31.0,,,,"2026-07-02 18:12",8/30/2024,,,0,0,0,6000,81.86%,744,95.42%,193000,199,Fletchinder,,0,99.83%,8,98.95%,390000,299,Talonflame,,0,,,,,,,,,
298,Espeon,,196,♂,2154,115,14,14,14,93.3,24.0,24.0,,,,"2026-07-02 18:12",8/30/2024,,,0,0,0,3500,,,,,,,,,34.21%,2695,95.14%,27500,24,Espeon,,0,,,,,,,,,
299,Donphan,,232,♂,1270,113,14,13,12,86.7,15.0,15.0,,,,"2026-07-02 18:12",8/31/2024,,,0,0,0,1900,51.11%,2003,95.30%,9800,10,Donphan,,0,52.48%,1947,96.12%,91400,82,Donphan,,0,,,,,,,,,
300,Jynx,,124,,2080,127,13,13,14,88.9,29.0,29.0,,,,"2026-07-02 18:12",9/3/2024,,,0,0,0,5000,,,,,,,,,68.13%,1306,96.75%,150000,175,Jynx,,0,,,,,,,,,
301,Absol,Normal,359,♀,1406,106,12,11,15,84.4,20.0,20.0,,,,"2026-07-02 18:12",9/4/2024,,,0,0,0,2500,42.47%,2357,94.52%,5000,4,Absol,Normal,0,69.16%,1264,96.67%,245000,248,Absol,Normal,0,,,,,,,,,
302,Kingambit,,983,♀,2060,143,15,14,15,97.8,20.0,20.0,,,,"2026-07-02 18:12",9/5/7074,,,0,0,0,2500,,,,,,,,,52.48%,1947,95.84%,24000,22,Kingambit,,0,,,,,,,,,
303,Gardevoir,Normal,282,♀,1119,88,9,14,15,84.4,13.0,13.0,,,,"2026-07-02 18:12",9/5/2024,,,0,1,0,1921,49.26%,2079,94.75%,16804,24,Gardevoir,Normal,1,93.70%,259,98.24%,111364,118,Gardevoir,Normal,1,,,,,,,,,
304,Slaking,,289,♀,2495,177,15,11,13,86.7,20.0,20.0,,,,"2026-07-02 18:12",9/6/2024,,,0,0,0,2500,,,,,,,,,78.17%,895,96.88%,0,0,Slaking,,0,,,,,,,,,
305,Clodsire,,980,♂,1095,171,14,14,10,84.4,20.0,20.0,,,,"2026-07-02 18:12",9/6/7074,,,0,0,0,2500,18.71%,3330,92.58%,47000,42,Clodsire,,0,98.58%,59,97.09%,475000,248,Clodsire,,0,,,,,,,,,
306,Skwovet,,819,♀,401,96,15,14,14,95.6,15.0,15.0,,,,"2026-07-02 18:12",9/6/7074,,,0,0,0,1900,31.40%,2810,93.89%,32400,80,Greedent,,0,75.56%,1002,95.97%,346400,318,Greedent,,0,34.87%,2668,90.93%,14200,14,Skwovet,,0,
307,Wooloo,,831,♂,393,81,13,15,14,93.3,20.0,20.0,,,,"2026-07-02 18:12",9/6/2024,,,0,0,0,2500,46.20%,2204,94.65%,24000,72,Dubwool,,0,99.58%,18,98.23%,475000,298,Dubwool,,0,32.11%,2781,90.31%,31000,28,Wooloo,,0,
308,Wooloo,,831,,295,70,14,13,14,91.1,15.0,15.0,,,,"2026-07-02 18:12",9/7/2024,,,0,0,0,1900,39.29%,2487,94.31%,45400,92,Dubwool,,0,99.39%,26,97.88%,496400,318,Dubwool,,0,25.37%,3057,89.69%,52400,48,Wooloo,,0,
309,Cinderace,,815,♂,1193,102,15,11,15,91.1,14.0,14.0,,,,"2026-07-02 18:12",9/8/2024,,,0,0,0,1600,70.77%,1198,95.78%,13000,14,Cinderace,,0,23.93%,3116,95.01%,89600,82,Cinderace,,0,,,,,,,,,
310,Vanilluxe,,584,♂,3040,155,15,15,15,100.0,46.0,46.0,,,,"2026-07-02 18:12",,,,0,0,0,13000,,,,,,,,,,,,,,,,,,,,,,,,,
311,Blastoise,Normal,9,♂,1402,121,15,13,15,95.6,20.0,20.0,,,,"2026-07-02 18:11",9/11/7074,,,0,0,0,2500,21.64%,3210,93.33%,5000,4,Blastoise,Normal,0,37.88%,2545,94.93%,245000,248,Blastoise,Normal,0,,,,,,,,,
312,Reuniclus,,579,♂,559,89,13,12,13,84.4,7.0,7.0,,,,"2026-07-02 18:11",,,,0,0,0,800,32.23%,2776,94.45%,30800,36,Reuniclus,,0,62.88%,1521,96.61%,125200,118,Reuniclus,,0,,,,,,,,,
313,Squirtle,,7,♂,517,83,11,15,13,86.7,20.0,20.0,,,,"2026-07-02 18:11",9/11/2024,,,0,0,0,2500,72.99%,1107,94.75%,289000,273,Wartortle,,0,64.40%,1459,96.11%,289000,373,Blastoise,Normal,0,,,,,,,,,
314,Shuckle,,213,,84,37,13,12,14,86.7,8.0,8.0,,,,"2026-07-02 18:11",9/13/7074,,,0,1,0,961,99.98%,2,99.76%,402600,213,Shuckle,,2,99.98%,2,99.76%,402600,213,Shuckle,,2,99.98%,2,99.76%,402600,213,Shuckle,,2,
315,Blastoise,Normal,9,♂,2109,148,15,14,15,97.8,30.0,30.0,,,,"2026-07-02 18:11",9/14/2024,,,0,0,0,5000,,,,,,,,,47.74%,2141,95.36%,170000,182,Blastoise,Normal,0,,,,,,,,,
316,Bulbasaur,,1,♂,623,83,15,13,11,86.7,20.0,20.0,,,,"2026-07-02 18:11",9/14/2024,,,0,0,0,2500,18.00%,3359,93.47%,103000,117,Ivysaur,,0,36.58%,2598,95.48%,137000,255,Venusaur,Normal,0,,,,,,,,,
317,Charizard,Normal,6,♀,1619,119,11,15,14,88.9,20.0,20.0,,,,"2026-07-02 18:11",9/14/2024,,,0,0,0,2500,,,,,,,,,80.34%,806,97.07%,91000,80,Charizard,Normal,0,,,,,,,,,
318,Reuniclus,,579,♂,1075,121,15,14,11,88.9,13.0,13.0,,,,"2026-07-02 18:11",9/15/2024,,,0,1,0,1921,62.05%,1555,95.80%,22084,30,Reuniclus,,1,63.39%,1500,96.63%,42600,41,Reuniclus,,2,,,,,,,,,
319,Venusaur,Normal,3,♂,1546,121,15,15,13,95.6,20.0,20.0,,,,"2026-07-02 18:11",9/15/7074,,,0,0,0,2500,,,,,,,,,56.68%,1775,96.31%,130000,122,Venusaur,Normal,0,,,,,,,,,
320,Igglybuff,,174,♀,299,132,15,13,15,95.6,20.0,20.0,,,,"2026-07-02 18:11",9/17/2024,,,0,0,0,2500,62.78%,1525,95.48%,51500,121,Wigglytuff,,0,99.56%,19,98.10%,475000,323,Wigglytuff,,0,67.11%,1348,89.77%,161000,160,Igglybuff,,0,
321,Chikorita,,152,♂,190,52,7,12,12,68.9,8.0,8.0,,,,"2026-07-02 18:11",,,,0,1,0,961,96.92%,127,97.78%,313500,235,Bayleef,,2,92.87%,293,97.48%,301800,325,Meganium,,2,93.97%,248,96.41%,12962,49,Bayleef,,1,
322,Hatenna,,856,♀,364,70,15,13,14,93.3,15.0,15.0,,,,"2026-07-02 18:11",9/20/2024,,,0,0,0,1900,54.04%,1883,95.28%,14200,139,Hatterene,,0,52.31%,1954,96.03%,118400,231,Hatterene,,0,43.22%,2326,91.81%,23900,22,Hatenna,,0,
323,Tyrogue,,236,♂,276,74,15,13,14,93.3,20.0,20.0,,,,"2026-07-02 18:11",,,,0,0,0,2500,82.03%,737,96.62%,2500,27,Hitmonlee,,0,74.97%,1026,96.76%,196000,231,Hitmonlee,,0,90.16%,404,94.27%,278000,248,Tyrogue,,0,
324,Meganium,,154,♂,1822,142,13,11,15,86.7,27.0,27.0,,,,"2026-07-02 18:11",,,,0,0,0,4500,,,,,,,,,72.45%,1129,95.94%,278000,206,Meganium,,0,,,,,,,,,
325,Feraligatr,,160,♂,2539,157,15,15,13,95.6,32.5,32.5,,,,"2026-07-02 18:11",9/28/2024,,,0,0,0,0,,,,,,,,,,,,,,,,,,,,,,,,,
326,Sobble,,816,♂,774,101,14,14,15,95.6,25.0,25.0,,,,"2026-07-02 18:11",9/20/7074,,,0,0,0,4000,29.91%,2871,93.98%,20500,43,Drizzile,,0,56.29%,1791,96.30%,39000,159,Inteleon,,0,,,,,,,,,
327,Koffing,,109,♂,615,76,13,15,15,95.6,18.0,18.0,,,,"2026-07-02 18:11",10/2/7074,,,0,0,0,2200,76.65%,957,95.97%,26400,74,Weezing,Normal,0,97.90%,87,98.38%,412400,306,Weezing,Normal,0,,,,,,,,,
328,Blaziken,Normal,257,♂,1969,133,14,10,10,75.6,25.0,25.0,,,,"2026-07-02 18:11",10/5/2024,,,0,0,0,4000,,,,,,,,,15.48%,3462,94.44%,78000,70,Blaziken,Normal,0,,,,,,,,,
329,Electabuzz,,125,♀,478,63,8,3,6,37.8,8.0,8.0,,,,"2026-07-02 18:11",,,,0,1,0,961,62.08%,1554,94.98%,37686,157,Electivire,,1,49.40%,2073,93.21%,404600,215,Electabuzz,,2,21.86%,3201,90.15%,0,0,Electabuzz,,1,
330,Hoppip,,187,♀,215,56,15,15,7,82.2,13.0,13.0,,,,"2026-07-02 18:11",10/9/2024,,,0,1,0,1921,21.98%,3196,92.99%,207364,348,Jumpluff,,1,98.61%,58,96.95%,402600,325,Jumpluff,,2,19.63%,3292,87.98%,123364,128,Hoppip,,1,
331,Drifloon,,425,♂,257,81,13,11,11,77.8,8.0,8.0,,,,"2026-07-02 18:11",10/10/2024,,,0,1,0,961,31.77%,2795,93.42%,63126,134,Drifblim,,1,70.50%,1209,95.50%,497526,434,Drifblim,,1,24.22%,3104,90.31%,20646,36,Drifloon,,1,
332,Heatran,,485,♀,805,82,6,12,11,64.4,8.0,8.0,,,,"2026-07-02 18:10",10/11/2024,,,0,1,0,961,73.70%,1078,96.37%,18725,33,Heatran,,1,96.70%,136,98.21%,79326,100,Heatran,,1,,,,,,,,,
333,Swampert,Normal,260,♂,650,86,15,11,6,71.1,8.0,8.0,,,,"2026-07-02 18:10",,,,0,1,0,961,23.05%,3152,93.49%,35046,54,Swampert,Normal,1,39.17%,2492,95.70%,42600,41,Swampert,Normal,2,,,,,,,,,
334,Mawile,Normal,303,♂,899,87,12,14,10,80.0,20.0,20.0,,,,"2026-07-02 18:10",10/12/2024,,,0,0,0,2500,56.73%,1773,95.15%,161000,160,Mawile,Normal,0,95.24%,196,94.53%,475000,248,Mawile,Normal,0,,,,,,,,,
335,Swellow,,277,,597,74,15,14,13,93.3,11.0,11.0,,,,"2026-07-02 18:10",10/13/2024,,,0,0,0,1300,56.04%,1801,95.17%,84500,82,Swellow,,0,99.68%,14,98.58%,508000,284,Swellow,,0,,,,,,,,,
336,Tirtouga,,564,♂,521,76,7,14,15,80.0,13.0,13.0,,,,"2026-07-02 18:10",10/14/7074,,,0,1,0,1921,92.04%,327,96.65%,437764,360,Tirtouga,,1,89.94%,413,97.90%,291364,391,Carracosta,,1,,,,,,,,,
337,Plusle,,311,♂,745,87,11,15,15,91.1,15.0,15.0,,,,"2026-07-02 18:10",,,,0,0,0,1900,73.06%,1104,96.06%,96400,86,Plusle,,0,99.27%,31,97.80%,496400,268,Plusle,,0,,,,,,,,,
338,Duskull,,355,♀,152,34,15,14,7,80.0,8.0,8.0,,,,"2026-07-02 18:10",10/15/7074,,,0,1,0,961,35.41%,2646,93.84%,135300,174,Dusclops,,2,50.11%,2044,94.33%,278400,325,Dusknoir,,2,27.01%,2990,89.07%,6600,6,Duskull,,2,
339,Politoed,,186,♀,762,97,14,15,13,93.3,11.0,11.0,,,,"2026-07-02 18:10",10/15/2024,,,0,0,0,1300,61.15%,1592,95.34%,41000,43,Politoed,,0,54.68%,1857,95.44%,300000,284,Politoed,,0,,,,,,,,,
340,Magnemite,,81,,583,55,15,15,15,100.0,15.0,15.0,,,,"2026-07-02 18:10",10/16/2024,,,0,0,0,1900,99.10%,38,98.69%,424400,268,Magnemite,,0,65.47%,1415,96.45%,246400,293,Magneton,,0,,,,,,,,,
341,Pidgeot,Normal,18,♀,766,99,12,13,11,80.0,13.0,13.0,,,,"2026-07-02 18:10",,,,0,0,0,0,22.05%,3193,93.25%,58800,56,Pidgeot,Normal,0,96.29%,153,95.52%,502800,276,Pidgeot,Normal,0,,,,,,,,,
342,Illumise,,314,♀,447,70,15,12,14,91.1,9.0,9.0,,,,"2026-07-02 18:10",10/20/2024,,,0,0,0,1000,7.86%,3774,92.12%,107000,102,Illumise,,0,99.39%,26,97.68%,512000,288,Illumise,,0,76.56%,961,94.77%,2000,2,Illumise,,0,
343,Spinarak,,167,♀,155,47,12,15,15,93.3,7.0,7.0,,,,"2026-07-02 18:10",10/23/2024,,,0,0,0,800,63.61%,1491,95.69%,115200,160,Ariados,,0,99.76%,11,98.30%,515200,342,Ariados,,0,94.46%,228,96.67%,5200,56,Ariados,,0,
344,Gengar,Normal,94,♂,2415,122,15,10,13,84.4,30.0,30.0,,,,"2026-07-02 18:10",10/25/2024,,,0,0,0,5000,,,,,,,,,43.79%,2303,95.47%,22000,20,Gengar,Normal,0,,,,,,,,,
345,Purrloin,,509,♀,168,51,13,12,15,88.9,8.0,8.0,,,,"2026-07-02 18:10",,,,0,0,0,800,70.87%,1194,96.09%,103600,150,Liepard,,0,98.41%,66,96.56%,513600,340,Liepard,,0,73.72%,1077,93.86%,59100,61,Purrloin,,0,
346,Frillish,,592,♂,527,82,13,15,13,91.1,15.0,15.0,,,,"2026-07-02 18:10",,,,0,0,0,1900,34.33%,2690,94.21%,35400,83,Jellicent,,0,91.09%,366,97.47%,397400,318,Jellicent,,0,,,,,,,,,
347,Banette,Normal,354,♀,1280,105,14,10,14,84.4,20.0,20.0,,,,"2026-07-02 18:10",10/20/7074,,,0,0,0,2500,20.27%,3266,92.90%,17000,16,Banette,Normal,0,89.50%,431,96.80%,431000,248,Banette,Normal,0,,,,,,,,,
348,Jellicent,,593,♀,1140,131,13,14,10,82.2,17.5,17.5,,,,"2026-07-02 18:10",10/30/2024,,,0,0,0,2200,66.32%,1380,95.81%,28600,26,Jellicent,,0,79.90%,824,96.55%,400600,258,Jellicent,,0,,,,,,,,,
349,Pikachu,Normal,25,♂,686,84,5,14,6,55.6,29.0,29.0,,,,"2026-07-02 18:09",10/30/2024,,,0,0,0,5000,66.15%,1387,85.21%,410000,190,Pikachu,Normal,0,66.28%,1382,89.95%,410000,240,Raichu,Normal,0,,,,,,,,,
350,Butterfree,,12,♂,380,63,9,3,13,55.6,8.0,8.0,,,,"2026-07-02 18:09",11/3/2024,,,0,1,0,961,35.78%,2631,94.61%,47100,45,Butterfree,,2,81.17%,772,91.37%,402600,213,Butterfree,,2,13.77%,3532,89.24%,4322,8,Butterfree,,1,
351,Ferroseed,,597,♂,194,52,8,12,14,75.6,8.0,8.0,,,,"2026-07-02 18:09",,,,0,1,0,961,59.44%,1662,95.27%,70926,142,Ferrothorn,,1,99.51%,21,99.15%,616326,434,Ferrothorn,,1,93.87%,252,96.63%,0,50,Ferrothorn,,1,
352,Manectric,Normal,310,♀,1323,109,15,15,11,91.1,20.0,20.0,,,,"2026-07-02 18:09",11/4/7074,,,0,0,0,2500,51.92%,1970,94.53%,14000,13,Manectric,Normal,0,88.28%,481,96.50%,363000,248,Manectric,Normal,0,,,,,,,,,
353,Barboach,,339,♂,176,56,12,12,14,84.4,8.0,8.0,,,,"2026-07-02 18:09",11/6/2024,,,0,1,0,961,67.94%,1314,95.64%,93126,162,Whiscash,,1,99.71%,13,98.76%,402600,258,Whiscash,,2,45.81%,2220,91.90%,961,52,Whiscash,,1,
354,Pumpkaboo,Average,710,,1037,106,15,10,8,73.3,32.0,32.0,,,,"2026-07-02 18:09",,,,0,0,0,6000,90.89%,374,91.79%,378000,162,Pumpkaboo,Average,0,51.23%,1998,94.96%,266000,362,Gourgeist,Average,0,,,,,,,,,
355,Pumpkaboo,Small,710,♀,788,85,13,10,1,53.3,25.0,25.0,,,,"2026-07-02 18:09",11/9/2024,,,0,0,0,4000,57.46%,1743,85.42%,444000,220,Pumpkaboo,Small,0,48.69%,2102,90.14%,444000,420,Gourgeist,Small,0,,,,,,,,,
356,Smoliv,,928,♀,363,69,15,15,13,95.6,15.0,15.0,,,,"2026-07-02 18:09",11/9/2024,,,0,0,0,1900,82.17%,731,95.54%,334400,293,Dolliv,,0,38.49%,2520,95.61%,91400,207,Arboliva,,0,54.53%,1863,92.34%,23900,22,Smoliv,,0,
357,Annihilape,,979,♀,3241,200,15,14,12,91.1,40.0,40.0,,,,"2026-07-02 18:09",11/10/2024,,,0,0,0,10000,,,,,,,,,,,,,,,,,,,,,,,,,
358,Pumpkaboo,Small,710,♂,640,82,13,15,14,93.3,19.0,19.0,,,,"2026-07-02 18:09",11/10/2024,,,0,0,0,2500,68.13%,1306,95.45%,25500,223,Gourgeist,Small,0,99.95%,3,99.75%,465000,452,Gourgeist,Small,0,,,,,,,,,
359,Nidorina,,30,,245,64,3,2,1,13.3,8.0,8.0,,,,"2026-07-02 18:09",11/12/7074,,,0,1,0,961,70.57%,1206,95.93%,75126,196,Nidoqueen,,1,40.27%,2447,95.30%,375600,303,Nidoqueen,,2,74.53%,1044,94.95%,0,100,Nidoqueen,,1,
360,Slowbro,Normal,80,♂,1614,145,10,15,11,80.0,23.0,23.0,,,,"2026-07-02 18:09",11/16/2024,,,0,0,0,3500,,,,,,,,,59.05%,1678,96.16%,228000,232,Slowbro,Normal,0,,,,,,,,,
361,Exeggcute,,102,♀,788,113,11,7,15,73.3,25.0,25.0,,,,"2026-07-02 18:09",11/16/7074,,,0,1,0,4800,95.43%,188,94.15%,402600,213,Exeggcute,,2,63.93%,1478,96.43%,58800,103,Exeggutor,Normal,1,,,,,,,,,
362,Excadrill,,530,♀,2718,186,10,15,13,84.4,30.0,30.0,,,,"2026-07-02 18:09",11/17/2024,,,0,0,0,5000,,,,,,,,,,,,,,,,,,,,,,,,,
363,Ampharos,Normal,181,♂,1600,132,12,14,14,88.9,20.0,20.0,,,,"2026-07-02 18:09",11/18/2024,,,0,0,0,2500,,,,,,,,,84.20%,648,97.68%,103000,92,Ampharos,Normal,0,,,,,,,,,
364,Vespiquen,,416,♀,1691,135,13,11,11,77.8,31.0,31.0,,,,"2026-07-02 18:09",11/19/7074,,,0,0,0,6000,,,,,,,,,93.55%,265,94.39%,390000,174,Vespiquen,,0,,,,,,,,,
365,Venipede,,543,♂,144,43,8,10,15,73.3,8.0,8.0,,,,"2026-07-02 18:09",11/28/2024,,,0,1,0,961,43.93%,2297,94.55%,59526,205,Scolipede,,1,77.88%,907,96.83%,256800,325,Scolipede,,2,90.18%,403,96.37%,27486,70,Whirlipede,,1,
366,Vespiquen,,416,,1691,135,13,11,11,77.8,31.0,31.0,,,,"2026-07-02 18:09",11/19/2024,,,0,0,0,6000,,,,,,,,,93.55%,265,94.39%,390000,174,Vespiquen,,0,,,,,,,,,
367,Quagsire,,195,♀,1481,159,10,10,11,68.9,27.5,27.5,,,,"2026-07-02 18:09",11/28/2024,,,0,0,0,4500,43.22%,2326,94.31%,0,0,Quagsire,,0,83.15%,691,92.00%,423500,202,Quagsire,,0,,,,,,,,,
368,Whimsicott,,547,♀,1457,111,14,15,8,82.2,26.0,26.0,,,,"2026-07-02 18:09",11/29/2024,,,0,0,0,4000,36.68%,2594,93.90%,4000,4,Whimsicott,,0,95.16%,199,95.24%,436000,214,Whimsicott,,0,,,,,,,,,
369,Stantler,,234,♂,465,69,10,14,8,71.1,8.0,8.0,,,,"2026-07-02 18:09",11/30/2024,,,0,1,0,961,91.01%,369,97.06%,46326,116,Wyrdeer,,1,67.20%,1344,96.76%,105600,159,Wyrdeer,,2,86.59%,550,95.70%,961,2,Stantler,,1,
370,Gloom,,44,♂,1892,143,15,12,15,93.3,50.5,50.5,,,,"2026-07-02 18:09",,,,0,0,0,2500,,,,,,,,,,,,,,,,,,,,,,,,,
371,Pumpkaboo,Super,710,♀,904,108,11,15,4,66.7,27.0,27.0,,,,"2026-07-02 18:09",12/2/2024,,,0,0,0,4500,84.27%,645,90.11%,428000,206,Pumpkaboo,Super,0,47.74%,2141,95.88%,168000,391,Gourgeist,Super,0,,,,,,,,,
372,Spritzee,,682,♂,527,102,14,14,13,91.1,15.0,15.0,,,,"2026-07-02 18:08",12/3/2024,,,0,0,0,1900,48.79%,2098,94.85%,35400,83,Aromatisse,,0,88.28%,481,97.07%,384400,318,Aromatisse,,0,,,,,,,,,
373,Snover,,459,♀,423,81,15,11,15,91.1,13.0,13.0,,,,"2026-07-02 18:08",12/4/2024,,,0,1,0,1921,67.01%,1352,95.87%,50164,110,Abomasnow,Normal,1,80.44%,802,96.54%,278400,258,Abomasnow,Normal,2,13.26%,3553,90.18%,7684,12,Snover,,1,
374,Greavard,,971,♀,222,56,15,9,14,84.4,8.0,8.0,,,,"2026-07-02 18:08",,,,0,0,0,800,33.02%,2744,93.87%,43600,96,Houndstone,,0,21.98%,3196,94.74%,273600,340,Houndstone,,0,26.08%,3028,90.97%,27000,32,Greavard,,0,
375,Mankey,,56,♂,1075,102,14,15,15,97.8,35.0,35.0,,,,"2026-07-02 18:08",12/10/2024,,,0,0,0,8000,99.98%,2,99.39%,338000,118,Mankey,,0,99.07%,39,98.88%,266000,168,Primeape,,0,,,,,,,,,
376,Genesect,Normal,649,,1888,110,14,15,11,88.9,20.0,20.0,,,,"2026-07-02 18:08",12/10/2024,,,0,0,0,2500,,,,,,,,,29.06%,2906,94.88%,39000,34,Genesect,Normal,0,,,,,,,,,
377,Tympole,,535,,367,78,12,15,10,82.2,16.0,16.0,,,,"2026-07-02 18:08",12/16/2024,,,0,0,0,1900,97.73%,94,97.90%,448600,289,Palpitoad,,0,44.03%,2293,95.84%,232600,374,Seismitoad,,0,53.16%,1919,92.40%,25600,23,Tympole,,0,
378,Snorunt,,361,♀,185,55,13,5,12,66.7,8.0,8.0,,,,"2026-07-02 18:08",12/16/2024,,,0,1,0,961,40.07%,2455,93.78%,102726,222,Froslass,,1,94.73%,217,94.93%,402600,303,Glalie,Normal,2,67.03%,1351,93.38%,1922,104,Froslass,,1,
379,Swinub,,220,♂,620,114,8,12,15,77.8,34.0,34.0,,,,"2026-07-02 18:08",12/17/2024,,,0,0,0,0,91.14%,364,90.00%,352000,134,Swinub,,0,94.19%,239,97.85%,308000,159,Piloswine,,0,,,,,,,,,
380,Metagross,Normal,376,,1382,98,15,6,15,80.0,13.0,13.0,,,,"2026-07-02 18:08",12/18/2024,,,0,1,0,1921,64.40%,1459,95.77%,3842,6,Metagross,Normal,1,65.49%,1414,96.30%,57964,68,Metagross,Normal,1,,,,,,,,,
381,Florges,,671,♀,2208,131,14,15,15,97.8,24.0,24.0,,,,"2026-07-02 18:08",12/19/2024,,,0,0,0,3500,,,,,,,,,60.78%,1607,96.18%,23000,20,Florges,,0,,,,,,,,,
382,Blissey,,242,♀,2505,385,15,13,14,93.3,34.0,34.0,,,,"2026-07-02 18:08",,,,0,0,0,7000,,,,,,,,,,,,,,,,,,,,,,,,,
383,Porygon-z,,474,,2524,150,8,12,15,77.8,28.0,28.0,,,,"2026-07-02 18:08",12/21/2024,,,0,0,0,4500,,,,,,,,,,,,,,,,,,,,,,,,,
384,Blitzle,,522,♂,180,51,6,14,9,64.4,8.0,8.0,,,,"2026-07-02 18:08",,,,0,1,0,961,56.87%,1767,95.43%,63126,134,Zebstrika,,1,91.36%,355,97.70%,290100,258,Zebstrika,,2,69.94%,1232,93.57%,55926,76,Blitzle,,1,
385,Stunky,,434,♀,409,82,11,14,12,82.2,13.0,13.0,,,,"2026-07-02 18:08",12/24/2024,,,0,1,0,1921,37.58%,2557,94.36%,50164,110,Skuntank,,1,91.06%,367,96.98%,500164,410,Skuntank,,1,41.51%,2396,92.32%,9964,15,Stunky,,1,
386,Toucannon,,733,♀,1494,121,12,11,14,82.2,20.0,20.0,,,,"2026-07-02 18:08",12/25/2024,,,0,0,0,2500,76.04%,982,96.12%,0,0,Toucannon,,0,54.65%,1858,96.34%,161000,160,Toucannon,,0,,,,,,,,,
387,Sobble,,816,♂,615,89,14,14,13,91.1,20.0,20.0,,,,"2026-07-02 18:08",12/26/2024,,,0,0,0,2500,64.96%,1436,95.69%,56000,75,Drizzile,,0,36.36%,2607,95.58%,70000,187,Inteleon,,0,,,,,,,,,
388,Abomasnow,Normal,460,♂,1318,132,12,13,14,86.7,20.0,20.0,,,,"2026-07-02 18:08",12/26/2024,,,0,0,0,2500,59.29%,1668,95.50%,14000,13,Abomasnow,Normal,0,90.09%,407,97.33%,376000,248,Abomasnow,Normal,0,,,,,,,,,
389,Eevee,,133,♂,269,64,14,13,15,93.3,9.0,9.0,,,,"2026-07-02 18:08",,,,0,0,0,1000,78.02%,901,96.26%,23200,53,Vaporeon,,0,71.01%,1188,96.79%,102000,123,Flareon,,0,54.97%,1845,92.91%,21300,26,Eevee,,0,
390,Machamp,,68,♂,1742,132,15,15,14,97.8,20.0,20.0,,,,"2026-07-02 18:08",,,,0,0,0,2500,,,,,,,,,48.72%,2101,95.77%,60500,54,Machamp,,0,,,,,,,,,
391,Meowth,Normal,52,,160,46,14,14,5,73.3,8.0,8.0,,,,"2026-07-02 18:08",12/29/2024,,,0,1,0,961,31.94%,2788,94.06%,202326,274,Persian,Normal,1,96.58%,141,95.30%,402600,258,Persian,Normal,2,28.69%,2921,90.21%,79326,100,Meowth,Normal,1,
392,Amaura,,698,♂,776,118,15,14,15,97.8,20.0,20.0,,,,"2026-07-02 18:08",12/30/2024,,,0,0,0,2500,99.32%,29,98.52%,417000,248,Amaura,,0,53.36%,1911,95.83%,103000,142,Aurorus,,0,,,,,,,,,
393,Hoothoot,,163,♂,288,86,15,15,13,95.6,15.0,15.0,,,,"2026-07-02 18:08",12/30/2024,,,0,0,0,1900,58.95%,1682,95.27%,60400,104,Noctowl,,0,99.90%,5,99.00%,496400,318,Noctowl,,0,39.39%,2483,89.96%,60400,54,Hoothoot,,0,
394,Komala,,775,♂,1475,106,15,15,15,100.0,20.0,20.0,,,,"2026-07-02 18:08",1/1/7075,,,0,0,0,2500,45.69%,2225,94.54%,0,0,Komala,,0,65.18%,1427,96.38%,178000,182,Komala,,0,,,,,,,,,
395,Jigglypuff,,39,♂,641,199,15,12,13,88.9,34.0,34.0,,,,"2026-07-02 18:08",1/1/2025,,,0,0,0,0,97.26%,113,93.79%,352000,134,Jigglypuff,,0,97.97%,84,96.40%,352000,184,Wigglytuff,,0,,,,,,,,,
396,Lopunny,Normal,428,♂,1878,134,15,14,15,97.8,34.0,34.0,,,,"2026-07-02 18:08",1/6/2025,,,0,0,0,0,,,,,,,,,99.98%,2,99.52%,352000,134,Lopunny,Normal,0,,,,,,,,,
397,Archen,,566,♂,667,76,15,11,13,86.7,13.0,13.0,,,,"2026-07-02 18:08",1/7/2025,,,0,1,0,1921,79.63%,835,96.16%,12244,68,Archeops,,1,50.53%,2027,95.47%,84964,143,Archeops,,1,,,,,,,,,
398,Overqwil,,904,♀,1669,127,15,12,15,93.3,20.0,20.0,,,,"2026-07-02 18:08",1/8/2025,,,0,0,0,2500,,,,,,,,,10.28%,3675,94.44%,70000,62,Overqwil,,0,,,,,,,,,
399,Croagunk,,453,♀,398,76,13,14,14,91.1,15.0,15.0,,,,"2026-07-02 18:07",1/16/2025,,,0,0,0,1900,29.52%,2887,93.53%,26400,74,Toxicroak,,0,71.99%,1148,96.80%,277400,318,Toxicroak,,0,53.80%,1893,92.54%,14200,14,Croagunk,,0,
400,Deoxys,Attack,386,,1750,98,11,12,10,73.3,25.0,25.0,,,,"2026-07-02 18:07",1/17/7075,,,0,0,0,4000,,,,,,,,,84.49%,636,96.75%,225000,220,Deoxys,Attack,0,,,,,,,,,
401,Palkia,Normal,484,,1430,96,12,8,11,68.9,13.0,13.0,,,,"2026-07-02 18:07",1/18/2025,,,0,1,0,1921,72.92%,1110,95.97%,1921,3,Palkia,Normal,1,41.56%,2394,95.19%,50164,60,Palkia,Normal,1,,,,,,,,,
402,Barboach,,339,♂,179,55,15,12,12,86.7,8.0,8.0,,,,"2026-07-02 18:07",1/19/2025,,,0,1,0,961,33.70%,2716,93.88%,88326,158,Whiscash,,1,99.88%,6,99.36%,402600,258,Whiscash,,2,55.51%,1823,92.65%,961,52,Whiscash,,1,
403,Bunnelby,,659,♂,226,66,14,11,12,82.2,15.0,15.0,,,,"2026-07-02 18:07",1/21/2025,,,0,0,0,1900,41.27%,2406,93.43%,277400,318,Diggersby,,0,97.05%,122,95.79%,496400,318,Diggersby,,0,40.29%,2446,88.85%,174400,170,Bunnelby,,0,
404,Ninetales,Normal,38,♂,485,67,15,6,2,51.1,8.0,8.0,,,,"2026-07-02 18:07",1/21/2025,,,0,1,0,961,1.49%,4035,91.34%,75126,96,Ninetales,Normal,1,73.80%,1074,94.26%,402600,213,Ninetales,Normal,2,24.30%,3101,89.21%,0,0,Ninetales,Normal,1,
405,Steelix,Normal,208,♀,1023,101,14,12,15,91.1,15.0,15.0,,,,"2026-07-02 18:07",,,,0,0,0,1900,60.93%,1601,94.96%,32400,30,Steelix,Normal,0,65.64%,1408,95.72%,322400,268,Steelix,Normal,0,,,,,,,,,
406,Gastly,,92,♂,270,43,10,15,15,88.9,8.0,8.0,,,,"2026-07-02 18:07",1/24/2025,,,0,1,0,961,95.04%,204,97.71%,37686,182,Gengar,Normal,1,76.24%,974,96.68%,155526,295,Gengar,Normal,1,95.97%,166,96.53%,18725,33,Gastly,,1,
407,Ralts,,280,♂,392,77,13,15,15,95.6,26.0,26.0,,,,"2026-07-02 18:07",1/25/2025,,,0,0,0,4000,99.90%,5,98.48%,436000,239,Kirlia,,0,88.82%,459,97.84%,21500,145,Gardevoir,Normal,0,74.48%,1046,92.03%,114000,116,Ralts,,0,
408,Charizard,Normal,6,♂,2867,156,15,15,12,93.3,40.0,40.0,,,,"2026-07-02 18:07",1/26/2025,,,0,0,0,10000,,,,,,,,,,,,,,,,,,,,,,,,,
409,Skorupi,,451,,203,49,6,9,13,62.2,8.0,8.0,,,,"2026-07-02 18:07",1/30/2025,,,0,1,0,961,63.22%,1507,95.58%,63126,134,Drapion,,1,83.81%,664,96.94%,280400,260,Drapion,,2,57.51%,1741,92.82%,40326,60,Skorupi,,1,
410,Nosepass,,299,♀,555,66,15,15,10,88.9,20.0,20.0,,,,"2026-07-02 18:07",7/2/7075,,,0,0,0,2500,36.90%,2585,93.60%,35000,81,Probopass,,0,98.07%,80,97.18%,475000,298,Probopass,,0,,,,,,,,,
411,Grookey,,810,♂,605,90,13,13,15,91.1,20.0,20.0,,,,"2026-07-02 18:07",2/3/2025,,,0,0,0,2500,28.69%,2921,94.01%,56000,75,Thwackey,,0,74.87%,1030,96.89%,43000,163,Rillaboom,,0,,,,,,,,,
412,Sobble,,816,♂,462,77,15,13,13,91.1,15.0,15.0,,,,"2026-07-02 18:07",,,,0,0,0,1900,59.29%,1668,95.41%,77400,95,Drizzile,,0,29.06%,2906,95.31%,91400,207,Inteleon,,0,50.09%,2045,92.17%,3800,4,Sobble,,0,
413,Burmy,,412,♀,201,69,13,13,15,91.1,15.0,15.0,,,,"2026-07-02 18:07",2/5/2025,,,0,0,0,1900,49.26%,2066,95.19%,190400,240,Wormadam,Plant,0,99.14%,36,97.71%,496400,318,Wormadam,Plant,0,97.26%,113,96.13%,358400,268,Burmy,,0,
414,Burmy,,412,♀,205,68,15,14,12,91.1,15.0,15.0,,,,"2026-07-02 18:07",7/6/7075,,,0,0,0,1900,17.69%,2861,93.64%,182400,230,Wormadam,Plant,0,99.43%,23,98.09%,496400,318,Wormadam,Plant,0,90.50%,390,94.09%,310400,268,Burmy,,0,
415,Burmy,,412,♀,203,68,15,11,13,86.7,15.0,15.0,,,,"2026-07-02 18:07",2/6/2025,,,0,0,0,1900,26.75%,2904,93.89%,190400,240,Wormadam,Plant,0,98.76%,47,97.26%,496400,318,Wormadam,Plant,0,85.84%,581,93.18%,334400,268,Burmy,,0,
416,Shelmet,,616,♂,111,42,15,15,11,91.1,5.0,5.0,,,,"2026-07-02 18:07",2/9/2025,,,0,0,0,600,56.41%,1786,95.22%,50600,255,Accelgor,,0,67.20%,1344,96.28%,320600,496,Accelgor,,0,21.61%,3211,89.38%,2400,204,Accelgor,,0,
417,Nidoran♀,,29,,155,55,15,11,14,88.9,7.0,7.0,,,,"2026-07-02 18:07",2/11/2025,,,0,0,0,800,98.88%,47,96.42%,515200,317,Nidorina,,0,25.03%,3071,94.66%,285200,417,Nidoqueen,,0,49.60%,2065,92.61%,14000,43,Nidorina,,0,
418,Cutiefly,,742,♂,595,88,14,12,15,91.1,24.0,24.0,,,,"2026-07-02 18:07",2/13/2025,,,0,0,0,3500,64.76%,1444,95.81%,0,50,Ribombee,,0,99.07%,39,97.68%,451000,276,Ribombee,,0,,,,,,,,,
419,Nymble,,919,♂,250,61,15,15,12,93.3,15.0,15.0,,,,"2026-07-02 18:07",2/15/2025,,,0,0,0,1900,27.37%,2975,93.77%,35400,83,Lokix,,0,92.41%,312,97.40%,397400,318,Lokix,,0,26.30%,3019,89.49%,91400,82,Nymble,,0,
420,Staraptor,,398,♂,2374,152,14,13,11,84.4,30.0,30.0,,,,"2026-07-02 18:07",2/16/2025,,,0,0,0,5000,,,,,,,,,49.30%,2077,96.08%,34000,32,Staraptor,,0,,,,,,,,,
421,Drifloon,,425,♂,393,101,12,12,13,82.2,12.0,12.0,,,,"2026-07-02 18:07",2/16/2025,,,0,0,0,1300,47.69%,2143,94.22%,44400,95,Drifblim,,0,72.48%,1128,95.62%,393400,330,Drifblim,,0,39.05%,2497,91.41%,9000,12,Drifloon,,0,
422,Garchomp,Normal,445,♂,2799,169,12,15,15,93.3,25.0,25.0,,,,"2026-07-02 18:07",,,,0,0,0,4000,,,,,,,,,,,,,,,,,,,,,,,,,
423,Butterfree,,12,♂,555,74,10,14,14,84.4,11.0,11.0,,,,"2026-07-02 18:07",,,,0,0,0,1300,64.22%,1466,95.99%,103000,98,Butterfree,,0,98.14%,77,96.61%,508000,284,Butterfree,,0,,,,,,,,,
424,Druddigon,,621,♂,1532,118,12,14,14,88.9,20.0,20.0,,,,"2026-07-02 18:07",7/19/7075,,,0,0,0,0,,,,,,,,,61.54%,1576,96.48%,137000,130,Druddigon,,0,,,,,,,,,
425,Diglett,Normal,50,♂,272,39,12,14,10,80.0,15.0,15.0,,,,"2026-07-02 18:07",2/19/2025,,,0,1,0,2280,60.42%,1622,95.53%,283680,379,Dugtrio,Normal,1,99.19%,34,97.56%,402600,258,Dugtrio,Normal,2,67.06%,1350,93.52%,13800,13,Diglett,Normal,2,
426,Scizor,Normal,212,♂,1264,96,14,11,14,86.7,15.0,15.0,,,,"2026-07-02 18:07",2/19/2025,,,0,0,0,1900,31.16%,2820,94.09%,9800,10,Scizor,Normal,0,37.85%,2546,95.20%,91400,82,Scizor,Normal,0,,,,,,,,,
427,Luvdisc,,370,♀,578,92,12,12,14,84.4,25.0,25.0,,,,"2026-07-02 18:07",2/22/2025,,,0,0,0,4000,97.00%,124,94.03%,444000,220,Luvdisc,,0,97.00%,124,94.03%,444000,220,Luvdisc,,0,,,,,,,,,
428,Anorith,,347,,535,67,6,14,13,73.3,13.0,13.0,,,,"2026-07-02 18:07",,,,0,1,0,1921,93.06%,285,97.42%,380164,360,Anorith,,1,85.98%,575,97.68%,180964,240,Armaldo,,1,,,,,,,,,
429,Gothita,,574,,345,65,15,15,9,86.7,13.0,13.0,,,,"2026-07-02 18:06",2/23/2025,,,0,0,0,1600,55.68%,1816,94.88%,38800,163,Gothitelle,,0,43.76%,2304,94.85%,328800,401,Gothitelle,,0,17.17%,3393,89.99%,20600,22,Gothita,,0,
430,Virizion,,640,,2097,148,10,15,13,84.4,25.0,25.0,,,,"2026-07-02 18:06",,,,0,0,0,4000,,,,,,,,,53.48%,1906,96.14%,39000,34,Virizion,,0,,,,,,,,,
431,Golett,,622,,1081,125,14,14,12,88.9,35.0,35.0,,,,"2026-07-02 18:06",2/25/2025,,,0,0,0,8000,98.95%,44,96.27%,338000,118,Golett,,0,98.95%,44,96.27%,338000,118,Golett,,0,,,,,,,,,
432,Terrakion,,639,,2078,133,13,12,14,86.7,20.0,20.0,,,,"2026-07-02 18:06",2/25/2025,,,0,0,0,2500,,,,,,,,,75.48%,1005,96.67%,24000,22,Terrakion,,0,,,,,,,,,
433,Cobalion,,638,,1676,130,12,13,10,77.8,20.0,20.0,,,,"2026-07-02 18:06",2/25/2025,,,0,0,0,2500,,,,,,,,,17.78%,3368,94.51%,70000,62,Cobalion,,0,,,,,,,,,
434,Virizion,,640,,1695,130,14,14,10,84.4,20.0,20.0,,,,"2026-07-02 18:06",2/26/2025,,,0,0,0,2500,,,,,,,,,5.32%,3878,93.61%,65000,58,Virizion,,0,,,,,,,,,
435,Tornadus,Therian,641,♂,1777,118,11,12,11,75.6,20.0,20.0,,,,"2026-07-02 18:06",2/26/2025,,,0,0,0,2500,,,,,,,,,65.37%,1419,95.91%,56000,50,Tornadus,Therian,0,,,,,,,,,
436,Thundurus,Therian,642,♂,2053,121,12,12,15,86.7,20.0,20.0,,,,"2026-07-02 18:06",,,,0,0,0,2500,,,,,,,,,47.01%,2171,95.69%,24000,22,Thundurus,Therian,0,,,,,,,,,
437,Landorus,Therian,645,♂,2186,130,12,11,13,80.0,20.0,20.0,,,,"2026-07-02 18:06",2/26/2025,,,0,0,0,2500,,,,,,,,,42.61%,2351,95.40%,14000,13,Landorus,Therian,0,,,,,,,,,
438,Genesect,Normal,649,,1899,111,14,15,13,93.3,20.0,20.0,,,,"2026-07-02 18:06",2/26/2025,,,0,0,0,2500,,,,,,,,,48.06%,2128,95.64%,39000,34,Genesect,Normal,0,,,,,,,,,
439,Genesect,Normal,649,,1882,111,13,14,12,86.7,20.0,20.0,,,,"2026-07-02 18:06",2/26/2025,,,0,0,0,2500,,,,,,,,,73.80%,1074,96.66%,43000,38,Genesect,Normal,0,,,,,,,,,
440,Genesect,Normal,649,,1888,112,15,10,14,86.7,20.0,20.0,,,,"2026-07-02 18:06",2/26/2025,,,0,0,0,2500,,,,,,,,,20.66%,3250,94.49%,39000,34,Genesect,Normal,0,,,,,,,,,
441,Genesect,Normal,649,,1873,111,11,14,13,84.4,20.0,20.0,,,,"2026-07-02 18:06",2/26/2025,,,0,0,0,2500,,,,,,,,,74.55%,1043,96.68%,43000,38,Genesect,Normal,0,,,,,,,,,
442,Pikachu,Normal,25,♀,387,64,15,8,14,82.2,15.0,15.0,,,,"2026-07-02 18:06",2/27/2025,,,0,0,0,1900,38.44%,2522,93.89%,48900,95,Raichu,Normal,0,96.41%,148,95.78%,496400,318,Raichu,Normal,0,12.60%,3580,89.09%,16400,16,Pikachu,Normal,0,
443,Spheal,,363,♀,207,67,14,12,8,75.6,8.0,8.0,,,,"2026-07-02 18:06",2/27/2025,,,0,1,0,961,33.55%,2722,94.05%,62400,83,Sealeo,,2,37.07%,2578,95.22%,98400,217,Walrein,,2,69.82%,1237,94.20%,5522,35,Sealeo,,1,
444,Cubchoo,,613,♂,895,115,14,12,10,80.0,31.0,31.0,,,,"2026-07-02 18:06",2/28/2025,,,0,0,0,6000,95.73%,176,93.11%,390000,174,Cubchoo,,0,95.73%,176,93.11%,390000,174,Cubchoo,,0,,,,,,,,,
445,Rufflet,,627,♂,632,94,15,15,11,91.1,15.0,15.0,,,,"2026-07-02 18:06",,,,0,0,0,1900,59.54%,1658,94.41%,266400,268,Rufflet,,0,62.27%,1546,96.32%,81900,124,Braviary,Normal,0,,,,,,,,,
446,Pikachu,Normal,25,♂,390,64,13,13,14,88.9,15.0,15.0,,,,"2026-07-02 18:06",3/1/2025,,,0,0,0,1900,80.17%,813,95.91%,48900,95,Raichu,Normal,0,99.15%,36,97.85%,496400,318,Raichu,Normal,0,48.60%,2106,91.90%,16400,16,Pikachu,Normal,0,
447,Metagross,Normal,376,,1619,106,14,15,15,97.8,15.0,15.0,,,,"2026-07-02 18:06",3/1/2025,,,0,0,0,1900,,,,,,,,,76.12%,979,96.77%,38400,36,Metagross,Normal,0,,,,,,,,,
448,Cubone,,104,♂,367,68,15,15,6,80.0,13.0,13.0,,,,"2026-07-02 18:06",3/1/2025,,,0,1,0,1921,22.17%,3188,93.38%,33600,78,Marowak,Normal,2,96.58%,141,95.77%,402600,258,Marowak,Normal,2,14.07%,3520,89.61%,19444,27,Cubone,,1,
449,Deerling,,585,♂,482,87,14,15,15,97.8,15.0,15.0,,,,"2026-07-02 18:06",,,,0,0,0,1900,38.80%,2507,94.09%,29400,77,Sawsbuck,,0,83.37%,682,97.16%,310400,318,Sawsbuck,,0,74.51%,1045,93.90%,1900,2,Deerling,,0,
450,Kyurem,Normal,646,,2010,153,13,14,12,86.7,20.0,20.0,,,,"2026-07-02 18:06",3/1/2025,,,0,0,0,0,,,,,,,,,29.52%,2887,94.72%,27500,25,Kyurem,Normal,0,,,,,,,,,
451,Serperior,,497,♂,810,89,12,15,5,71.1,13.0,13.0,,,,"2026-07-02 18:06",3/1/2025,,,0,0,0,1600,50.31%,2036,94.87%,51800,50,Serperior,,0,87.25%,523,96.68%,502800,276,Serperior,,0,,,,,,,,,
452,Kyurem,Normal,646,,1973,152,10,13,10,73.3,20.0,20.0,,,,"2026-07-02 18:06",3/1/2025,,,0,0,0,0,,,,,,,,,51.06%,2005,95.58%,31000,28,Kyurem,Normal,0,,,,,,,,,
453,Emboar,,500,♂,1431,141,12,15,15,93.3,17.0,17.0,,,,"2026-07-02 18:06",3/1/2025,,,0,0,0,2200,57.02%,1761,95.49%,2200,2,Emboar,,0,70.96%,1190,96.62%,83800,74,Emboar,,0,,,,,,,,,
454,Cherubi,,420,♀,421,81,4,4,15,51.1,18.0,18.0,,,,"2026-07-02 18:06",3/1/2025,,,0,0,0,2200,84.74%,626,96.80%,65400,108,Cherrim,,0,51.75%,1977,87.90%,484400,306,Cherrim,,0,62.81%,1524,93.04%,14400,12,Cherubi,,0,
455,Samurott,Normal,503,♂,2394,167,14,14,13,91.1,30.0,30.0,,,,"2026-07-02 18:06",,,,0,0,0,5000,,,,,,,,,64.05%,1473,96.51%,28000,26,Samurott,Normal,0,,,,,,,,,
456,Deerling,,585,♂,483,87,15,14,14,95.6,15.0,15.0,,,,"2026-07-02 18:06",3/1/2025,,,0,0,0,1900,35.75%,2632,93.94%,29400,77,Sawsbuck,,0,71.67%,1161,96.42%,310400,318,Sawsbuck,,0,59.05%,1678,92.75%,1900,2,Deerling,,0,
457,Kyurem,Normal,646,,1998,152,14,12,10,80.0,20.0,20.0,,,,"2026-07-02 18:06",3/1/2025,,,0,0,0,0,,,,,,,,,74.90%,1029,96.55%,31000,28,Kyurem,Normal,0,,,,,,,,,
458,Unown,,201,,615,83,3,4,0,15.6,22.0,22.0,,,,"2026-07-02 18:06",3/1/2025,,,0,0,0,3000,3.17%,3966,73.92%,464000,238,Unown,,0,3.17%,3966,73.92%,464000,238,Unown,,0,,,,,,,,,
459,Deerling,,585,♂,481,87,14,15,14,95.6,15.0,15.0,,,,"2026-07-02 18:06",3/1/2025,,,0,0,0,1900,38.80%,2507,94.09%,29400,77,Sawsbuck,,0,74.02%,1065,96.57%,310400,318,Sawsbuck,,0,60.51%,1618,92.85%,1900,2,Deerling,,0,
460,Kyurem,Normal,646,,1979,154,10,12,13,77.8,20.0,20.0,,,,"2026-07-02 18:05",3/1/2025,,,0,0,0,0,,,,,,,,,66.08%,1390,96.18%,31000,28,Kyurem,Normal,0,,,,,,,,,
461,Unown,,201,,182,46,14,6,10,66.7,6.0,6.0,,,,"2026-07-02 18:05",3/1/2025,,,0,0,0,600,77.46%,924,87.99%,516400,294,Unown,,0,77.46%,924,87.99%,516400,294,Unown,,0,9.82%,3694,89.74%,21900,28,Unown,,0,
462,Serperior,,497,♂,2002,145,15,13,14,93.3,32.0,32.0,,,,"2026-07-02 18:05",3/1/2025,,,0,0,0,6000,,,,,,,,,95.53%,184,98.20%,320000,162,Serperior,,0,,,,,,,,,
463,Simisage,,512,♂,1171,110,14,8,14,80.0,18.0,18.0,,,,"2026-07-02 18:05",3/1/2025,,,0,0,0,2200,56.51%,1782,95.10%,26400,24,Simisage,,0,80.29%,808,96.11%,412400,256,Simisage,,0,,,,,,,,,
464,Simisear,,514,♂,2127,146,14,11,12,82.2,35.0,35.0,,,,"2026-07-02 18:05",3/1/2025,,,0,0,0,0,,,,,,,,,83.32%,684,96.35%,252000,118,Simisear,,0,,,,,,,,,
465,Zekrom,,644,,2865,146,15,12,15,93.3,25.0,25.0,,,,"2026-07-02 18:05",,,,0,0,0,4000,,,,,,,,,,,,,,,,,,,,,,,,,
466,Kyurem,Normal,646,,2019,152,14,15,11,88.9,20.0,20.0,,,,"2026-07-02 18:05",3/1/2025,,,0,0,0,0,,,,,,,,,51.79%,1975,95.61%,27500,25,Kyurem,Normal,0,,,,,,,,,
467,Landorus,Normal,645,♂,1978,130,10,10,13,73.3,20.0,20.0,,,,"2026-07-02 18:05",3/1/2025,,,0,0,0,2500,,,,,,,,,55.68%,1816,95.98%,31000,28,Landorus,Normal,0,,,,,,,,,
468,Tornadus,Normal,641,♂,1902,120,15,15,13,95.6,20.0,20.0,,,,"2026-07-02 18:05",3/1/2025,,,0,0,0,2500,,,,,,,,,43.93%,2297,95.30%,39000,34,Tornadus,Normal,0,,,,,,,,,
469,Thundurus,Normal,642,♂,1876,121,13,11,15,86.7,20.0,20.0,,,,"2026-07-02 18:05",3/1/2025,,,0,0,0,2500,,,,,,,,,71.84%,1154,96.36%,43000,38,Thundurus,Normal,0,,,,,,,,,
470,Larvesta,,636,♂,847,94,15,15,12,93.3,20.0,20.0,,,,"2026-07-02 18:05",3/2/2025,,,0,0,0,2500,60.42%,1622,94.49%,235000,248,Larvesta,,0,50.09%,2045,95.29%,24000,422,Volcarona,,0,,,,,,,,,
471,Sigilyph,,561,♀,1437,112,15,12,13,88.9,20.0,20.0,,,,"2026-07-02 18:05",2/7/7075,,,0,0,0,2500,24.15%,3107,93.79%,2500,2,Sigilyph,,0,42.44%,2358,95.68%,215000,233,Sigilyph,,0,,,,,,,,,
472,Kyurem,Normal,646,,2519,171,13,15,12,88.9,25.0,25.0,,,,"2026-07-02 18:05",3/2/2025,,,0,0,0,0,,,,,,,,,,,,,,,,,,,,,,,,,
473,Kyurem,Normal,646,,2015,155,15,10,15,88.9,20.0,20.0,,,,"2026-07-02 18:05",3/2/2025,,,0,0,0,0,,,,,,,,,23.79%,3122,94.49%,27500,25,Kyurem,Normal,0,,,,,,,,,
474,Maractus,,556,♂,1283,115,15,13,13,91.1,20.0,20.0,,,,"2026-07-02 18:05",3/3/2025,,,0,0,0,2500,33.11%,2740,94.30%,17000,16,Maractus,,0,96.14%,159,97.81%,431000,248,Maractus,,0,,,,,,,,,
475,Sawk,,539,♂,1578,117,15,12,15,93.3,20.0,20.0,,,,"2026-07-02 18:05",3/3/2025,,,0,0,0,2500,,,,,,,,,37.56%,2558,95.66%,109000,98,Sawk,,0,,,,,,,,,
476,Shellos,,422,♀,339,87,11,11,15,82.2,11.0,11.0,,,,"2026-07-02 18:05",3/7/2025,,,0,0,0,1300,32.04%,2784,94.03%,50000,102,Gastrodon,,0,94.26%,236,97.56%,464000,334,Gastrodon,,0,46.15%,2206,92.47%,15400,20,Shellos,,0,
477,Skeledirge,,911,♂,2700,185,13,15,15,95.6,33.0,33.0,,,,"2026-07-02 18:05",3/8/2025,,,0,0,0,7000,,,,,,,,,,,,,,,,,,,,,,,,,
478,Skeledirge,,911,♂,3180,199,15,14,13,93.3,44.5,44.5,,,,"2026-07-02 18:05",3/8/2025,,,0,0,0,12000,,,,,,,,,,,,,,,,,,,,,,,,,
479,Reuniclus,,579,,1495,144,15,14,13,93.3,18.0,18.0,,,,"2026-07-02 18:05",3/10/2025,,,0,0,0,2200,74.97%,1026,96.47%,0,0,Reuniclus,,0,47.94%,2133,96.03%,84400,74,Reuniclus,,0,,,,,,,,,
480,Machop,,66,♀,498,93,15,10,15,88.9,14.0,14.0,,,,"2026-07-02 18:05",,,,0,0,0,1600,25.25%,3062,93.75%,63600,83,Machoke,,0,51.18%,2000,95.86%,89600,207,Machamp,,0,61.49%,1578,93.78%,0,0,Machop,,0,
481,Scizor,Normal,212,♀,1085,89,11,13,13,82.2,13.0,13.0,,,,"2026-07-02 18:05",3/11/2025,,,0,1,0,0,27.94%,2952,93.93%,19444,27,Scizor,Normal,1,36.68%,2594,95.15%,35600,35,Scizor,Normal,2,,,,,,,,,
482,Cranidos,,408,♂,401,67,13,14,12,86.7,8.0,8.0,,,,"2026-07-02 18:05",3/13/2025,,,0,1,0,961,80.42%,803,96.28%,130326,147,Cranidos,,1,89.74%,421,97.22%,13800,58,Rampardos,,2,38.32%,2527,91.62%,3122,6,Cranidos,,1,
483,Wynaut,,360,♀,300,136,15,13,13,91.1,20.0,20.0,,,,"2026-07-02 18:05",3/13/2025,,,0,0,0,2500,99.41%,25,97.76%,475000,273,Wobbuffet,,0,99.41%,25,97.76%,475000,273,Wobbuffet,,0,59.02%,1679,90.97%,161000,160,Wynaut,,0,
484,Excadrill,,530,♂,2740,188,12,14,15,91.1,30.0,30.0,,,,"2026-07-02 18:05",3/12/7075,,,0,0,0,5000,,,,,,,,,,,,,,,,,,,,,,,,,
485,Pikachu,Normal,25,♂,382,64,11,13,13,82.2,15.0,15.0,,,,"2026-07-02 18:04",3/14/2025,,,0,0,0,1900,62.76%,1526,94.98%,48900,95,Raichu,Normal,0,97.14%,118,96.21%,496400,318,Raichu,Normal,0,78.10%,898,94.10%,18900,18,Pikachu,Normal,0,
486,Pikachu,Normal,25,♂,385,63,13,13,11,82.2,15.0,15.0,,,,"2026-07-02 18:04",3/14/2025,,,0,0,0,1900,44.86%,2259,94.18%,48900,95,Raichu,Normal,0,96.34%,151,95.78%,496400,318,Raichu,Normal,0,30.18%,2860,90.62%,16400,16,Pikachu,Normal,0,
487,Tapu Koko,,785,,2217,123,13,12,13,84.4,25.0,25.0,,,,"2026-07-02 18:04",3/14/2025,,,0,0,0,4000,,,,,,,,,52.75%,1936,95.88%,25000,22,Tapu Koko,,0,,,,,,,,,
488,Vivillon,,666,♂,788,106,15,13,15,95.6,15.0,15.0,,,,"2026-07-02 18:04",3/14/2025,,,0,0,0,0,65.71%,1405,95.60%,81900,74,Vivillon,,0,99.71%,13,98.31%,496400,268,Vivillon,,0,,,,,,,,,
489,Archen,,566,♂,782,83,15,13,15,95.6,15.0,15.0,,,,"2026-07-02 18:04",3/16/2025,,,0,0,0,1900,47.28%,2160,94.77%,81900,74,Archen,,0,35.78%,2631,94.92%,60400,104,Archeops,,0,,,,,,,,,
490,Bagon,,371,,248,51,15,10,8,73.3,8.0,8.0,,,,"2026-07-02 18:04",3/16/2025,,,0,1,0,961,15.95%,3443,92.94%,97926,142,Shelgon,,1,59.00%,1680,96.13%,75126,221,Salamence,Normal,1,7.67%,3782,89.16%,22926,39,Bagon,,1,
491,Vibrava,,329,♂,449,72,15,13,14,93.3,13.0,13.0,,,,"2026-07-02 18:04",3/17/2025,,,0,1,0,1921,24.91%,3076,93.92%,30364,139,Flygon,,1,49.18%,2082,95.95%,107600,206,Flygon,,2,13.38%,3548,89.62%,3842,6,Vibrava,,1,
492,Shellder,,90,♂,664,70,15,15,10,88.9,22.0,22.0,,,,"2026-07-02 18:04",,,,0,0,0,3000,98.85%,48,95.92%,464000,238,Shellder,,0,21.20%,3228,94.61%,204000,273,Cloyster,,0,,,,,,,,,
493,Gorebyss,,368,♀,1692,105,15,11,15,91.1,24.0,24.0,,,,"2026-07-02 18:04",,,,0,0,0,3500,,,,,,,,,68.60%,1287,96.50%,221000,226,Gorebyss,,0,,,,,,,,,
494,Sharpedo,Normal,319,♂,925,96,15,13,15,95.6,15.0,15.0,,,,"2026-07-02 18:04",3/21/2025,,,0,0,0,1900,60.10%,1635,94.78%,45400,42,Sharpedo,Normal,0,99.54%,20,97.96%,496400,268,Sharpedo,Normal,0,,,,,,,,,
495,Vullaby,,629,♀,726,111,15,15,15,100.0,20.0,20.0,,,,"2026-07-02 18:04",3/21/2025,,,0,0,0,2500,44.88%,2258,94.23%,27500,75,Mandibuzz,,0,100.00%,1,100%,475000,298,Mandibuzz,,0,,,,,,,,,
496,Vivillon,,666,♀,786,105,15,13,14,93.3,15.0,15.0,,,,"2026-07-02 18:04",3/25/2025,,,0,0,0,1900,52.58%,1943,94.95%,81900,74,Vivillon,,0,99.46%,23,97.73%,496400,268,Vivillon,,0,,,,,,,,,
497,Totodile,,158,♂,670,88,15,2,1,40.0,23.0,23.0,,,,"2026-07-02 18:04",3/22/2025,,,0,0,0,3500,0.00%,4096,90.51%,136000,159,Croconaw,,0,3.49%,3953,93.79%,128000,249,Feraligatr,,0,,,,,,,,,
498,Clawitzer,,693,♂,1574,112,15,14,15,97.8,20.0,20.0,,,,"2026-07-02 18:04",3/22/2025,,,0,0,0,2500,,,,,,,,,73.94%,1068,96.86%,116000,106,Clawitzer,,0,,,,,,,,,
499,Nickit,,827,♂,402,80,15,12,15,93.3,20.0,20.0,,,,"2026-07-02 18:04",,,,0,0,0,2500,33.53%,2723,93.94%,27500,75,Thievul,,0,99.68%,14,98.32%,475000,298,Thievul,,0,25.52%,3051,89.29%,27500,25,Nickit,,0,
500,Mienfoo,,619,♂,786,85,15,13,15,95.6,20.0,20.0,,,,"2026-07-02 18:04",3/24/2025,,,0,0,0,2500,93.33%,274,96.23%,376000,248,Mienfoo,,0,75.73%,995,96.83%,137000,180,Mienshao,,0,,,,,,,,,
501,Pinsir,Normal,127,♀,2077,118,12,13,15,88.9,25.0,25.0,,,,"2026-07-02 18:04",3/24/2025,,,0,0,0,4000,,,,,,,,,81.44%,761,97.29%,44000,38,Pinsir,Normal,0,,,,,,,,,
502,Lumineon,,457,♂,746,94,10,15,12,82.2,15.0,15.0,,,,"2026-07-02 18:04",3/24/2025,,,0,0,0,1900,66.62%,1368,95.97%,96400,86,Lumineon,,0,95.56%,183,94.94%,496400,268,Lumineon,,0,,,,,,,,,
503,Totodile,,158,♂,476,77,15,12,13,88.9,15.0,15.0,,,,"2026-07-02 18:04",3/26/2025,,,0,0,0,1900,65.01%,1434,95.81%,14200,139,Feraligatr,,0,43.74%,2305,95.91%,118400,231,Feraligatr,,0,22.52%,3174,90.55%,1900,2,Totodile,,0,
504,Kabuto,,140,♂,586,59,13,12,12,82.2,15.5,15.5,,,,"2026-07-02 18:04",3/29/2025,,,0,0,0,1900,96.63%,139,97.45%,494500,266,Kabuto,,0,62.52%,1536,96.52%,172500,218,Kabutops,,0,,,,,,,,,
505,Kabuto,,140,♂,578,59,14,15,13,93.3,15.0,15.0,Mud Shot,,,"2026-07-02 18:04",3/29/2025,16.73kg,0.59m,0,0,0,1900,98.49%,63,98.21%,452400,268,Kabuto,,0,53.31%,1913,96.16%,158400,200,Kabutops,,0,,,,,,,,,
506,Omanyte,,138,♂,654,64,15,14,13,93.3,15.0,15.0,,,,"2026-07-02 18:04",3/29/2025,,,0,0,0,1900,40.39%,2442,93.98%,217400,226,Omanyte,,0,37.02%,2580,95.27%,130400,168,Omastar,,0,,,,,,,,,
507,Dewpider,,751,♂,423,78,15,14,13,93.3,21.0,21.0,,,,"2026-07-02 18:04",3/29/2025,,,0,0,0,3000,5.89%,3855,92.00%,55500,100,Araquanid,,0,99.63%,16,98.28%,470000,294,Araquanid,,0,24.35%,3099,89.11%,22500,21,Dewpider,,0,
508,Vivillon,,666,♂,775,105,14,11,14,86.7,15.0,15.0,,,,"2026-07-02 18:04",3/29/2025,,,0,0,0,0,55.60%,1819,95.10%,86400,78,Vivillon,,0,97.24%,114,95.55%,496400,268,Vivillon,,0,,,,,,,,,
509,Sizzlipede,,850,♀,441,78,15,11,15,91.1,15.0,15.0,,,,"2026-07-02 18:04",3/30/2025,,,0,0,0,1900,42.49%,2356,94.70%,9800,60,Centiskorch,,0,49.45%,2071,95.75%,91400,132,Centiskorch,,0,59.27%,1669,93.27%,7600,8,Sizzlipede,,0,
510,Shedinja,,292,,155,10,13,15,13,91.1,15.0,15.0,,,,"2026-07-02 18:04",2/20/7075,,,0,0,0,1900,93.50%,267,83.61%,496400,268,Shedinja,,0,93.50%,267,83.61%,496400,268,Shedinja,,0,93.50%,267,83.61%,496400,268,Shedinja,,0,
511,Tapu Lele,,786,,2431,124,11,11,14,80.0,25.0,25.0,,,,"2026-07-02 18:04",3/31/2025,,,0,0,0,4000,,,,,,,,,69.91%,1233,96.59%,4000,3,Tapu Lele,,0,,,,,,,,,
512,Zubat,,41,♂,140,49,12,10,12,75.6,8.0,8.0,,,,"2026-07-02 18:04",4/1/2025,,,0,1,0,961,80.10%,816,96.35%,49326,194,Crobat,,1,43.30%,2323,95.62%,125200,251,Crobat,,2,48.77%,2099,91.43%,15400,15,Zubat,,2,
513,Meltan,,808,,205,49,15,13,13,91.1,7.0,7.0,,,,"2026-07-02 18:04",4/1/7075,,,0,0,0,800,40.46%,2439,94.31%,17200,422,Melmetal,,0,75.46%,1006,96.78%,67700,469,Melmetal,,0,44.47%,2275,91.63%,24500,30,Meltan,,0,
514,Scorbunny,,813,♂,618,89,14,15,13,93.3,20.0,20.0,,,,"2026-07-02 18:04",4/2/2025,,,0,0,0,2500,57.26%,1751,95.71%,65000,83,Raboot,,0,53.58%,1902,96.15%,65000,183,Cinderace,,0,,,,,,,,,
515,Scorbunny,,813,♂,616,90,14,13,15,93.3,20.0,20.0,,,,"2026-07-02 18:04",4/2/2025,,,0,0,0,2500,59.93%,1642,95.84%,65000,83,Raboot,,0,41.95%,2378,95.72%,65000,183,Cinderace,,0,,,,,,,,,
516,Koffing,,109,♀,442,64,13,15,14,93.3,13.0,13.0,,,,"2026-07-02 18:04",4/3/7075,,,0,1,0,1921,60.63%,1613,95.13%,53764,114,Weezing,Normal,1,97.58%,100,98.30%,533764,410,Weezing,Normal,1,63.93%,1478,93.37%,5763,9,Koffing,,1,
517,Yungoos,,734,♂,652,102,15,10,14,86.7,27.0,27.0,,,,"2026-07-02 18:04",4/3/7075,,,0,0,0,4500,95.58%,182,92.21%,428000,206,Yungoos,,0,96.83%,131,95.57%,428000,256,Gumshoos,,0,,,,,,,,,
518,Carnivine,,455,♀,586,81,15,2,13,66.7,10.0,10.0,,,,"2026-07-02 18:04",4/3/2025,,,0,0,0,1000,26.79%,2999,93.46%,70000,69,Carnivine,,0,72.58%,1124,90.27%,510000,286,Carnivine,,0,,,,,,,,,
519,Cranidos,,408,♂,400,67,12,14,13,86.7,8.0,8.0,,,,"2026-07-02 18:04",4/4/2025,,,0,1,0,961,84.57%,633,96.61%,130326,147,Cranidos,,1,96.07%,162,97.92%,102726,172,Rampardos,,1,50.13%,2043,92.47%,3122,6,Cranidos,,1,
520,Togedemaru,,777,♀,1210,106,11,15,15,91.1,20.0,20.0,,,,"2026-07-02 18:03",4/4/2025,,,0,0,0,2500,67.20%,1344,95.77%,27500,25,Togedemaru,,0,99.51%,21,98.05%,475000,248,Togedemaru,,0,,,,,,,,,
521,Bonsly,,438,♂,738,90,14,15,15,97.8,20.0,20.0,,,,"2026-07-02 18:03",4/4/2025,,,0,0,0,2500,99.95%,3,99.28%,475000,248,Bonsly,,0,99.95%,3,99.45%,475000,298,Sudowoodo,,0,,,,,,,,,
522,Makuhita,,296,♂,252,83,14,15,12,91.1,11.0,11.0,,,,"2026-07-02 18:03",4/4/2025,,,0,0,0,1300,57.36%,1747,95.24%,25800,80,Hariyama,,0,46.01%,2212,95.65%,130000,172,Hariyama,,0,49.26%,2079,91.70%,41000,43,Makuhita,,0,
523,Audino,Normal,531,♂,949,145,15,12,13,88.9,20.0,20.0,,,,"2026-07-02 18:03",,,,0,0,0,2500,25.13%,3067,93.24%,109000,98,Audino,Normal,0,99.24%,32,97.84%,475000,248,Audino,Normal,0,,,,,,,,,
524,Glalie,Normal,362,♂,890,105,14,13,14,91.1,15.0,15.0,,,,"2026-07-02 18:03",4/5/2025,,,0,0,0,1900,41.32%,2404,94.59%,52400,48,Glalie,Normal,0,99.39%,26,97.74%,496400,268,Glalie,Normal,0,,,,,,,,,
525,Sableye,Normal,302,♂,311,56,14,0,13,60.0,8.0,8.0,,,,"2026-07-02 18:03",4/6/7075,,,0,1,0,961,37.41%,2564,92.49%,497526,384,Sableye,Normal,1,85.49%,595,91.39%,404600,215,Sableye,Normal,2,20.81%,3244,90.61%,11402,21,Sableye,Normal,1,
526,Espurr,,677,♀,874,114,13,13,13,86.7,25.0,25.0,,,,"2026-07-02 18:03",4/6/2025,,,0,0,0,4000,48.16%,2124,94.84%,0,50,Meowstic,Female,0,98.32%,70,96.61%,444000,270,Meowstic,Female,0,,,,,,,,,
527,Huntail,,367,,988,83,13,13,15,91.1,15.0,15.0,,,,"2026-07-02 18:03",4/6/2025,,,0,0,0,1900,65.15%,1428,95.59%,35400,33,Huntail,,0,94.14%,241,97.42%,397400,268,Huntail,,0,,,,,,,,,
528,Annihilape,,979,♀,1459,137,15,6,15,80.0,16.0,16.0,,,,"2026-07-02 18:03",4/6/2025,,,0,1,0,2280,5.27%,3880,92.29%,0,0,Annihilape,,1,26.76%,3000,94.86%,17400,17,Annihilape,,2,,,,,,,,,
529,Burmy,,412,♂,356,91,14,15,14,95.6,26.0,26.0,,,,"2026-07-02 18:03",4/6/2025,,,0,0,0,4000,62.10%,1553,95.51%,26000,74,Mothim,,0,99.88%,6,98.87%,436000,264,Mothim,,0,92.50%,308,94.54%,250000,214,Burmy,,0,
530,Oinkologne,Female,916,♀,1056,136,15,13,12,88.9,15.0,15.0,,,,"2026-07-02 18:03",4/6/2025,,,0,0,0,1900,18.22%,3350,93.03%,26400,24,Oinkologne,Female,0,42.95%,2337,95.40%,266400,268,Oinkologne,Female,0,,,,,,,,,
531,Morpeko,,877,♂,826,85,15,13,15,95.6,15.0,15.0,,,,"2026-07-02 18:03",4/7/2025,,,0,0,0,1900,56.58%,1779,95.08%,68400,62,Morpeko,,0,99.76%,11,98.53%,496400,268,Morpeko,,0,,,,,,,,,
532,Trubbish,,568,♂,215,54,14,11,8,73.3,8.0,8.0,,,,"2026-07-02 18:03",4/7/2025,,,0,1,0,961,31.01%,2826,94.02%,66726,138,Garbodor,,1,78.19%,894,96.29%,313500,258,Garbodor,,2,14.77%,3491,89.65%,35046,54,Trubbish,,1,
533,Snorunt,,361,♀,359,77,10,14,13,82.2,15.0,15.0,,,,"2026-07-02 18:03",4/8/2025,,,0,0,0,1900,80.20%,812,95.80%,64400,158,Froslass,,0,96.48%,145,95.50%,496400,368,Glalie,Normal,0,46.11%,2208,91.51%,23900,22,Snorunt,,0,
534,Shuppet,,353,♂,431,71,15,15,12,93.3,15.0,15.0,,,,"2026-07-02 18:03",,,,0,0,0,1900,81.15%,773,95.87%,38400,86,Banette,Normal,0,97.56%,101,98.22%,424400,318,Banette,Normal,0,38.66%,2513,91.28%,7600,8,Shuppet,,0,
535,Hitmonchan,,107,♂,833,71,10,13,12,77.8,13.0,13.0,,,,"2026-07-02 18:03",,,,0,1,0,1921,43.83%,2301,94.71%,53764,64,Hitmonchan,,1,96.00%,165,98.01%,327200,215,Hitmonchan,,2,,,,,,,,,
536,Sceptile,Normal,254,♂,1550,109,15,12,12,86.7,20.0,20.0,,,,"2026-07-02 18:03",4/9/7075,,,0,0,0,2500,,,,,,,,,51.36%,1993,96.13%,130000,122,Sceptile,Normal,0,,,,,,,,,
537,Stakataka,,805,,1848,99,15,11,11,82.2,20.0,20.0,,,,"2026-07-02 18:03",4/9/2025,,,0,0,0,2500,,,,,,,,,44.81%,2261,95.15%,47000,42,Stakataka,,0,,,,,,,,,
538,Marill,,183,♂,337,126,15,12,14,91.1,26.0,26.0,,,,"2026-07-02 18:03",4/10/2025,,,0,0,0,4000,22.54%,3173,92.75%,122000,151,Azumarill,,0,99.34%,28,97.72%,436000,239,Azumarill,,0,98.75%,52,97.45%,378000,214,Marill,,0,
539,Golett,,622,,257,62,15,7,14,80.0,8.0,8.0,,,,"2026-07-02 18:03",,,,0,1,0,961,8.45%,3750,92.66%,37686,107,Golurk,,1,22.86%,3160,94.97%,64400,108,Golurk,,2,12.26%,3594,89.72%,20646,36,Golett,,1,
540,Cherubi,,420,♀,520,82,11,9,7,60.0,21.0,21.0,,,,"2026-07-02 18:03",4/13/2025,,,0,0,0,3000,32.94%,2747,94.12%,42000,88,Cherrim,,0,71.28%,1177,90.14%,470000,294,Cherrim,,0,,,,,,,,,
541,Gossifleur,,829,♀,283,69,14,14,15,95.6,15.0,15.0,,,,"2026-07-02 18:03",4/13/2025,,,0,0,0,1900,58.14%,1715,95.10%,64400,108,Eldegoss,,0,99.78%,10,98.95%,496400,318,Eldegoss,,0,18.88%,3323,88.48%,60400,54,Gossifleur,,0,
542,Cherubi,,420,♂,118,40,11,8,12,68.9,5.0,5.0,,,,"2026-07-02 18:03",4/13/2025,,,0,0,0,600,18.29%,3347,93.29%,85600,136,Cherrim,,0,83.86%,662,91.97%,517600,346,Cherrim,,0,81.51%,758,94.80%,5600,58,Cherrim,,0,
543,Cherubi,,420,,438,77,7,11,9,60.0,18.0,18.0,,,,"2026-07-02 18:03",4/13/2025,,,0,0,0,2200,79.07%,858,96.43%,60900,104,Cherrim,,0,73.36%,1092,90.42%,484400,306,Cherrim,,0,78.88%,866,94.31%,11900,10,Cherubi,,0,
544,Cherubi,,420,♂,496,82,6,9,6,46.7,21.0,21.0,,,,"2026-07-02 18:03",4/13/2025,,,0,0,0,3000,65.37%,1419,95.68%,51000,96,Cherrim,,0,44.08%,2291,87.06%,470000,294,Cherrim,,0,74.24%,1056,93.91%,0,0,Cherubi,,0,
545,Cherubi,,420,♀,320,71,1,5,15,46.7,14.0,14.0,,,,"2026-07-02 18:03",4/13/2025,,,0,0,0,1600,97.07%,121,98.19%,85100,128,Cherrim,,0,42.93%,2338,86.93%,499600,322,Cherrim,,0,83.35%,683,94.75%,32600,31,Cherubi,,0,
546,Gossifleur,,829,♂,281,69,13,15,15,95.6,15.0,15.0,,,,"2026-07-02 18:03",4/13/2025,,,0,0,0,1900,54.99%,1844,94.94%,64400,108,Eldegoss,,0,99.71%,13,98.77%,496400,318,Eldegoss,,0,41.95%,2378,90.86%,64400,58,Gossifleur,,0,
547,Cherubi,,420,♂,646,95,15,5,15,77.8,25.0,25.0,,,,"2026-07-02 18:03",4/13/2025,,,0,0,0,4000,8.57%,3745,92.54%,8000,56,Cherrim,,0,93.04%,286,94.05%,444000,270,Cherrim,,0,,,,,,,,,
548,Cherubi,,420,,585,97,2,0,15,37.8,26.0,26.0,,,,"2026-07-02 18:02",,,,0,0,0,0,64.54%,1453,95.64%,21500,70,Cherrim,,0,23.49%,3134,84.67%,436000,264,Cherrim,,0,,,,,,,,,
549,Oddish,,43,♂,1024,103,12,15,13,88.9,30.0,30.0,,,,"2026-07-02 18:02",4/13/2025,,,0,0,0,5000,66.32%,1380,95.99%,48000,73,Gloom,,0,99.44%,24,99.25%,370000,307,Bellossom,,0,,,,,,,,,
550,Skorupi,,451,♀,224,50,14,13,15,93.3,8.0,8.0,,,,"2026-07-02 18:02",4/14/2025,,,0,1,0,961,59.41%,1663,95.40%,55926,126,Drapion,,1,70.45%,1211,96.15%,207500,260,Drapion,,2,50.38%,2033,92.26%,32406,51,Skorupi,,1,
551,Eevee,,133,♂,450,82,14,13,14,91.1,15.0,15.0,,,,"2026-07-02 18:02",4/14/2025,,,0,0,0,1900,85.01%,615,96.66%,12000,37,Leafeon,,0,60.17%,1632,96.41%,96400,111,Leafeon,,0,40.32%,2445,91.84%,5700,6,Eevee,,0,
552,Cherubi,,420,♂,506,83,1,6,3,22.2,23.0,23.0,,,,"2026-07-02 18:02",,,,0,0,0,3500,40.66%,2431,94.50%,48000,92,Cherrim,,0,7.52%,3788,81.91%,458000,282,Cherrim,,0,,,,,,,,,
553,Cherubi,,420,♀,367,68,8,4,0,26.7,16.0,16.0,,,,"2026-07-02 18:02",4/14/2025,,,0,0,0,1900,16.36%,3426,93.16%,78100,120,Cherrim,,0,9.91%,3690,82.47%,492600,314,Cherrim,,0,16.02%,3440,89.59%,25600,23,Cherubi,,0,
554,Pancham,,674,♂,850,108,15,15,15,100.0,20.0,20.0,,,,"2026-07-02 18:02",4/15/2025,,,0,0,0,2500,75.16%,1018,95.28%,235000,248,Pancham,,0,64.08%,1472,96.40%,75000,116,Pangoro,,0,,,,,,,,,
555,Remoraid,,223,♂,516,74,15,14,14,95.6,20.0,20.0,,,,"2026-07-02 18:02",4/15/7075,,,0,0,0,2500,39.49%,2479,94.36%,14000,63,Octillery,,0,92.65%,302,97.54%,376000,298,Octillery,,0,,,,,,,,,
556,Fomantis,,753,♂,161,49,13,14,12,86.7,8.0,8.0,,,,"2026-07-02 18:02",4/15/2025,,,0,0,0,800,39.37%,2484,94.48%,49600,102,Lurantis,,0,85.32%,602,96.69%,375600,340,Lurantis,,0,38.27%,2529,90.80%,62600,64,Fomantis,,0,
557,Talonflame,,663,♀,1238,120,14,11,15,88.9,20.0,20.0,,,,"2026-07-02 18:02",4/15/2025,,,0,0,0,2500,44.57%,2271,94.84%,24000,22,Talonflame,,0,98.41%,66,97.14%,475000,248,Talonflame,,0,,,,,,,,,
558,Pikachu,Normal,25,♂,393,64,14,13,14,91.1,15.0,15.0,,,,"2026-07-02 18:02",4/17/2025,,,0,0,0,1900,31.43%,2809,93.56%,45400,92,Raichu,Normal,0,99.49%,22,98.32%,496400,318,Raichu,Normal,0,59.17%,1673,92.63%,16400,16,Pikachu,Normal,0,
559,Tepig,,498,♂,239,66,13,14,15,93.3,8.0,8.0,,,,"2026-07-02 18:02",4/18/2025,,,0,1,0,961,61.47%,1579,95.69%,108126,152,Pignite,,1,63.64%,1490,96.33%,130326,272,Emboar,,1,79.80%,828,95.30%,27486,45,Tepig,,1,
560,Vivillon,,666,♂,750,103,10,10,11,68.9,15.0,15.0,,,,"2026-07-02 18:02",4/18/2025,,,0,0,0,0,75.14%,1019,96.12%,96400,86,Vivillon,,0,82.05%,736,91.09%,496400,268,Vivillon,,0,,,,,,,,,
561,Vivillon,,666,♂,767,105,10,14,13,82.2,15.0,15.0,,,,"2026-07-02 18:02",,,,0,0,0,1900,64.76%,1444,95.55%,86400,78,Vivillon,,0,97.05%,122,95.43%,496400,268,Vivillon,,0,,,,,,,,,
562,Ceruledge,,937,♀,1803,115,15,15,13,95.6,20.0,20.0,,,,"2026-07-02 18:02",4/18/2025,,,0,0,0,2500,,,,,,,,,41.83%,2383,95.53%,51500,46,Ceruledge,,0,,,,,,,,,
563,Armarouge,,936,♀,1816,126,15,12,14,91.1,20.0,20.0,,,,"2026-07-02 18:02",4/21/2025,,,0,0,0,2500,,,,,,,,,68.89%,1275,96.14%,51500,46,Armarouge,,0,,,,,,,,,
564,Tinkaton,,959,♀,1277,126,15,14,13,93.3,20.0,20.0,Rock Smash,Gigaton Hammer,,"2026-07-02 18:02",4/21/2025,77.47kg,0.65m,0,0,0,2500,61.32%,1585,95.51%,20500,19,Tinkaton,,0,99.22%,33,98.99%,445000,248,Tinkaton,,0,,,,,,,,,
565,Ninetales,Normal,38,♀,824,92,12,11,15,84.4,13.0,13.0,,,,"2026-07-02 18:02",,,,0,1,0,1921,66.69%,1365,95.62%,57964,68,Ninetales,Normal,1,98.29%,71,98.49%,585364,360,Ninetales,Normal,1,,,,,,,,,
566,Elekid,,239,♂,683,85,15,13,15,95.6,20.0,20.0,,,,"2026-07-02 18:02",4/24/2025,,,0,0,0,2500,60.61%,1614,95.66%,14000,38,Electabuzz,,0,94.09%,243,97.42%,363000,273,Electabuzz,,0,,,,,,,,,
567,Gurdurr,,533,♂,752,98,8,12,6,57.8,13.0,13.0,,,,"2026-07-02 18:01",,,,0,1,0,1921,76.41%,967,96.52%,14524,221,Conkeldurr,,1,70.06%,1227,96.35%,17400,197,Conkeldurr,,2,,,,,,,,,
568,Musharna,,518,♂,1475,155,15,15,14,97.8,19.0,19.0,,,,"2026-07-02 18:01",,,,0,0,0,2500,30.82%,2834,94.08%,0,0,Musharna,,0,31.84%,2792,94.92%,128000,118,Musharna,,0,,,,,,,,,
569,Applin,,840,♀,591,92,15,14,7,80.0,30.0,30.0,,,,"2026-07-02 18:01",4/27/2025,,,0,0,0,5000,96.56%,142,93.09%,400000,182,Applin,,0,63.91%,1479,95.35%,288000,382,Dipplin,,0,,,,,,,,,
570,Entei,,244,,1937,155,12,14,10,80.0,20.0,20.0,,,,"2026-07-02 18:01",4/27/2025,,,0,0,0,0,,,,,,,,,49.72%,2060,95.99%,35000,31,Entei,,0,,,,,,,,,
571,Cherubi,,420,,393,72,12,15,12,86.7,15.0,15.0,,,,"2026-07-02 18:01",4/27/2025,,,0,0,0,1900,56.87%,1767,95.27%,60400,104,Cherrim,,0,98.32%,70,96.50%,496400,318,Cherrim,,0,70.18%,1222,93.60%,16400,16,Cherubi,,0,
572,Entei,,244,,1957,157,15,12,12,86.7,20.0,20.0,,,,"2026-07-02 18:01",,,,0,0,0,2500,,,,,,,,,66.25%,1383,96.65%,35000,31,Entei,,0,,,,,,,,,
573,Accelgor,,617,♂,106,33,13,13,13,86.7,2.0,2.0,,,,"2026-07-02 18:01",2/9/2025,,,1,0,0,100,25.23%,3063,93.76%,26300,61,Accelgor,,0,69.50%,1250,96.40%,172800,302,Accelgor,,0,5.89%,3855,87.30%,2200,10,Accelgor,,0,
574,Abra,,63,♂,831,67,15,13,14,93.3,22.0,22.0,,,,"2026-07-02 18:01",4/27/2025,,,0,0,0,3000,99.17%,35,98.01%,464000,238,Abra,,0,40.63%,2432,95.53%,49500,169,Alakazam,Normal,0,,,,,,,,,
575,Cherubi,,420,♂,515,85,11,11,15,82.2,20.0,20.0,,,,"2026-07-02 18:01",4/28/2025,,,0,0,0,2500,80.73%,790,96.53%,43000,88,Cherrim,,0,96.73%,135,95.51%,475000,298,Cherrim,,0,,,,,,,,,
576,Bidoof,,399,♂,10,15,12,14,11,82.2,1.0,1.0,Take Down,,,"2026-07-02 18:01",4/29/2025,25.8kg,0.6m,0,0,0,200,50.82%,2015,95.17%,115000,168,Bibarel,,0,97.31%,111,95.85%,520000,354,Bibarel,,0,58.24%,1711,92.41%,80000,87,Bidoof,,0,
577,Karrablast,,588,♂,391,69,13,12,13,84.4,12.0,12.0,Peck,,,"2026-07-02 18:01",2/9/2025,5.75kg,0.44m,0,0,0,1300,81.90%,742,96.19%,23200,226,Escavalier,,0,52.31%,1954,96.16%,121400,312,Escavalier,,0,33.16%,2738,91.62%,9000,12,Karrablast,,0,
578,Poliwag,,60,♂,256,59,,,,93.9,11.0,11.0,Mud Shot,,,"2026-07-02 18:01",,10.32kg,0.57m,0,0,0,1300,90.41%,174,97.50%,383000,309,Poliwhirl,,0,46.94%,1806,95.47%,300000,409,Politoed,,0,50.07%,947,94.31%,41000,43,Poliwag,,0,
579,Stufful,,759,♀,567,96,,,,90.4,15.0,15.0,Tackle,,,"2026-07-02 18:01",,6.52kg,0.4m,0,0,0,1900,99.33%,6,99.13%,496400,268,Stufful,,0,18.01%,3028,94.77%,77400,470,Bewear,,0,,,,,,,,,
580,Tapu Fini,,788,,2005,122,,,,84.4,25.0,25.0,Hidden Power,Nature's Madness,,"2026-07-02 18:01",,30.92kg,1.56m,0,0,0,4000,,,,,,,,,26.96%,2556,95.60%,66000,58,Tapu Fini,,0,,,,,,,,,
581,Slowpoke,Normal,79,♀,516,114,,,,92.6,15.0,15.0,,,,"2026-07-02 18:01",,35.68kg,1.2m,0,0,0,1900,26.59%,2647,94.08%,23900,72,Slowbro,Normal,0,51.32%,1528,96.32%,236400,303,Slowbro,Normal,0,,,,,,,,,
582,Rookidee,,821,♀,523,93,10,15,14,86.7,29.0,29.0,,,,"2026-07-02 18:01",9/5/7075,,,0,0,0,5000,99.34%,28,98.53%,410000,215,Corvisquire,,0,70.55%,1207,96.29%,236000,315,Corviknight,,0,,,,,,,,,
583,Metagross,Normal,376,,3193,147,15,10,12,82.2,30.0,30.0,,,,"2026-07-02 18:01",5/5/7075,,,0,0,0,5000,,,,,,,,,,,,,,,,,,,,,,,,,
584,Smeargle,,235,♂,70,50,15,15,11,91.1,6.0,6.0,,,,"2026-07-02 18:01",5/6/7075,,,0,0,0,600,99.71%,13,97.04%,516400,294,Smeargle,,0,99.71%,13,97.04%,516400,294,Smeargle,,0,99.71%,13,97.04%,516400,294,Smeargle,,0,
585,Furfrou,,676,♂,1499,133,10,9,15,75.6,26.0,26.0,,,,"2026-07-02 18:00",5/6/2025,,,0,0,0,4000,80.98%,780,96.56%,0,0,Furfrou,,0,91.48%,350,94.00%,436000,214,Furfrou,,0,,,,,,,,,
586,Furfrou,,676,♂,1566,134,11,11,13,77.8,27.0,27.0,,,,"2026-07-02 18:00",5/6/2025,,,0,0,0,4500,,,,,,,,,94.75%,216,95.03%,428000,206,Furfrou,,0,,,,,,,,,
587,Furfrou,,676,♀,332,60,11,13,8,71.1,6.0,6.0,,,,"2026-07-02 18:00",5/6/2025,,,0,0,0,600,63.79%,1484,95.59%,80400,80,Furfrou,,0,87.20%,525,93.15%,516400,294,Furfrou,,0,47.35%,2157,91.82%,3600,5,Furfrou,,0,
588,Tandemaus,,924,,379,78,15,14,14,95.6,15.0,15.0,,,,"2026-07-02 18:00",5/7/2025,,,0,0,0,1900,50.89%,2012,94.96%,64400,108,Maushold,Three,0,99.80%,9,98.81%,496400,318,Maushold,Three,0,36.58%,2598,91.45%,18900,18,Tandemaus,,0,
589,Mime Jr.,,439,♂,605,57,14,13,11,84.4,20.0,20.0,,,,"2026-07-02 18:00",5/7/2025,,,0,0,0,2500,48.45%,2112,94.32%,24000,72,Mr. Mime,Normal,0,97.44%,106,96.93%,475000,298,Mr. Mime,Normal,0,,,,,,,,,
590,Kommo-o,,784,♂,2949,146,15,14,15,97.8,32.5,32.5,,,,"2026-07-02 18:00",5/9/2025,,,0,0,0,0,,,,,,,,,,,,,,,,,,,,,,,,,
591,Litleo,,667,♀,397,71,15,12,11,84.4,10.0,10.0,,,,"2026-07-02 18:00",5/10/2025,,,0,0,0,1000,81.59%,755,95.37%,398000,286,Litleo,,0,26.59%,3007,95.08%,158000,202,Pyroar,,0,54.68%,1857,93.53%,5900,8,Litleo,,0,
592,Empoleon,,395,♂,2427,153,15,13,14,93.3,29.5,29.5,,,,"2026-07-02 18:00",5/11/2025,,,0,0,0,5000,,,,,,,,,48.40%,2114,95.93%,10000,8,Empoleon,,0,,,,,,,,,
593,Applin,,840,♂,194,56,12,13,14,86.7,10.0,10.0,,,,"2026-07-02 18:00",5/17/7075,,,0,0,0,1000,87.33%,520,96.88%,19300,624,Hydrapple,,0,88.16%,486,96.83%,398000,486,Dipplin,,0,45.49%,2233,91.25%,70000,69,Applin,,0,
594,Litleo,,667,♀,1107,122,13,11,15,86.7,28.0,28.0,,,,"2026-07-02 18:00",,,,0,0,0,4500,81.86%,744,95.40%,307000,198,Litleo,,0,71.55%,1166,96.80%,74000,122,Pyroar,,0,,,,,,,,,
595,Slowking,Normal,199,♂,790,101,15,12,13,88.9,11.0,11.0,,,,"2026-07-02 18:00",5/13/2025,,,0,0,0,1300,15.36%,3467,92.93%,35500,38,Slowking,Normal,0,38.90%,2503,95.31%,248000,269,Slowking,Normal,0,,,,,,,,,
596,Mesprit,,481,,2158,134,15,14,11,88.9,25.0,25.0,,,,"2026-07-02 18:00",,,,0,0,0,4000,,,,,,,,,9.45%,3709,93.89%,29500,26,Mesprit,,0,,,,,,,,,
597,Pyroar,,668,♀,2330,154,13,15,11,86.7,30.0,30.0,,,,"2026-07-02 18:00",5/14/2025,,,0,0,0,5000,,,,,,,,,51.55%,1985,96.03%,48000,48,Pyroar,,0,,,,,,,,,
598,Azelf,,482,,1782,116,11,11,14,80.0,20.0,20.0,,,,"2026-07-02 18:00",5/14/2025,,,0,0,0,2500,,,,,,,,,82.78%,706,97.03%,56000,50,Azelf,,0,,,,,,,,,
599,Vivillon,,666,♂,786,104,15,14,12,91.1,15.0,15.0,,,,"2026-07-02 18:00",5/15/2025,,,0,0,0,0,55.68%,1816,95.11%,81900,74,Vivillon,,0,99.29%,30,97.42%,496400,268,Vivillon,,0,,,,,,,,,
600,Slowking,Normal,199,♀,1297,129,15,14,12,91.1,18.0,18.0,,,,"2026-07-02 18:00",5/15/2025,,,0,0,0,2200,19.54%,3296,93.22%,11900,10,Slowking,Normal,0,21.44%,3218,94.54%,214400,226,Slowking,Normal,0,,,,,,,,,
601,Dialga,Normal,483,,1467,103,12,15,10,82.2,13.0,13.0,,,,"2026-07-02 18:00",5/16/2025,,,0,1,0,0,43.25%,2325,95.01%,0,0,Dialga,Normal,1,69.69%,1242,96.23%,46564,56,Dialga,Normal,1,,,,,,,,,
602,Slowking,Normal,199,♂,1668,147,15,14,15,97.8,23.0,23.0,,,,"2026-07-02 18:00",5/17/2025,,,0,0,0,3500,,,,,,,,,29.30%,2896,94.91%,179000,190,Slowking,Normal,0,,,,,,,,,
603,Nidoking,,34,♂,1068,105,11,13,13,82.2,15.0,15.0,,,,"2026-07-02 17:59",5/17/2025,,,0,0,0,1900,81.00%,779,96.13%,26400,24,Nidoking,,0,70.74%,1199,96.66%,246400,268,Nidoking,,0,,,,,,,,,
604,Regigigas,,486,,2423,140,11,11,14,80.0,20.0,20.0,,,,"2026-07-02 17:59",5/17/7075,,,0,1,0,0,,,,,,,,,84.25%,646,97.43%,3000,3,Regigigas,,1,,,,,,,,,
605,Teddiursa,,216,♀,448,78,14,13,15,93.3,12.0,12.0,,,,"2026-07-02 17:59",5/17/2025,,,0,0,0,1300,99.39%,26,97.52%,505400,280,Teddiursa,,0,73.77%,1075,97.04%,105400,148,Ursaring,,0,22.86%,3160,91.06%,2600,4,Teddiursa,,0,
606,Tentacool,,72,♀,216,48,11,8,9,62.2,8.0,8.0,,,,"2026-07-02 17:59",5/17/2025,,,0,1,0,961,26.45%,3013,93.84%,63126,134,Tentacruel,,1,49.60%,2065,94.90%,278400,258,Tentacruel,,2,38.46%,2521,90.92%,35046,54,Tentacool,,1,
607,Uxie,,480,,1774,130,13,14,14,91.1,25.0,25.0,,,,"2026-07-02 17:59",5/18/2025,,,0,0,0,4000,,,,,,,,,53.36%,1911,95.87%,204000,220,Uxie,,0,,,,,,,,,
608,Litleo,,667,♀,877,107,14,12,14,88.9,22.0,22.0,,,,"2026-07-02 17:59",,,,0,0,0,3000,83.37%,682,95.54%,339000,238,Litleo,,0,47.20%,2163,95.87%,112000,154,Pyroar,,0,,,,,,,,,
609,Overqwil,,904,♀,1675,126,15,15,13,95.6,20.0,20.0,,,,"2026-07-02 17:59",5/19/2025,,,0,0,0,2500,,,,,,,,,29.23%,2899,95.37%,70000,62,Overqwil,,0,,,,,,,,,
610,Snivy,,495,♂,184,53,13,12,14,86.7,8.0,8.0,,,,"2026-07-02 17:59",5/21/2025,,,0,1,0,961,79.54%,839,95.56%,450726,409,Servine,,1,97.56%,101,98.67%,337800,325,Serperior,,2,24.47%,3094,90.21%,52326,72,Snivy,,1,
611,Greninja,,658,♂,2001,130,15,10,12,82.2,27.0,27.0,,,,"2026-07-02 17:59",5/21/2025,,,0,0,0,4500,,,,,,,,,23.69%,3126,95.10%,122000,128,Greninja,,0,,,,,,,,,
612,Florges,,671,♀,528,63,15,15,11,91.1,6.0,6.0,,,,"2026-07-02 17:59",5/21/2025,,,0,0,0,600,17.61%,3375,92.97%,23800,30,Florges,,0,22.61%,3170,94.52%,88400,88,Florges,,0,,,,,,,,,
613,Gible,,443,♂,218,58,11,1,5,37.8,8.0,8.0,,,,"2026-07-02 17:59",5/21/2025,,,0,1,0,961,22.54%,3173,93.34%,16804,155,Garchomp,Normal,1,26.35%,3017,94.67%,70926,217,Garchomp,Normal,1,26.06%,3029,91.19%,35046,54,Gible,,1,
614,Emboar,,500,♂,2258,176,15,15,15,100.0,26.5,26.5,,,,"2026-07-02 17:59",,,,0,0,0,4000,,,,,,,,,31.28%,2815,95.11%,22000,20,Emboar,,0,,,,,,,,,
615,Krabby,,98,♀,879,69,13,15,14,93.3,20.0,20.0,,,,"2026-07-02 17:59",,,,0,0,0,2500,76.24%,974,96.01%,187000,194,Krabby,,0,82.15%,732,97.32%,103000,142,Kingler,,0,,,,,,,,,
616,Vivillon,,666,♂,795,106,15,15,15,100.0,15.0,15.0,,,,"2026-07-02 17:59",5/23/2025,,,0,0,0,0,37.70%,2552,94.24%,77400,70,Vivillon,,0,100.00%,1,100%,496400,268,Vivillon,,0,,,,,,,,,
617,Meditite,,307,♂,470,76,14,15,15,97.8,24.0,24.0,,,,"2026-07-02 17:59",5/23/2025,,,0,0,0,3500,85.98%,575,96.12%,289000,276,Medicham,Normal,0,99.88%,6,99.26%,451000,276,Medicham,Normal,0,48.86%,2095,91.24%,11000,9,Meditite,,0,
618,Machamp,,68,♂,685,82,15,15,13,95.6,8.0,8.0,,,,"2026-07-02 17:59",5/24/2025,,,0,0,0,800,54.41%,1868,95.20%,24800,30,Machamp,,0,33.33%,2731,95.16%,99100,96,Machamp,,0,,,,,,,,,
619,Applin,,840,♂,177,53,13,14,14,91.1,9.0,9.0,,,,"2026-07-02 17:59",5/25/2025,,,0,0,0,1000,84.76%,625,96.54%,51000,253,Dipplin,,0,86.47%,555,96.67%,387000,488,Dipplin,,0,34.80%,2671,90.23%,68000,68,Applin,,0,
620,Dewgong,,87,♂,1673,162,14,11,15,88.9,30.0,30.0,Ice Shard,Drill Run,,"2026-07-02 17:59",5/25/2025,112.17kg,1.68m,0,0,0,5000,,,,,,,,,98.83%,49,97.28%,400000,182,Dewgong,,0,,,,,,,,,
621,Machop,,66,♂,533,96,15,10,15,88.9,15.0,15.0,,,,"2026-07-02 17:58",5/27/2025,,,0,0,0,1900,25.25%,3062,93.75%,60400,79,Machoke,,0,51.18%,2000,95.86%,86400,203,Machamp,,0,,,,,,,,,
622,Tapu Bulu,,787,,1920,110,13,13,13,86.7,20.0,20.0,,,,"2026-07-02 17:58",5/28/2025,,,0,0,0,2500,,,,,,,,,88.52%,471,97.39%,39000,34,Tapu Bulu,,0,,,,,,,,,
623,Mankey,,56,♂,188,42,14,14,13,91.1,6.0,6.0,,,,"2026-07-02 17:58",5/28/2025,,,0,0,0,600,51.87%,1972,95.19%,23800,180,Annihilape,,0,96.80%,132,98.15%,458400,344,Primeape,,0,38.46%,2521,91.74%,20000,26,Mankey,,0,
624,Skuntank,,435,♂,2141,184,14,15,14,95.6,34.0,34.0,,,,"2026-07-02 17:58",,,,0,0,0,0,,,,,,,,,83.25%,687,96.27%,214000,134,Skuntank,,0,,,,,,,,,
625,Oshawott,,501,♀,229,57,15,14,8,82.2,8.0,8.0,,,,"2026-07-02 17:58",5/31/2025,,,0,1,0,961,42.71%,2347,94.45%,155526,195,Dewott,,1,45.03%,2252,95.79%,67800,179,Samurott,Normal,2,29.43%,2891,91.18%,29766,48,Oshawott,,1,
626,Bidoof,,399,♀,258,78,13,15,10,84.4,13.0,13.0,,,,"2026-07-02 17:58",,,,0,1,0,1921,62.93%,1519,95.77%,117364,173,Bibarel,,1,99.85%,7,98.82%,400600,256,Bibarel,,2,42.52%,2355,90.95%,70564,80,Bidoof,,1,
627,Ralts,,280,♂,186,53,13,10,12,77.8,13.0,13.0,,,,"2026-07-02 17:58",6/1/2025,,,0,1,0,1921,9.69%,3699,92.58%,16804,149,Gardevoir,Normal,1,60.44%,1621,96.47%,31550,143,Gardevoir,Normal,2,63.98%,1476,90.90%,122000,134,Ralts,,2,
628,Blissey,,242,♀,2332,373,13,11,10,75.6,31.0,31.0,,,,"2026-07-02 17:58",,,,0,0,0,6000,,,,,,,,,20.81%,3244,93.87%,52000,56,Blissey,,0,,,,,,,,,
629,Chingling,,433,♂,554,84,12,13,14,86.7,20.0,20.0,,,,"2026-07-02 17:58",6/5/7075,,,0,0,0,2500,53.50%,1905,94.93%,20500,69,Chimecho,,0,99.34%,28,98.84%,475000,298,Chimecho,,0,,,,,,,,,
630,Machop,,66,♂,272,70,15,5,15,77.8,8.0,8.0,,,,"2026-07-02 17:58",6/6/2025,,,0,1,0,961,42.34%,2362,94.66%,32406,176,Machamp,,1,12.72%,3575,94.16%,33600,145,Machamp,,2,73.06%,1104,93.95%,1922,29,Machoke,,1,
631,Numel,,322,♀,366,79,8,14,11,73.3,13.0,13.0,,,,"2026-07-02 17:58",6/7/2025,,,0,1,0,1921,90.55%,388,96.94%,70564,130,Camerupt,Normal,1,98.17%,76,96.36%,402600,258,Camerupt,Normal,2,69.13%,1265,93.94%,19444,27,Numel,,1,
632,Heliolisk,,695,♂,1104,87,15,15,12,93.3,15.0,15.0,,,,"2026-07-02 17:58",6/10/7075,,,0,0,0,1900,28.13%,2944,93.82%,21400,20,Heliolisk,,0,32.84%,2751,95.31%,199400,202,Heliolisk,,0,,,,,,,,,
633,Ledyba,,165,♂,152,50,13,3,15,68.9,8.0,8.0,,,,"2026-07-02 17:58",6/11/2025,,,0,1,0,961,96.65%,138,96.43%,402600,235,Ledian,,2,96.65%,138,94.85%,402600,235,Ledian,,2,45.20%,2245,92.03%,14883,52,Ledian,,1,
634,Horsea,,116,♀,225,39,15,15,3,73.3,8.0,8.0,,,,"2026-07-02 17:58",6/11/2025,,,0,1,0,961,55.73%,1814,95.02%,49326,194,Kingdra,,1,25.37%,3057,94.80%,143400,275,Kingdra,,2,42.47%,2357,91.41%,32406,51,Horsea,,1,
635,Mawile,Normal,303,♂,592,73,13,11,15,86.7,13.0,13.0,,,,"2026-07-02 17:58",6/12/2025,,,0,1,0,1921,53.55%,1903,95.00%,94100,99,Mawile,Normal,2,99.83%,8,98.72%,404600,215,Mawile,Normal,2,,,,,,,,,
636,Mandibuzz,,630,♀,285,74,14,14,14,93.3,5.0,5.0,,,,"2026-07-02 17:58",6/14/2025,,,0,0,0,600,26.62%,3006,93.15%,70100,73,Mandibuzz,,0,99.73%,12,98.85%,517600,296,Mandibuzz,,0,15.53%,3460,89.51%,4000,6,Mandibuzz,,0,
637,Gothita,,574,♀,391,71,12,15,11,84.4,15.0,15.0,,,,"2026-07-02 17:58",6/14/2025,,,0,0,0,1900,51.94%,1969,95.06%,199400,227,Gothorita,,0,65.79%,1402,95.82%,346400,393,Gothitelle,,0,45.47%,2234,92.27%,16400,16,Gothita,,0,
638,Phantump,,708,♀,472,71,15,12,13,88.9,15.0,15.0,,,,"2026-07-02 17:58",6/14/2025,,,0,0,0,1900,28.96%,2910,93.92%,23900,222,Trevenant,,0,32.75%,2755,95.06%,226400,438,Trevenant,,0,16.41%,3424,90.01%,1900,2,Phantump,,0,
639,Skorupi,,451,♀,761,93,15,9,14,84.4,27.0,27.0,,,,"2026-07-02 17:58",6/14/2025,,,0,0,0,4500,98.32%,70,95.53%,428000,206,Skorupi,,0,36.92%,2584,94.66%,231000,256,Drapion,,0,,,,,,,,,
640,Dragonite,Normal,149,♂,846,84,15,11,15,91.1,8.0,8.0,,,,"2026-07-02 17:58",6/15/2025,,,0,1,0,961,5.89%,3855,92.10%,14883,27,Dragonite,Normal,1,37.44%,2563,94.97%,66726,88,Dragonite,Normal,1,,,,,,,,,
641,Togekiss,,468,♂,2142,134,15,15,15,100.0,22.5,22.5,,,,"2026-07-02 17:58",6/16/2025,,,0,0,0,3000,,,,,,,,,55.34%,1830,95.74%,25000,21,Togekiss,,0,,,,,,,,,
642,Rhyhorn,,111,♂,549,93,14,11,11,80.0,12.0,12.0,,,,"2026-07-02 17:58",,,,0,0,0,1300,34.68%,2676,94.04%,175400,172,Rhyhorn,,0,40.76%,2427,95.38%,86400,107,Rhydon,,0,,,,,,,,,
643,Rhyhorn,,111,♀,314,69,15,13,8,80.0,7.0,7.0,,,,"2026-07-02 17:58",6/18/2025,,,0,0,0,800,23.32%,3141,93.42%,177200,174,Rhyhorn,,0,48.57%,2107,95.71%,96200,119,Rhydon,,0,9.77%,3696,89.51%,6200,7,Rhyhorn,,0,
644,Lillipup,,506,,534,86,12,15,14,91.1,21.0,21.0,,,,"2026-07-02 17:58",6/20/2025,,,0,0,0,3000,62.91%,1520,95.68%,173000,203,Herdier,,0,60.12%,1634,96.31%,98000,213,Stoutland,,0,,,,,,,,,
645,Hatterene,,858,♀,2402,118,14,10,12,80.0,31.0,31.0,,,,"2026-07-02 17:58",6/21/2025,,,0,0,0,6000,,,,,,,,,63.79%,1484,96.46%,31000,32,Hatterene,,0,,,,,,,,,
646,Furfrou,,676,♂,877,101,11,12,15,84.4,15.0,15.0,,,,"2026-07-02 17:58",6/21/2025,,,0,0,0,1900,74.07%,1063,96.15%,56400,51,Furfrou,,0,97.36%,109,96.15%,496400,268,Furfrou,,0,,,,,,,,,
647,Furfrou,,676,♀,890,98,15,14,10,86.7,15.0,15.0,,,,"2026-07-02 17:58",6/21/2025,,,0,0,0,1900,27.28%,2979,93.80%,52400,48,Furfrou,,0,98.34%,69,97.02%,496400,268,Furfrou,,0,,,,,,,,,
648,Furfrou,,676,♂,897,101,15,12,15,93.3,15.0,15.0,,,,"2026-07-02 17:58",6/21/2025,,,0,0,0,1900,51.09%,2004,94.95%,52400,48,Furfrou,,0,99.68%,14,98.35%,496400,268,Furfrou,,0,,,,,,,,,
649,Furfrou,,676,♂,882,100,11,15,14,88.9,15.0,15.0,,,,"2026-07-02 17:57",6/21/2025,,,0,0,0,1900,87.16%,527,97.02%,56400,51,Furfrou,,0,98.56%,60,97.17%,496400,268,Furfrou,,0,,,,,,,,,
650,Yamper,,835,♀,329,86,14,12,15,91.1,15.0,15.0,,,,"2026-07-02 17:57",6/21/2025,,,0,0,0,1900,83.71%,668,96.37%,48900,95,Boltund,,0,99.22%,33,97.48%,496400,318,Boltund,,0,29.21%,2900,90.11%,35400,33,Yamper,,0,
651,Furfrou,,676,♂,890,100,15,11,13,86.7,15.0,15.0,,,,"2026-07-02 17:57",,,,0,0,0,1900,25.64%,3046,93.70%,52400,48,Furfrou,,0,98.75%,52,97.21%,496400,268,Furfrou,,0,,,,,,,,,
652,Skiddo,,672,♂,526,92,14,14,13,91.1,15.0,15.0,,,,"2026-07-02 17:57",6/21/2025,,,0,0,0,1900,11.53%,3624,92.83%,14200,64,Gogoat,,0,47.11%,2167,95.86%,130400,168,Gogoat,,0,,,,,,,,,
653,Regice,,378,,1692,117,11,9,6,57.8,20.0,20.0,,,,"2026-07-02 17:57",6/21/2025,,,0,1,0,3000,,,,,,,,,47.18%,2164,95.64%,84000,81,Regice,,1,,,,,,,,,
654,Jangmo-o,,782,,408,73,14,14,14,93.3,15.0,15.0,,,,"2026-07-02 17:57",,,,0,0,0,1900,90.96%,371,97.25%,3800,129,Kommo-o,,0,66.98%,1353,96.43%,64400,183,Kommo-o,,0,28.79%,2917,91.00%,12000,12,Jangmo-o,,0,
655,Spoink,,325,♂,746,101,13,13,15,91.1,20.0,20.0,,,,"2026-07-02 17:57",,,,0,0,0,2500,98.95%,44,97.71%,475000,248,Spoink,,0,86.52%,553,96.77%,350000,298,Grumpig,,0,,,,,,,,,
656,Seedot,,273,♂,121,46,13,8,5,57.8,8.0,8.0,,,,"2026-07-02 17:57",,,,0,1,0,961,11.70%,3617,92.87%,70926,217,Shiftry,,1,74.90%,1029,95.90%,363000,325,Shiftry,,2,67.91%,1315,94.26%,0,125,Shiftry,,1,
657,Regirock,,377,,2208,134,15,15,11,91.1,25.0,25.0,,,,"2026-07-02 17:57",,,,0,0,0,4000,,,,,,,,,24.00%,3113,94.44%,25000,22,Regirock,,0,,,,,,,,,
658,Articuno,Normal,144,,1716,130,14,14,11,86.7,20.0,20.0,,,,"2026-07-02 17:57",6/23/2025,,,0,0,0,2500,,,,,,,,,33.92%,2707,95.28%,65000,58,Articuno,Normal,0,,,,,,,,,
659,Minccino,,572,♀,260,66,15,12,4,68.9,11.0,11.0,,,,"2026-07-02 17:57",,,,0,0,0,1300,15.80%,3449,93.19%,57000,108,Cinccino,,0,84.79%,624,93.88%,508000,334,Cinccino,,0,20.44%,3259,89.90%,38000,40,Minccino,,0,
660,Regieleki,,894,,1542,119,13,10,10,73.3,20.0,20.0,,,,"2026-07-02 17:57",6/24/2025,,,0,0,0,2500,,,,,,,,,31.92%,2789,95.24%,130000,122,Regieleki,,0,,,,,,,,,
661,Regieleki,,894,,1547,119,12,12,10,75.6,20.0,20.0,,,,"2026-07-02 17:57",6/24/2025,,,0,0,0,2500,,,,,,,,,60.22%,1630,96.28%,130000,122,Regieleki,,0,,,,,,,,,
662,Registeel,,379,,1360,122,12,10,15,82.2,20.0,20.0,,,,"2026-07-02 17:57",6/24/2025,,,0,0,0,2500,65.81%,1401,95.56%,11000,10,Registeel,,0,50.55%,2026,94.81%,301000,248,Registeel,,0,,,,,,,,,
663,Girafarig,,203,♂,444,65,15,14,3,71.1,8.0,8.0,,,,"2026-07-02 17:57",6/24/2025,,,0,0,0,800,36.58%,2598,93.92%,81600,80,Girafarig,,0,14.55%,3500,94.28%,141600,184,Farigiraf,,0,2.56%,3991,87.08%,800,1,Girafarig,,0,
664,Growlithe,Normal,58,♂,526,82,15,13,14,93.3,15.0,15.0,,,,"2026-07-02 17:57",,,,0,0,0,1900,10.38%,3671,92.82%,7600,58,Arcanine,Normal,0,43.74%,2305,95.79%,86400,128,Arcanine,Normal,0,,,,,,,,,
665,Regidrago,,895,,1667,247,15,11,14,88.9,20.0,20.0,,,,"2026-07-02 17:57",6/25/2025,,,0,0,0,2500,,,,,,,,,7.23%,3800,93.47%,70000,62,Regidrago,,0,,,,,,,,,
666,Regidrago,,895,,2089,275,12,15,13,88.9,25.0,25.0,,,,"2026-07-02 17:57",6/25/2025,,,0,0,0,4000,,,,,,,,,36.12%,2617,95.15%,39000,34,Regidrago,,0,,,,,,,,,
667,Regigigas,,486,,1470,109,13,12,15,88.9,12.0,12.0,,,,"2026-07-02 17:57",6/25/2025,,,0,0,0,0,59.51%,1659,95.63%,0,0,Regigigas,,0,22.32%,3182,94.77%,30400,32,Regigigas,,0,,,,,,,,,
668,Regice,,378,,133,33,10,15,11,80.0,2.0,2.0,,,,"2026-07-02 17:57",,,,0,0,0,200,22.17%,3188,93.45%,30800,42,Regice,,0,67.33%,1339,96.63%,109600,112,Regice,,0,94.75%,216,96.80%,3200,8,Regice,,0,
669,Regieleki,,894,,781,85,15,10,12,82.2,10.0,10.0,,,,"2026-07-02 17:57",,,,0,0,0,1000,42.49%,2356,94.48%,30000,34,Regieleki,,0,48.45%,2112,95.85%,158000,152,Regieleki,,0,,,,,,,,,
670,Vivillon,,666,♂,787,103,15,15,11,91.1,15.0,15.0,,,,"2026-07-02 17:57",,,,0,0,0,1900,58.71%,1692,95.25%,81900,74,Vivillon,,0,99.44%,24,97.67%,496400,268,Vivillon,,0,,,,,,,,,
671,Cottonee,,546,,10,12,15,13,11,86.7,1.0,1.0,,,,"2026-07-02 17:56",6/25/2025,,,0,0,0,200,60.83%,1605,95.11%,88000,144,Whimsicott,,0,98.27%,72,96.86%,520000,354,Whimsicott,,0,29.84%,2874,89.32%,80000,87,Cottonee,,0,
672,Pachirisu,,417,,668,99,12,15,12,86.7,20.0,20.0,,,,"2026-07-02 17:56",,,,0,0,0,2500,97.75%,93,95.88%,475000,248,Pachirisu,,0,97.75%,93,95.88%,475000,248,Pachirisu,,0,,,,,,,,,
673,Klefki,,707,♂,1098,96,15,13,12,88.9,20.0,20.0,,,,"2026-07-02 17:56",6/26/2025,,,0,0,0,2500,20.44%,3259,93.19%,47000,42,Klefki,,0,99.05%,40,97.52%,475000,248,Klefki,,0,,,,,,,,,
674,Timburr,,532,♂,845,123,15,12,12,86.7,23.0,23.0,,,,"2026-07-02 17:56",6/26/2025,,,0,0,0,3500,98.19%,75,95.88%,458000,232,Timburr,,0,59.17%,1673,95.89%,26000,272,Conkeldurr,,0,,,,,,,,,
675,Lotad,,270,♂,149,53,15,12,14,91.1,9.0,9.0,,,,"2026-07-02 17:56",6/26/2025,,,0,0,0,1000,27.50%,2970,93.86%,51000,178,Ludicolo,,0,84.03%,655,96.74%,413000,413,Ludicolo,,0,19.90%,3281,88.42%,107000,102,Lotad,,0,
676,Zamazenta,Shield,889,,3540,150,13,15,14,93.3,30.0,30.0,,,,"2026-07-02 17:56",6/28/2025,,,0,0,0,5000,,,,,,,,,,,,,,,,,,,,,,,,,
677,Zamazenta,Hero,889,,2153,123,14,10,14,84.4,20.0,20.0,,,,"2026-07-02 17:56",6/28/2025,,,0,0,0,2500,,,,,,,,,38.73%,2510,95.41%,17000,16,Zamazenta,Hero,0,,,,,,,,,
678,Pikachu,Normal,25,♂,393,63,15,13,12,88.9,15.0,15.0,,,,"2026-07-02 17:56",6/28/2025,,,0,0,0,1900,23.81%,3121,93.15%,45400,92,Raichu,Normal,0,98.75%,52,97.40%,496400,318,Raichu,Normal,0,51.04%,2006,92.07%,16400,16,Pikachu,Normal,0,
679,Unown,,201,,952,105,11,8,9,62.2,31.0,31.0,,,,"2026-07-02 17:56",6/28/2025,,,0,0,0,6000,73.75%,1076,87.29%,390000,174,Unown,,0,73.75%,1076,87.29%,390000,174,Unown,,0,,,,,,,,,
680,Skarmory,Normal,227,♂,940,92,14,13,10,82.2,16.0,16.0,,,,"2026-07-02 17:56",6/28/2025,,,0,0,0,1900,47.77%,2140,94.93%,52600,47,Skarmory,Normal,0,96.61%,140,95.92%,492600,264,Skarmory,Normal,0,,,,,,,,,
681,Unown,,201,,821,99,9,11,12,71.1,26.0,26.0,,,,"2026-07-02 17:56",6/28/2025,,,0,0,0,4000,87.18%,526,90.19%,436000,214,Unown,,0,87.18%,526,90.19%,436000,214,Unown,,0,,,,,,,,,
682,Tyrunt,,696,♂,587,75,14,15,6,77.8,13.0,13.0,,,,"2026-07-02 17:56",6/28/2025,,,0,1,0,1921,37.41%,2564,94.64%,105600,114,Tyrunt,,2,24.88%,3077,94.94%,105964,163,Tyrantrum,,1,,,,,,,,,
683,Barboach,,339,♂,182,57,14,15,15,97.8,8.0,8.0,,,,"2026-07-02 17:56",6/28/2025,,,0,1,0,961,32.82%,2752,93.85%,3000,48,Whiscash,,2,100.00%,1,100%,402600,258,Whiscash,,2,80.37%,805,94.85%,961,52,Whiscash,,1,
684,Unown,,201,,981,104,15,12,9,80.0,30.0,30.0,,,,"2026-07-02 17:56",6/28/2025,,,0,0,0,5000,95.41%,189,93.28%,400000,182,Unown,,0,95.41%,189,93.28%,400000,182,Unown,,0,,,,,,,,,
685,Unown,,201,,1020,109,11,11,11,73.3,34.0,34.0,,,,"2026-07-02 17:56",6/28/2025,,,0,0,0,7000,88.89%,456,90.68%,352000,134,Unown,,0,88.89%,456,90.68%,352000,134,Unown,,0,,,,,,,,,
686,Regidrago,,895,,1241,213,13,12,12,82.2,15.0,15.0,,,,"2026-07-02 17:56",6/28/2025,,,0,0,0,1900,67.35%,1338,94.97%,12000,12,Regidrago,,0,40.59%,2434,95.34%,96400,86,Regidrago,,0,,,,,,,,,
687,Unown,,201,,756,94,7,15,10,71.1,24.0,24.0,,,,"2026-07-02 17:56",6/28/2025,,,0,0,0,3500,91.89%,333,91.67%,451000,226,Unown,,0,91.89%,333,91.67%,451000,226,Unown,,0,,,,,,,,,
688,Unown,,201,,875,102,11,13,13,82.2,27.0,27.0,,,,"2026-07-02 17:56",6/28/2025,,,0,0,0,4500,96.63%,139,93.99%,428000,206,Unown,,0,96.63%,139,93.99%,428000,206,Unown,,0,,,,,,,,,
689,Venipede,,543,♂,296,58,15,14,11,88.9,15.0,15.0,,,,"2026-07-02 17:56",6/28/2025,,,0,0,0,1900,29.04%,2907,93.85%,29400,152,Scolipede,,0,48.30%,2118,95.45%,299400,393,Scolipede,,0,34.87%,2668,91.76%,1900,27,Whirlipede,,0,
690,Zamazenta,Hero,889,,2141,121,14,11,11,80.0,20.0,20.0,,,,"2026-07-02 17:56",6/28/2025,,,0,0,0,2500,,,,,,,,,30.35%,2853,95.07%,17000,16,Zamazenta,Hero,0,,,,,,,,,
691,Zamazenta,Hero,889,,2118,121,11,10,12,73.3,20.0,20.0,,,,"2026-07-02 17:56",6/28/2025,,,0,0,0,2500,,,,,,,,,80.68%,792,97.13%,20500,19,Zamazenta,Hero,0,,,,,,,,,
692,Torkoal,,324,♂,1177,108,15,14,10,86.7,20.0,20.0,,,,"2026-07-02 17:56",6/28/2025,,,0,0,0,2500,6.91%,3813,91.89%,31000,28,Torkoal,,0,97.92%,86,96.37%,475000,248,Torkoal,,0,,,,,,,,,
693,Torkoal,,324,,1115,108,11,10,12,73.3,19.5,19.5,,,,"2026-07-02 17:56",6/28/2025,,,0,0,0,2500,50.57%,2025,94.57%,41500,36,Torkoal,,0,89.89%,415,93.53%,477500,250,Torkoal,,0,,,,,,,,,
694,Zamazenta,Hero,889,,2158,123,12,15,14,91.1,20.0,20.0,,,,"2026-07-02 17:56",,,,0,0,0,2500,,,,,,,,,69.87%,1235,96.62%,17000,16,Zamazenta,Hero,0,,,,,,,,,
695,Chesnaught,,652,♂,628,78,10,11,4,55.6,8.0,8.0,,,,"2026-07-02 17:56",6/28/2025,,,0,0,0,0,23.37%,3139,93.56%,31400,36,Chesnaught,,0,33.92%,2707,95.39%,141600,134,Chesnaught,,0,,,,,,,,,
696,Skarmory,Normal,227,♂,340,54,15,15,7,82.2,6.0,6.0,,,,"2026-07-02 17:55",6/28/2025,,,0,0,0,600,4.20%,3924,91.98%,72400,74,Skarmory,Normal,0,95.14%,200,95.30%,516400,294,Skarmory,Normal,0,56.58%,1779,92.99%,3600,5,Skarmory,Normal,0,
697,Bergmite,,712,,513,82,15,13,13,91.1,15.0,15.0,,,,"2026-07-02 17:55",6/28/2025,,,0,0,0,1900,71.38%,1173,95.83%,5700,56,Avalugg,Normal,0,50.94%,2010,95.77%,72900,116,Avalugg,Normal,0,,,,,,,,,
698,Bergmite,,712,♂,514,81,15,15,11,91.1,15.0,15.0,,,,"2026-07-02 17:55",6/28/2025,,,0,0,0,1900,71.11%,1184,95.81%,5700,56,Avalugg,Normal,0,54.46%,1866,95.92%,72900,116,Avalugg,Normal,0,,,,,,,,,
699,Pikachu,Normal,25,♂,393,65,13,14,15,93.3,15.0,15.0,,,,"2026-07-02 17:55",,,,0,0,0,1900,52.60%,1942,94.52%,45400,92,Raichu,Normal,0,99.56%,19,98.44%,496400,318,Raichu,Normal,0,77.56%,920,94.03%,16400,16,Pikachu,Normal,0,
700,Florges,,671,♀,1836,120,14,14,15,95.6,20.0,20.0,,,,"2026-07-02 17:55",6/28/2025,,,0,0,0,2500,,,,,,,,,51.94%,1969,95.80%,47000,42,Florges,,0,,,,,,,,,
701,Zamazenta,Hero,889,,2142,123,10,15,14,86.7,20.0,20.0,,,,"2026-07-02 17:55",,,,0,0,0,2500,,,,,,,,,52.01%,1966,95.89%,17000,16,Zamazenta,Hero,0,,,,,,,,,
702,Falinks,Normal,870,,1010,92,15,15,15,100.0,15.0,15.0,,,,"2026-07-02 17:55",6/28/2025,,,0,0,0,1900,47.81%,2138,94.53%,32400,30,Falinks,Normal,0,84.27%,645,96.45%,346400,268,Falinks,Normal,0,,,,,,,,,
703,Gulpin,,316,♀,454,108,12,15,14,91.1,19.0,19.0,,,,"2026-07-02 17:55",6/28/2025,,,0,0,0,2500,58.05%,1719,95.32%,52000,96,Swalot,,0,99.10%,38,97.58%,480000,302,Swalot,,0,32.77%,2754,90.17%,7500,6,Gulpin,,0,
704,Oranguru,,765,♂,1393,131,15,15,13,95.6,20.0,20.0,,,,"2026-07-02 17:55",6/28/2025,,,0,0,0,2500,69.01%,1270,95.70%,8000,7,Oranguru,,0,38.71%,2511,94.91%,256000,248,Oranguru,,0,,,,,,,,,
705,Eevee,,133,♂,14,14,15,14,12,91.1,1.0,1.0,,,,"2026-07-02 17:55",6/28/2025,,,0,0,0,200,83.96%,658,96.65%,31200,69,Vaporeon,,0,62.17%,1550,96.49%,120000,147,Leafeon,,0,87.45%,515,95.74%,3600,35,Flareon,,0,
706,Unown,,201,,439,73,13,4,13,66.7,14.0,14.0,,,,"2026-07-02 17:55",6/29/2025,,,0,0,0,1600,72.23%,1138,87.02%,499600,272,Unown,,0,72.23%,1138,87.02%,499600,272,Unown,,0,9.23%,3718,89.63%,5100,6,Unown,,0,
707,Zacian,Hero,888,,2120,122,10,11,13,75.6,20.0,20.0,,,,"2026-07-02 17:55",,,,0,0,0,2500,,,,,,,,,81.49%,759,97.15%,20500,19,Zacian,Hero,0,,,,,,,,,
708,Zacian,Hero,888,,2157,120,15,14,10,86.7,20.0,20.0,,,,"2026-07-02 17:55",6/29/2025,,,0,0,0,2500,,,,,,,,,49.99%,2049,95.84%,17000,16,Zacian,Hero,0,,,,,,,,,
709,Machamp,,68,♂,1595,120,14,15,0,64.4,19.0,19.0,,,,"2026-07-02 17:55",,,,0,0,0,2500,,,,,,,,,15.87%,3446,94.33%,75000,66,Machamp,,0,,,,,,,,,
710,Zacian,Hero,888,,2636,134,10,12,10,71.1,25.0,25.0,,,,"2026-07-02 17:55",,,,0,0,0,4000,,,,,,,,,,,,,,,,,,,,,,,,,
711,Swinub,,220,,32,25,13,15,14,93.3,2.0,2.0,,,,"2026-07-02 17:55",6/29/2025,,,0,0,0,200,68.99%,1271,95.89%,58600,92,Piloswine,,0,94.58%,223,97.90%,407600,327,Piloswine,,0,93.72%,258,96.84%,2600,132,Mamoswine,,0,
712,Zacian,Hero,888,,2688,137,11,15,14,88.9,25.0,25.0,,,,"2026-07-02 17:55",6/29/2025,,,0,0,0,4000,,,,,,,,,,,,,,,,,,,,,,,,,
713,Zacian,Hero,888,,2648,136,11,10,12,73.3,25.0,25.0,,,,"2026-07-02 17:55",6/29/2025,,,0,0,0,4000,,,,,,,,,,,,,,,,,,,,,,,,,
714,Zacian,Hero,888,,2670,134,14,11,10,77.8,25.0,25.0,,,,"2026-07-02 17:55",6/29/2025,,,0,0,0,4000,,,,,,,,,,,,,,,,,,,,,,,,,
715,Zacian,Hero,888,,2168,122,15,13,13,91.1,20.0,20.0,,,,"2026-07-02 17:55",6/29/2025,,,0,0,0,2500,,,,,,,,,76.87%,948,96.93%,17000,16,Zacian,Hero,0,,,,,,,,,
716,Chesnaught,,652,♀,658,80,15,15,10,88.9,8.0,8.0,,,,"2026-07-02 17:55",6/29/2025,,,0,0,0,0,6.59%,3826,92.29%,27000,32,Chesnaught,,0,6.13%,3845,93.90%,108600,104,Chesnaught,,0,,,,,,,,,
717,Zacian,Hero,888,,2672,137,11,12,14,82.2,25.0,25.0,,,,"2026-07-02 17:55",,,,0,0,0,4000,,,,,,,,,,,,,,,,,,,,,,,,,
718,Spheal,,363,♂,70,40,13,15,14,93.3,3.0,3.0,,,,"2026-07-02 17:54",,,,0,0,0,400,88.60%,468,97.21%,41700,175,Walrein,,0,61.20%,1590,96.24%,181200,307,Walrein,,0,59.05%,1678,93.12%,37000,46,Spheal,,0,
719,Zacian,Hero,888,,2668,138,10,12,15,82.2,25.0,25.0,,,,"2026-07-02 17:54",6/29/2025,,,0,0,0,4000,,,,,,,,,,,,,,,,,,,,,,,,,
720,Florges,,671,,917,83,15,15,12,93.3,10.0,10.0,,,,"2026-07-02 17:54",,,,0,0,0,1000,17.61%,3375,92.97%,17400,22,Florges,,0,37.39%,2565,95.21%,82000,80,Florges,,0,,,,,,,,,
721,Corsola,Galar,222,♀,641,87,15,15,15,100.0,15.0,15.0,,,,"2026-07-02 17:54",6/30/2025,,,0,0,0,1900,74.99%,1025,96.16%,7600,58,Cursola,,0,81.39%,763,97.30%,81900,124,Cursola,,0,,,,,,,,,
722,Pachirisu,,417,♀,601,95,5,9,5,42.2,20.0,20.0,,,,"2026-07-02 17:54",,,,0,0,0,2500,31.84%,2792,82.96%,475000,248,Pachirisu,,0,31.84%,2792,82.96%,475000,248,Pachirisu,,0,,,,,,,,,
723,Shuckle,,213,♂,200,59,11,12,14,82.2,20.0,20.0,,,,"2026-07-02 17:54",6/30/2025,,,0,0,0,2500,87.18%,526,85.83%,475000,248,Shuckle,,0,87.18%,526,85.83%,475000,248,Shuckle,,0,87.18%,526,85.83%,475000,248,Shuckle,,0,
724,Falinks,Normal,870,,1335,105,15,13,14,93.3,20.0,20.0,,,,"2026-07-02 17:54",6/30/2025,,,0,0,0,2500,12.89%,3568,92.67%,11000,10,Falinks,Normal,0,78.07%,899,96.00%,337000,248,Falinks,Normal,0,,,,,,,,,
725,Ninetales,Alola,38,♀,2002,141,15,13,15,95.6,31.0,31.0,,,,"2026-07-02 17:54",,,,1,0,0,3000,,,,,,,,,88.69%,464,96.78%,145500,174,Ninetales,Alola,0,,,,,,,,,
726,Magmortar,,467,♂,1780,117,15,13,15,95.6,20.0,20.0,,,,"2026-07-02 17:54",10/3/2017,,,1,0,0,1250,,,,,,,,,67.69%,1324,96.41%,28000,50,Magmortar,,0,,,,,,,,,
727,Monferno,,391,♂,1361,131,13,12,15,88.9,32.0,32.0,,,,"2026-07-02 17:54",,,,1,0,0,0,48.01%,2130,94.66%,45000,108,Monferno,,0,45.57%,2230,95.73%,28000,164,Infernape,,0,,,,,,,,,
728,Carvanha,,318,♂,217,50,15,12,7,75.6,8.0,8.0,,,,"2026-07-02 17:54",,,,0,1,0,961,70.53%,1208,95.30%,83526,154,Sharpedo,Normal,1,97.70%,95,95.83%,402600,258,Sharpedo,Normal,2,56.02%,1802,92.10%,35046,54,Carvanha,,1,
729,Terrakion,,639,,2080,133,12,14,14,88.9,20.0,20.0,,,,"2026-07-02 17:54",,,,1,0,0,1250,,,,,,,,,86.37%,559,97.26%,12000,22,Terrakion,,0,,,,,,,,,
730,Charizard,Normal,6,♂,1045,94,13,12,11,80.0,13.0,13.0,,,,"2026-07-02 17:54",,,,0,1,0,0,65.27%,1423,95.42%,24724,33,Charizard,Normal,1,56.09%,1799,96.09%,51600,49,Charizard,Normal,2,,,,,,,,,
731,Pikachu,Normal,25,♂,540,72,14,14,8,80.0,21.0,21.0,,,,"2026-07-02 17:54",7/1/2025,,,0,0,0,3000,29.74%,2878,93.47%,22500,71,Raichu,Normal,0,93.80%,255,94.74%,470000,294,Raichu,Normal,0,,,,,,,,,
732,Gimmighoul,Roaming,999,,400,68,12,15,14,91.1,13.0,13.0,,,,"2026-07-02 17:54",,,,0,0,0,1600,79.10%,857,96.48%,6400,8,Gholdengo,,0,75.36%,1010,96.81%,58800,56,Gholdengo,,0,66.03%,1392,93.57%,10200,12,Gimmighoul,Roaming,0,
733,Slakoth,,287,♂,224,63,15,14,15,97.8,8.0,8.0,,,,"2026-07-02 17:54",7/3/2025,,,0,1,0,961,43.61%,2310,94.64%,13800,35,Vigoroth,,2,46.03%,2211,95.52%,43326,188,Slaking,,1,65.81%,1401,93.30%,32406,51,Slakoth,,1,
734,Mareep,,179,♂,212,58,15,8,11,75.6,8.0,8.0,,,,"2026-07-02 17:54",,,,0,1,0,961,32.63%,2760,93.42%,366726,409,Flaaffy,,1,26.76%,3000,95.34%,177126,319,Ampharos,Normal,1,35.92%,2625,90.82%,37686,57,Mareep,,1,
735,Cinderace,,815,♂,2141,136,14,14,15,95.6,25.0,25.0,,,,"2026-07-02 17:54",,,,0,0,0,4000,,,,,,,,,56.90%,1766,96.26%,34000,30,Cinderace,,0,,,,,,,,,
736,Binacle,,688,♀,401,69,15,15,12,93.3,15.0,15.0,,,,"2026-07-02 17:54",,,,0,0,0,1900,27.13%,2985,94.00%,18900,68,Barbaracle,,0,26.64%,3005,94.87%,166400,210,Barbaracle,,0,32.58%,2762,90.80%,14200,14,Binacle,,0,
737,Sylveon,,700,♀,2357,160,14,15,15,97.8,27.0,27.0,,,,"2026-07-02 17:54",7/5/2025,,,0,0,0,4500,,,,,,,,,50.01%,2048,95.89%,13500,12,Sylveon,,0,,,,,,,,,
738,Eevee,,133,♂,236,59,14,14,12,88.9,8.0,8.0,,,,"2026-07-02 17:54",7/5/2025,,,0,0,0,800,84.35%,642,96.53%,24800,55,Glaceon,,0,77.73%,913,96.87%,94600,117,Espeon,,0,35.21%,2654,91.49%,22900,28,Eevee,,0,
739,Umbreon,,197,,912,119,15,14,14,95.6,15.0,15.0,,,,"2026-07-02 17:54",7/5/2025,,,0,0,0,1900,37.00%,2581,93.75%,48900,45,Umbreon,,0,99.88%,6,99.09%,496400,268,Umbreon,,0,,,,,,,,,
740,Gimmighoul,Roaming,999,,904,102,15,13,15,95.6,29.0,29.0,,,,"2026-07-02 17:54",7/5/2025,,,0,0,0,5000,99.73%,12,97.80%,410000,190,Gimmighoul,Roaming,0,99.73%,12,97.80%,410000,190,Gimmighoul,Roaming,0,,,,,,,,,
741,Leafeon,,470,♂,2509,128,15,15,13,95.6,30.0,30.0,,,,"2026-07-02 17:54",7/6/2025,,,0,0,0,5000,,,,,,,,,,,,,,,,,,,,,,,,,
742,Flareon,,136,♂,1369,94,15,13,13,91.1,16.0,16.0,,,,"2026-07-02 17:53",7/6/2025,,,0,0,0,1900,86.20%,566,96.38%,6000,6,Flareon,,0,40.24%,2448,95.64%,82600,74,Flareon,,0,,,,,,,,,
743,Eevee,,133,♂,203,54,14,14,10,84.4,7.0,7.0,,,,"2026-07-02 17:53",7/6/2025,,,0,0,0,800,76.58%,960,95.83%,33000,63,Jolteon,,0,62.03%,1556,96.22%,100700,123,Glaceon,,0,21.42%,3219,90.41%,24500,30,Eevee,,0,
744,Electrode,Hisui,101,,1225,101,15,14,15,97.8,20.0,20.0,,,,"2026-07-02 17:53",,,,0,0,0,2500,78.17%,895,96.32%,27500,25,Electrode,Hisui,0,99.95%,3,99.48%,475000,248,Electrode,Hisui,0,,,,,,,,,
745,Horsea,,116,,225,43,15,4,14,73.3,8.0,8.0,,,,"2026-07-02 17:53",7/7/2025,,,0,1,0,961,38.53%,2518,94.19%,93126,137,Seadra,,1,31.38%,2811,95.05%,135300,264,Kingdra,,2,40.15%,2452,91.16%,961,27,Seadra,,1,
746,Vaporeon,,134,,1331,151,15,14,15,97.8,15.0,15.0,,,,"2026-07-02 17:53",,,,0,0,0,1900,18.88%,3323,93.21%,5700,6,Vaporeon,,0,46.52%,2191,95.52%,77400,70,Vaporeon,,0,,,,,,,,,
747,Jolteon,,135,,1231,92,15,13,15,95.6,15.0,15.0,,,,"2026-07-02 17:53",7/7/2025,,,0,0,0,1900,40.02%,2457,94.08%,12000,12,Jolteon,,0,40.37%,2443,95.19%,101400,90,Jolteon,,0,,,,,,,,,
748,Larvitar,,246,♂,587,89,15,14,13,93.3,20.0,20.0,,,,"2026-07-02 17:53",,,,0,0,0,2500,55.53%,1822,95.52%,75000,91,Pupitar,,0,11.21%,3637,94.00%,14000,138,Tyranitar,Normal,0,,,,,,,,,
749,Amaura,,698,♂,490,95,15,8,14,82.2,13.0,13.0,,,,"2026-07-02 17:53",7/8/2025,,,0,1,0,1921,96.14%,159,97.05%,375600,213,Amaura,,2,21.90%,3199,94.51%,172564,230,Aurorus,,1,23.27%,3143,90.66%,0,0,Amaura,,1,
750,Avalugg,Hisui,713,♂,1460,117,15,11,12,84.4,15.0,15.0,,,,"2026-07-02 17:53",7/8/2025,,,0,0,0,1900,6.37%,3835,92.19%,0,0,Avalugg,Hisui,0,33.28%,2733,95.05%,56400,51,Avalugg,Hisui,0,,,,,,,,,
751,Spinda,,327,♂,503,85,14,11,10,77.8,15.0,15.0,,,,"2026-07-02 17:53",7/9/2025,,,0,0,0,1900,94.21%,238,93.50%,496400,268,Spinda,,0,94.21%,238,93.50%,496400,268,Spinda,,0,,,,,,,,,
752,Zapdos,Galar,145,,1912,129,13,15,15,95.6,19.0,19.0,,,,"2026-07-02 17:53",7/12/2025,,,0,0,0,2500,,,,,,,,,45.35%,2239,95.43%,32500,29,Zapdos,Galar,0,,,,,,,,,
753,Vaporeon,,134,♂,1324,149,15,14,12,91.1,15.0,15.0,,,,"2026-07-02 17:53",7/12/2025,,,0,0,0,1900,83.96%,658,96.65%,7600,8,Vaporeon,,0,26.45%,3013,94.60%,77400,70,Vaporeon,,0,,,,,,,,,
754,Feebas,,349,♀,102,51,10,12,14,80.0,15.0,15.0,,,,"2026-07-02 17:53",7/12/2025,,,0,0,0,1900,87.28%,522,96.90%,12000,112,Milotic,,0,69.60%,1246,96.89%,96400,186,Milotic,,0,90.94%,372,84.95%,496400,268,Feebas,,0,
755,Lilligant,Hisui,549,♀,1778,124,13,15,15,95.6,25.0,25.0,,,,"2026-07-02 17:53",7/17/7075,,,0,0,0,4000,,,,,,,,,62.15%,1551,96.51%,194000,220,Lilligant,Hisui,0,,,,,,,,,
756,Arcanine,Hisui,59,♀,1322,117,14,12,12,84.4,15.0,15.0,,,,"2026-07-02 17:53",7/13/2025,,,0,0,0,1900,81.56%,756,96.71%,7600,8,Arcanine,Hisui,0,29.72%,2879,95.36%,77400,70,Arcanine,Hisui,0,,,,,,,,,
757,Petilil,,548,♀,436,73,14,14,15,95.6,15.0,15.0,,,,"2026-07-02 17:53",7/13/2025,,,0,0,0,1900,66.40%,1377,95.32%,23900,72,Lilligant,Normal,0,63.69%,1488,96.57%,226400,288,Lilligant,Normal,0,50.70%,2020,92.32%,7600,8,Petilil,,0,
758,Grubbin,,736,♂,480,81,12,12,11,77.8,18.0,18.0,,,,"2026-07-02 17:53",7/14/2025,,,0,0,0,2200,32.21%,2777,94.30%,132400,147,Charjabug,,0,31.48%,2807,95.22%,69900,187,Vikavolt,,0,51.28%,1996,92.59%,2200,2,Grubbin,,0,
759,Taillow,,276,,278,63,14,15,12,91.1,13.0,13.0,,,,"2026-07-02 17:53",7/14/2025,,,0,1,0,1921,43.32%,2322,94.57%,95164,153,Swellow,,1,100.00%,1,100%,402600,258,Swellow,,2,46.32%,2199,91.70%,53764,64,Taillow,,1,
760,Krabby,,98,♂,1332,84,15,15,14,97.8,30.0,30.0,,,,"2026-07-02 17:53",7/15/2025,,,0,0,0,5000,80.51%,799,96.29%,103000,116,Krabby,,0,81.93%,741,97.30%,22000,70,Kingler,,0,,,,,,,,,
761,Finneon,,456,,783,106,14,12,13,86.7,29.0,29.0,,,,"2026-07-02 17:52",7/15/2025,,,0,0,0,5000,40.51%,2437,94.57%,5000,54,Lumineon,,0,98.29%,71,96.49%,410000,240,Lumineon,,0,,,,,,,,,
762,Wailmer,,320,♀,795,173,10,12,14,80.0,20.0,20.0,,,,"2026-07-02 17:52",,,,0,0,0,2500,86.03%,573,96.46%,24000,422,Wailord,,0,93.06%,285,97.27%,475000,648,Wailord,,0,,,,,,,,,
763,Volcanion,,721,,1505,105,10,10,14,75.6,15.0,15.0,,,,"2026-07-02 17:52",,,,0,0,0,0,,,,,,,,,32.97%,2746,94.90%,48900,45,Volcanion,,0,,,,,,,,,
764,Passimian,,766,♂,1284,122,15,13,12,88.9,15.0,15.0,,,,"2026-07-02 17:52",7/15/2025,,,0,0,0,1900,78.83%,868,96.19%,9800,10,Passimian,,0,33.92%,2707,95.37%,86400,78,Passimian,,0,,,,,,,,,
765,Crabrawler,,739,♂,773,86,15,15,13,95.6,20.0,20.0,,,,"2026-07-02 17:52",7/17/7075,,,0,0,0,2500,98.32%,70,98.20%,417000,248,Crabrawler,,0,38.27%,2529,95.67%,75000,116,Crabominable,,0,,,,,,,,,
766,Decidueye,Normal,724,♀,1665,119,11,15,4,66.7,22.0,22.0,,,,"2026-07-02 17:52",,,,0,0,0,3000,,,,,,,,,48.03%,2129,96.05%,142000,140,Decidueye,Normal,0,,,,,,,,,
767,Quaquaval,,914,♂,3078,169,15,14,14,95.6,42.0,42.0,,,,"2026-07-02 17:52",,,,0,0,0,11000,,,,,,,,,,,,,,,,,,,,,,,,,
768,Cherubi,,420,♂,396,71,14,15,10,86.7,15.0,15.0,,,,"2026-07-02 17:52",7/20/2025,,,0,0,0,1900,46.86%,2177,94.78%,60400,104,Cherrim,,0,98.00%,83,96.29%,496400,318,Cherrim,,0,25.03%,3071,90.37%,14200,14,Cherubi,,0,
769,Wimpod,,767,♂,213,55,15,14,14,95.6,15.0,15.0,,,,"2026-07-02 17:52",7/20/2025,,,0,0,0,1900,51.40%,1991,95.06%,5700,406,Golisopod,,0,33.04%,2743,94.99%,72900,466,Golisopod,,0,84.64%,630,93.31%,256400,268,Wimpod,,0,
770,Piloswine,,221,♀,1653,157,14,15,11,88.9,25.0,25.0,,,,"2026-07-02 17:52",,,,0,1,0,4800,,,,,,,,,85.10%,611,96.90%,398400,280,Piloswine,,1,,,,,,,,,
771,Wailmer,,320,♀,838,174,15,15,15,100.0,20.0,20.0,,,,"2026-07-02 17:52",7/20/2025,,,0,0,0,2500,75.90%,988,95.74%,17000,416,Wailord,,0,95.19%,198,97.64%,389000,648,Wailord,,0,,,,,,,,,
772,Gible,,443,♂,401,79,13,12,15,88.9,13.0,13.0,,,,"2026-07-02 17:52",,,,0,1,0,1921,63.49%,1496,95.44%,105964,138,Gabite,,1,32.72%,2756,94.94%,46564,181,Garchomp,Normal,1,50.89%,2012,92.91%,12244,18,Gible,,1,
773,Chatot,,441,♀,1126,128,14,0,13,60.0,24.0,24.0,,,,"2026-07-02 17:52",,,,0,0,0,3500,3.05%,3971,91.79%,92000,84,Chatot,,0,39.71%,2470,84.39%,451000,226,Chatot,,0,,,,,,,,,
774,Granbull,,210,♀,1140,115,14,13,10,82.2,16.0,16.0,,,,"2026-07-02 17:52",7/20/2025,,,0,0,0,1900,67.79%,1320,95.31%,22600,20,Granbull,,0,48.13%,2125,95.55%,242600,264,Granbull,,0,,,,,,,,,
775,Cherubi,,420,♂,465,79,11,14,12,82.2,18.0,18.0,,,,"2026-07-02 17:52",7/21/2025,,,0,0,0,2200,84.30%,644,96.76%,52400,96,Cherrim,,0,96.56%,142,95.40%,484400,306,Cherrim,,0,46.98%,2172,91.95%,4400,4,Cherubi,,0,
776,Pineco,,204,♂,222,52,8,10,4,48.9,8.0,8.0,,,,"2026-07-02 17:52",7/22/2025,,,0,1,0,961,23.69%,3126,93.65%,79326,150,Forretress,,1,75.56%,1002,94.98%,404600,260,Forretress,,2,40.81%,2425,91.25%,32406,51,Pineco,,1,
777,Floragato,,907,♂,428,67,15,15,14,97.8,9.0,9.0,,,,"2026-07-02 17:52",4/17/2025,,,0,0,0,1000,78.75%,871,96.24%,29800,134,Meowscarada,,0,68.21%,1303,96.68%,134000,226,Meowscarada,,0,7.91%,3772,88.47%,2000,2,Floragato,,0,
778,Decidueye,Normal,724,♂,1817,122,14,13,1,62.2,24.0,24.0,,,,"2026-07-02 17:52",,,,0,0,0,3500,,,,,,,,,22.56%,3172,95.02%,129000,128,Decidueye,Normal,0,,,,,,,,,
779,Nidoqueen,,31,♀,1433,127,14,14,1,64.4,21.0,21.0,,,,"2026-07-02 17:51",,,,0,0,0,3000,2.25%,4004,91.62%,3000,3,Nidoqueen,,0,28.16%,2943,94.79%,296000,244,Nidoqueen,,0,,,,,,,,,
780,Sprigatito,,906,♂,307,59,11,14,15,88.9,11.0,11.0,,,,"2026-07-02 17:51",1/5/2025,,,0,0,0,1300,75.16%,1018,96.23%,156000,175,Floragato,,0,83.64%,671,97.39%,142000,259,Meowscarada,,0,52.77%,1935,92.46%,21400,26,Sprigatito,,0,
781,Inkay,,686,♀,333,75,14,10,15,86.7,13.0,13.0,,,,"2026-07-02 17:51",7/24/2025,,,0,0,0,1600,48.74%,2100,94.95%,41800,91,Malamar,Normal,0,78.88%,866,96.13%,390800,326,Malamar,Normal,0,53.77%,1894,92.45%,25300,26,Inkay,,0,
782,Noivern,,715,♀,2033,143,15,14,12,91.1,26.0,26.0,,,,"2026-07-02 17:51",,,,0,0,0,4000,,,,,,,,,36.02%,2621,95.46%,77000,72,Noivern,,0,,,,,,,,,
783,Vivillon,,666,♀,786,105,15,13,14,93.3,15.0,15.0,,,,"2026-07-02 17:51",7/26/2025,,,0,0,0,1900,52.58%,1943,94.95%,81900,74,Vivillon,,0,99.46%,23,97.73%,496400,268,Vivillon,,0,,,,,,,,,
784,Vivillon,,666,♀,784,105,13,15,14,93.3,15.0,15.0,,,,"2026-07-02 17:51",7/27/2025,,,0,0,0,1900,65.05%,1432,95.57%,81900,74,Vivillon,,0,99.76%,11,98.38%,496400,268,Vivillon,,0,,,,,,,,,
785,Decidueye,Normal,724,♂,2344,147,5,8,9,48.9,34.0,34.0,,,,"2026-07-02 17:51",,,,0,0,0,7000,,,,,,,,,64.03%,1474,96.64%,64000,80,Decidueye,Normal,0,,,,,,,,,
786,Inteleon,,818,♂,1672,110,13,15,13,91.1,20.0,20.0,,,,"2026-07-02 17:51",7/28/2025,,,0,0,0,2500,,,,,,,,,43.69%,2307,95.85%,70000,62,Inteleon,,0,,,,,,,,,
787,Aerodactyl,Normal,142,,1181,103,15,15,11,91.1,15.0,15.0,,,,"2026-07-02 17:51",,,,0,0,0,1900,83.61%,672,96.85%,16400,16,Aerodactyl,Normal,0,65.13%,1429,96.52%,137400,126,Aerodactyl,Normal,0,,,,,,,,,
788,Duskull,,355,♂,391,57,14,14,12,88.9,20.0,20.0,,,,"2026-07-02 17:51",7/29/2025,,,0,0,0,2500,37.36%,2566,93.95%,169000,195,Dusclops,,0,79.63%,835,96.03%,337000,373,Dusknoir,,0,39.46%,2480,90.31%,35000,31,Duskull,,0,
789,Shroomish,,285,♂,564,111,15,11,12,84.4,25.0,25.0,,,,"2026-07-02 17:51",,,,0,0,0,4000,98.27%,72,95.44%,444000,220,Shroomish,,0,61.49%,1578,96.26%,156000,216,Breloom,,0,,,,,,,,,
790,Roggenrola,,524,♂,951,111,15,14,12,91.1,28.0,28.0,,,,"2026-07-02 17:51",7/29/2025,,,0,0,0,4500,99.29%,30,97.00%,419000,198,Roggenrola,,0,99.22%,33,97.47%,419000,248,Boldore,,0,,,,,,,,,
791,Vivillon,,666,,781,104,13,15,12,88.9,15.0,15.0,,,,"2026-07-02 17:51",7/20/7075,,,0,0,0,1900,51.84%,1973,94.91%,81900,74,Vivillon,,0,99.17%,35,97.23%,496400,268,Vivillon,,0,,,,,,,,,
792,Sandygast,,769,,519,82,15,11,14,88.9,15.0,15.0,,,,"2026-07-02 17:51",7/20/7075,,,0,0,0,1900,32.63%,2760,94.26%,29400,77,Palossand,,0,44.22%,2285,95.19%,299400,318,Palossand,,0,,,,,,,,,
793,Accelgor,,617,♀,547,76,15,14,14,95.6,8.0,8.0,,,,"2026-07-02 17:51",,,,0,1,0,961,74.04%,1064,96.04%,55926,76,Accelgor,,1,66.79%,1361,96.26%,205500,213,Accelgor,,2,,,,,,,,,
794,Blissey,,242,,2372,373,15,12,10,82.2,31.0,31.0,,,,"2026-07-02 17:51",7/31/2025,,,0,0,0,6000,,,,,,,,,14.77%,3491,93.51%,38000,40,Blissey,,0,,,,,,,,,
795,Seedot,,273,♂,126,49,10,15,13,84.4,8.0,8.0,,,,"2026-07-02 17:51",7/31/2025,,,0,1,0,961,81.88%,743,96.54%,66726,213,Shiftry,,1,96.68%,137,98.24%,529926,509,Shiftry,,1,69.11%,1266,93.07%,169926,186,Seedot,,1,
796,Anorith,,347,♂,1024,94,7,11,14,71.1,25.0,25.0,,,,"2026-07-02 17:51",,,,0,0,0,4000,87.16%,527,96.82%,270000,220,Anorith,,0,76.68%,956,97.21%,92000,136,Armaldo,,0,,,,,,,,,
797,Sableye,Normal,302,♀,826,88,14,15,11,88.9,20.0,20.0,,,,"2026-07-02 17:51",,,,0,0,0,2500,59.29%,1668,93.78%,278000,248,Sableye,Normal,0,98.97%,43,97.01%,475000,248,Sableye,Normal,0,,,,,,,,,
798,Kabuto,,140,♂,760,67,13,15,11,86.7,20.0,20.0,,,,"2026-07-02 17:51",,,,0,0,0,2500,97.44%,106,97.74%,460000,248,Kabuto,,0,41.66%,2390,95.72%,145000,190,Kabutops,,0,,,,,,,,,
799,Omanyte,,138,,870,74,14,15,13,93.3,20.0,20.0,,,,"2026-07-02 17:51",8/4/2025,,,0,0,0,2500,40.44%,2440,93.99%,196000,206,Omanyte,,0,37.26%,2570,95.28%,109000,148,Omastar,,0,,,,,,,,,
800,Swirlix,,684,♂,503,88,15,15,14,97.8,15.0,15.0,,,,"2026-07-02 17:51",8/4/2025,,,0,0,0,1900,26.67%,3004,93.54%,41900,89,Slurpuff,,0,99.93%,4,99.43%,496400,318,Slurpuff,,0,,,,,,,,,
801,Combee,,415,♂,205,57,15,13,10,84.4,15.0,15.0,,,,"2026-07-02 17:51",8/5/2025,,,0,0,0,0,98.61%,58,93.96%,496400,268,Combee,,0,98.61%,58,93.96%,496400,268,Combee,,0,85.54%,593,93.22%,322400,268,Combee,,0,
802,Vivillon,,666,♀,779,105,14,12,14,88.9,15.0,15.0,,,,"2026-07-02 17:50",8/6/2025,,,0,0,0,1900,26.37%,3016,93.64%,81900,74,Vivillon,,0,98.39%,67,96.38%,496400,268,Vivillon,,0,,,,,,,,,
803,Lugia,,249,,2082,146,14,13,11,84.4,20.0,20.0,,,,"2026-07-02 17:50",8/6/2025,,,0,0,0,2500,,,,,,,,,57.05%,1760,95.84%,24000,22,Lugia,,0,,,,,,,,,
804,Gurdurr,,533,,450,74,13,4,1,40.0,8.0,8.0,,,,"2026-07-02 17:50",,,,0,1,0,961,7.57%,3786,92.43%,6600,6,Gurdurr,,2,19.41%,3301,94.28%,21450,201,Conkeldurr,,2,10.87%,3651,88.47%,961,2,Gurdurr,,1,
805,Skrelp,,690,♂,452,78,15,13,15,95.6,15.0,15.0,,,,"2026-07-02 17:50",8/9/2025,,,0,0,0,1900,57.19%,1754,95.11%,32400,80,Dragalge,,0,77.29%,931,96.06%,334400,318,Dragalge,,0,52.33%,1953,92.68%,5700,6,Skrelp,,0,
806,Farfetch'd,Galar,83,♂,947,91,15,14,13,93.3,20.0,20.0,,,,"2026-07-02 17:50",8/9/2025,,,0,0,0,2500,46.54%,2190,94.91%,109000,98,Farfetch'd,Galar,0,74.29%,1054,96.74%,70000,112,Sirfetch’d,,0,,,,,,,,,
807,Karrablast,,588,♂,498,78,13,15,14,93.3,15.0,15.0,,,,"2026-07-02 17:50",,,,0,0,0,1900,39.37%,2484,94.11%,12000,212,Escavalier,,0,69.82%,1237,96.82%,106400,294,Escavalier,,0,88.01%,492,95.62%,0,0,Karrablast,,0,
808,Charcadet,,935,♂,414,80,15,14,14,95.6,20.0,20.0,,,,"2026-07-02 17:50",8/10/2025,,,0,0,0,2500,99.83%,8,98.00%,475000,248,Charcadet,,0,47.59%,2147,95.77%,51500,96,Ceruledge,,0,45.54%,2231,91.23%,24000,22,Charcadet,,0,
809,Ekans,,23,♂,371,63,11,11,11,73.3,15.0,15.0,,,,"2026-07-02 17:50",,,,0,0,0,1900,58.22%,1712,95.56%,81900,124,Arbok,,0,90.18%,403,93.46%,496400,318,Arbok,,0,46.18%,2205,91.90%,21400,20,Ekans,,0,
810,Sableye,Normal,302,♂,810,88,12,13,11,80.0,20.0,20.0,,,,"2026-07-02 17:50",8/11/2025,,,0,0,0,2500,60.39%,1623,93.85%,313000,248,Sableye,Normal,0,95.51%,185,94.49%,475000,248,Sableye,Normal,0,,,,,,,,,
811,Sandshrew,Normal,27,♂,454,70,14,13,10,82.2,13.0,13.0,,,,"2026-07-02 17:50",8/12/2025,,,0,1,0,1921,57.58%,1738,94.93%,50164,110,Sandslash,Normal,1,73.65%,1080,96.05%,468964,410,Sandslash,Normal,1,23.17%,3147,91.22%,3842,6,Sandshrew,Normal,1,
812,Krabby,,98,♂,873,69,13,12,15,88.9,20.0,20.0,,,,"2026-07-02 17:50",8/13/2025,,,0,0,0,2500,70.70%,1201,95.68%,196000,206,Krabby,,0,67.11%,1348,96.63%,103000,142,Kingler,,0,,,,,,,,,
813,Giratina,Altered,487,,749,111,12,15,14,91.1,8.0,8.0,,,,"2026-07-02 17:50",8/13/2025,,,0,0,0,800,38.32%,2527,94.44%,19100,24,Giratina,Altered,0,36.85%,2587,95.00%,77600,76,Giratina,Altered,0,,,,,,,,,
814,Goldeen,,118,,49,23,15,11,13,86.7,2.0,2.0,,,,"2026-07-02 17:50",8/13/2025,,,0,0,0,200,40.78%,2426,94.28%,72100,129,Seaking,,0,97.88%,88,96.40%,519600,352,Seaking,,0,61.76%,1567,93.67%,25100,36,Goldeen,,0,
815,Diggersby,,660,♀,881,124,15,13,6,75.6,21.0,21.0,,,,"2026-07-02 17:50",,,,0,0,0,3000,23.52%,3133,92.45%,251000,244,Diggersby,,0,95.43%,188,94.94%,470000,244,Diggersby,,0,,,,,,,,,
816,Decidueye,Normal,724,♂,977,95,5,15,12,71.1,13.0,13.0,,,,"2026-07-02 17:50",,,,0,0,0,1600,54.92%,1847,95.42%,25300,26,Decidueye,Normal,0,97.14%,118,98.69%,188800,188,Decidueye,Normal,0,,,,,,,,,
817,Patrat,,504,,674,105,15,11,15,91.1,31.0,31.0,,,,"2026-07-02 17:50",8/16/2025,,,0,0,0,6000,98.93%,45,95.45%,390000,174,Patrat,,0,98.95%,44,97.40%,390000,224,Watchog,,0,,,,,,,,,
818,Blastoise,Normal,9,♂,897,95,14,14,10,84.4,13.0,13.0,,,,"2026-07-02 17:50",,,,0,1,0,1921,32.67%,2758,93.93%,42964,52,Blastoise,Normal,1,43.91%,2298,95.20%,205500,213,Blastoise,Normal,2,,,,,,,,,
819,Ho-Oh,,250,,2687,150,11,13,12,80.0,25.0,25.0,,,,"2026-07-02 17:50",,,,0,0,0,4000,,,,,,,,,,,,,,,,,,,,,,,,,
820,Lileep,,345,♂,540,93,14,10,15,86.7,15.0,15.0,,,,"2026-07-02 17:50",8/17/2025,,,0,0,0,1900,37.88%,2545,94.35%,45400,92,Cradily,,0,98.36%,68,97.02%,496400,318,Cradily,,0,,,,,,,,,
821,Hatenna,,856,,477,81,14,12,13,86.7,20.0,20.0,,,,"2026-07-02 17:50",8/18/2025,,,0,0,0,2500,37.66%,2554,94.08%,145000,165,Hattrem,,0,28.21%,2941,95.14%,103000,217,Hatterene,,0,21.88%,3200,90.13%,2500,2,Hatenna,,0,
822,Krabby,,98,♂,892,69,14,12,13,86.7,20.5,20.5,,,,"2026-07-02 17:50",8/18/2025,,,0,0,0,2500,39.00%,2499,94.06%,193500,204,Krabby,,0,33.50%,2724,95.40%,100500,140,Kingler,,0,,,,,,,,,
823,Togedemaru,,777,♂,1215,105,15,11,14,88.9,20.0,20.0,,,,"2026-07-02 17:50",8/18/2025,,,0,0,0,2500,55.82%,1810,95.23%,27500,25,Togedemaru,,0,98.49%,63,96.85%,475000,248,Togedemaru,,0,,,,,,,,,
824,Krabby,,98,♂,882,69,13,15,15,95.6,20.0,20.0,,,,"2026-07-02 17:50",8/18/2025,,,0,0,0,2500,63.64%,1490,95.31%,178000,182,Krabby,,0,64.71%,1446,96.54%,97000,136,Kingler,,0,,,,,,,,,
825,Omanyte,,138,♂,852,72,14,12,10,80.0,20.0,20.0,,,,"2026-07-02 17:50",8/19/2025,,,0,0,0,2500,39.95%,2460,93.94%,235000,248,Omanyte,,0,24.79%,3081,94.75%,123000,164,Omastar,,0,,,,,,,,,
826,Cryogonal,,615,,1534,120,10,12,11,73.3,20.0,20.0,,,,"2026-07-02 17:50",,,,0,0,0,2500,,,,,,,,,66.91%,1356,96.29%,137000,130,Cryogonal,,0,,,,,,,,,
827,Kabuto,,140,♀,770,69,14,13,14,91.1,20.0,20.0,,,,"2026-07-02 17:50",,,,0,0,0,2500,97.95%,85,97.96%,431000,248,Kabuto,,0,47.72%,2142,95.95%,137000,180,Kabutops,,0,,,,,,,,,
828,Pikachu,Normal,25,,390,64,14,11,14,86.7,15.0,15.0,,,,"2026-07-02 17:50",8/19/2025,,,0,0,0,1900,67.35%,1338,95.20%,48900,95,Raichu,Normal,0,98.49%,63,97.12%,496400,318,Raichu,Normal,0,34.46%,2685,90.93%,16400,16,Pikachu,Normal,0,
829,Gible,,443,♀,465,83,15,13,10,84.4,15.0,15.0,,,,"2026-07-02 17:49",8/19/2025,,,0,0,0,1900,38.39%,2524,94.21%,81900,99,Gabite,,0,18.49%,3339,94.29%,32400,155,Garchomp,Normal,0,53.48%,1906,93.09%,3800,4,Gible,,0,
830,Ninetales,Alola,38,♂,511,71,15,9,14,84.4,8.0,8.0,,,,"2026-07-02 17:49",8/20/2025,,,0,1,0,961,42.59%,2352,94.60%,66726,88,Ninetales,Alola,1,90.89%,374,97.04%,325200,213,Ninetales,Alola,2,,,,,,,,,
831,Toxtricity,,849,♀,1444,117,12,10,15,82.2,20.0,20.0,,,,"2026-07-02 17:49",8/20/2025,,,0,0,0,2500,51.21%,1999,94.80%,2500,2,Toxtricity,,0,54.19%,1877,96.12%,205000,218,Toxtricity,,0,,,,,,,,,
832,Arboliva,,930,♀,1682,120,15,13,15,95.6,20.0,20.0,,,,"2026-07-02 17:49",8/20/2025,,,0,0,0,2500,,,,,,,,,31.36%,2812,95.33%,70000,62,Arboliva,,0,,,,,,,,,
833,Falinks,Normal,870,,1328,105,15,12,13,88.9,20.0,20.0,,,,"2026-07-02 17:49",8/21/2025,,,0,0,0,2500,60.54%,1617,95.11%,14000,13,Falinks,Normal,0,68.38%,1296,95.39%,350000,248,Falinks,Normal,0,,,,,,,,,
834,Bruxish,,779,♂,1344,108,14,14,12,88.9,20.0,20.0,,,,"2026-07-02 17:49",,,,0,0,0,2500,41.20%,2409,94.29%,11000,10,Bruxish,,0,73.60%,1082,95.89%,325000,248,Bruxish,,0,,,,,,,,,
835,Caterpie,,10,♂,178,73,14,10,15,86.7,15.0,15.0,,,,"2026-07-02 17:49",,,,0,0,0,1900,23.08%,3151,93.94%,86400,140,Butterfree,,0,97.68%,96,96.18%,496400,330,Butterfree,,0,97.61%,99,94.74%,496400,280,Metapod,,0,
836,Sobble,,816,♂,467,78,15,14,15,97.8,15.0,15.0,,,,"2026-07-02 17:49",8/22/2025,,,0,0,0,1900,57.78%,1730,95.26%,9800,135,Inteleon,,0,65.71%,1405,96.65%,91400,207,Inteleon,,0,80.71%,791,94.34%,3800,4,Sobble,,0,
837,Pidove,,519,♂,351,77,13,14,12,86.7,15.0,15.0,,,,"2026-07-02 17:49",8/22/2025,,,0,0,0,1900,86.98%,534,96.72%,18900,80,Unfezant,,0,55.19%,1836,96.43%,158400,212,Unfezant,,0,41.44%,2399,91.99%,26400,24,Pidove,,0,
838,Passimian,,766,♂,1274,124,13,11,15,86.7,15.0,15.0,,,,"2026-07-02 17:49",8/22/2025,,,0,0,0,1900,69.82%,1237,95.70%,9800,10,Passimian,,0,16.63%,3415,94.57%,86400,78,Passimian,,0,,,,,,,,,
839,Wailmer,,320,♂,605,151,13,11,15,86.7,15.0,15.0,,,,"2026-07-02 17:49",8/22/2025,,,0,0,0,0,71.01%,1188,94.38%,346400,268,Wailmer,,0,97.56%,101,98.17%,496400,668,Wailord,,0,,,,,,,,,
840,Zamazenta,Hero,889,,2134,121,11,15,11,82.2,20.0,20.0,,,,"2026-07-02 17:49",8/22/2025,,,0,0,0,2500,,,,,,,,,42.39%,2360,95.52%,17000,16,Zamazenta,Hero,0,,,,,,,,,
841,Corviknight,,823,,1030,119,13,15,10,84.4,15.0,15.0,,,,"2026-07-02 17:49",8/23/2025,,,0,0,0,1900,31.77%,2795,93.84%,29400,27,Corviknight,,0,60.54%,1617,95.81%,310400,268,Corviknight,,0,,,,,,,,,
842,Gligar,,207,,686,84,15,15,13,95.6,13.0,13.0,,,,"2026-07-02 17:49",8/23/2025,,,0,1,0,1921,62.12%,1552,95.65%,30364,139,Gliscor,,1,61.29%,1586,96.30%,100400,197,Gliscor,,2,,,,,,,,,
843,Zamazenta,Hero,889,,2126,121,11,13,11,77.8,20.0,20.0,,,,"2026-07-02 17:49",8/23/2025,,,0,0,0,2500,,,,,,,,,88.16%,486,97.57%,20500,19,Zamazenta,Hero,0,,,,,,,,,
844,Toxtricity,,849,♂,1468,117,12,15,15,93.3,20.0,20.0,,,,"2026-07-02 17:49",8/23/2025,,,0,0,0,2500,50.38%,2033,94.76%,0,0,Toxtricity,,0,80.61%,795,97.25%,187000,194,Toxtricity,,0,,,,,,,,,
845,Gengar,Normal,94,♂,2393,123,10,12,14,80.0,30.0,30.0,,,,"2026-07-02 17:49",,,,0,0,0,5000,,,,,,,,,86.84%,540,97.23%,28000,26,Gengar,Normal,0,,,,,,,,,
846,Machamp,,68,♂,2987,173,11,15,12,84.4,40.0,40.0,,,,"2026-07-02 17:49",8/23/2025,,,0,0,0,10000,,,,,,,,,,,,,,,,,,,,,,,,,
847,Zacian,Hero,888,,2167,121,15,15,11,91.1,20.0,20.0,,,,"2026-07-02 17:49",8/23/2025,,,0,0,0,2500,,,,,,,,,77.44%,925,96.97%,17000,16,Zacian,Hero,0,,,,,,,,,
848,Zacian,Hero,888,,2144,120,15,11,10,80.0,20.0,20.0,,,,"2026-07-02 17:49",,,,0,0,0,2500,,,,,,,,,22.20%,3187,94.69%,17000,16,Zacian,Hero,0,,,,,,,,,
849,Zamazenta,Hero,889,,2117,120,10,14,10,75.6,20.0,20.0,,,,"2026-07-02 17:49",8/23/2025,,,0,0,0,2500,,,,,,,,,75.38%,1009,96.84%,20500,19,Zamazenta,Hero,0,,,,,,,,,
850,Raikou,,243,,1945,129,15,14,10,86.7,20.0,20.0,,,,"2026-07-02 17:48",,,,0,0,0,2500,,,,,,,,,45.64%,2227,95.51%,35000,31,Raikou,,0,,,,,,,,,
851,Drilbur,,529,♂,575,85,15,13,10,84.4,15.0,15.0,,,,"2026-07-02 17:48",8/24/2025,,,0,0,0,1900,94.65%,220,96.85%,466400,268,Drilbur,,0,15.26%,3471,94.05%,68400,112,Excadrill,,0,,,,,,,,,
852,Toxtricity,,849,♂,1088,99,14,12,11,82.2,15.0,15.0,,,,"2026-07-02 17:48",,,,0,0,0,1900,61.05%,1596,95.24%,23900,22,Toxtricity,,0,40.22%,2449,95.61%,217400,226,Toxtricity,,0,,,,,,,,,
853,Latios,Normal,381,♂,2130,119,14,12,10,80.0,20.0,20.0,,,,"2026-07-02 17:48",8/24/2025,,,0,0,0,2500,,,,,,,,,15.51%,3461,94.35%,17000,16,Latios,Normal,0,,,,,,,,,
854,Latias,Normal,380,♀,1972,122,11,15,15,91.1,20.0,20.0,,,,"2026-07-02 17:48",,,,0,0,0,2500,,,,,,,,,48.91%,2093,95.64%,31000,28,Latias,Normal,0,,,,,,,,,
855,Porygon,,137,,721,92,13,12,15,88.9,15.0,15.0,,,,"2026-07-02 17:48",8/24/2025,,,0,0,0,1900,55.02%,1843,95.15%,18900,43,Porygon2,,0,58.83%,1687,96.17%,68400,187,Porygon-z,,0,,,,,,,,,
856,Cryogonal,,615,,1577,121,15,10,14,86.7,20.0,20.0,,,,"2026-07-02 17:48",8/25/2025,,,0,0,0,2500,,,,,,,,,17.41%,3383,94.21%,109000,98,Cryogonal,,0,,,,,,,,,
857,Slakoth,,287,♀,418,87,15,10,14,86.7,15.0,15.0,,,,"2026-07-02 17:48",8/26/2025,,,0,0,0,1900,33.31%,2732,94.08%,68400,87,Vigoroth,,0,78.12%,897,96.88%,21400,145,Slaking,,0,10.04%,3685,88.83%,9800,10,Slakoth,,0,
858,Slakoth,,287,♂,420,87,14,13,14,91.1,15.0,15.0,,,,"2026-07-02 17:48",8/26/2025,,,0,0,0,1900,57.09%,1758,95.35%,68400,87,Vigoroth,,0,15.26%,3471,94.14%,18900,143,Slaking,,0,30.01%,2867,90.68%,9800,10,Slakoth,,0,
859,Dondozo,,977,,1259,167,15,10,11,80.0,15.0,15.0,,,,"2026-07-02 17:48",8/26/2025,,,0,0,0,1900,9.06%,3725,92.24%,9800,10,Dondozo,,0,10.21%,3678,93.92%,91400,82,Dondozo,,0,,,,,,,,,
860,Sunkern,,191,♂,164,58,14,15,11,88.9,15.0,15.0,,,,"2026-07-02 17:48",8/26/2025,,,0,0,0,1900,23.93%,3116,93.51%,48900,95,Sunflora,,0,99.17%,35,97.68%,496400,318,Sunflora,,0,99.22%,33,94.55%,496400,268,Sunkern,,0,
861,Cherubi,,420,,385,72,12,10,13,77.8,15.0,15.0,,,,"2026-07-02 17:48",,,,0,0,0,1900,66.25%,1383,95.72%,64400,108,Cherrim,,0,93.63%,262,94.23%,496400,318,Cherrim,,0,73.24%,1097,93.83%,18900,18,Cherubi,,0,
862,Bellossom,,182,♀,939,98,11,13,10,75.6,15.0,15.0,,,,"2026-07-02 17:48",8/26/2025,,,0,0,0,1900,21.25%,3226,93.70%,41900,39,Bellossom,,0,93.70%,259,97.68%,496400,268,Bellossom,,0,,,,,,,,,
863,Poochyena,,261,♂,185,48,15,15,4,75.6,10.0,10.0,,,,"2026-07-02 17:48",8/27/2025,,,0,0,0,1000,35.58%,2639,94.49%,91000,138,Mightyena,,0,92.50%,308,93.63%,510000,336,Mightyena,,0,34.02%,2703,90.34%,82000,80,Poochyena,,0,
864,Ralts,,280,♀,186,50,14,13,5,71.1,13.0,13.0,,,,"2026-07-02 17:48",8/27/2025,,,0,1,0,1921,56.92%,1765,95.12%,19444,152,Gardevoir,Normal,1,14.53%,3501,94.46%,111364,243,Gardevoir,Normal,1,43.20%,2327,88.87%,129200,143,Ralts,,2,
865,Cherubi,,420,♂,298,62,11,9,8,62.2,12.0,12.0,,,,"2026-07-02 17:48",8/30/2025,,,0,0,0,1300,32.94%,2747,94.12%,77400,124,Cherrim,,0,75.90%,988,90.74%,505400,330,Cherrim,,0,50.84%,2014,92.22%,30400,32,Cherubi,,0,
866,Rookidee,,821,,165,51,15,11,14,88.9,9.0,9.0,,,,"2026-07-02 17:48",8/30/2025,,,0,0,0,1000,96.14%,159,96.99%,482000,313,Corvisquire,,0,38.29%,2528,94.86%,304000,413,Corviknight,,0,62.93%,1519,93.16%,9200,37,Corvisquire,,0,
867,Corviknight,,823,♂,107,38,14,13,13,88.9,2.0,2.0,,,,"2026-07-02 17:48",8/30/2025,,,0,0,0,200,37.02%,2580,94.12%,52600,61,Corviknight,,0,49.69%,2061,95.34%,322600,302,Corviknight,,0,9.96%,3688,87.56%,4400,10,Corviknight,,0,
868,Miltank,,241,,1813,158,14,8,8,66.7,28.0,28.0,,,,"2026-07-02 17:48",8/31/2025,,,0,0,0,4500,,,,,,,,,54.65%,1858,94.99%,347000,198,Miltank,,0,,,,,,,,,
869,Rookidee,,821,♂,274,67,11,15,15,91.1,15.0,15.0,,,,"2026-07-02 17:48",8/31/2025,,,0,0,0,1900,99.98%,2,99.88%,496400,293,Corvisquire,,0,78.63%,876,96.76%,310400,393,Corviknight,,0,55.58%,1820,91.65%,68400,62,Rookidee,,0,
870,Escavalier,,589,♂,632,68,15,9,10,75.6,8.0,8.0,,,,"2026-07-02 17:48",9/1/2025,,,0,1,0,961,31.36%,2812,93.74%,37686,57,Escavalier,,1,41.93%,2379,95.78%,57000,55,Escavalier,,2,,,,,,,,,
871,Decidueye,Normal,724,♂,1333,107,8,12,4,53.3,18.0,18.0,,,,"2026-07-02 17:48",,,,0,0,0,2200,49.18%,2082,95.17%,9400,8,Decidueye,Normal,0,29.87%,2873,95.35%,178400,178,Decidueye,Normal,0,,,,,,,,,
872,Machop,,66,♂,1030,131,15,14,13,93.3,28.5,28.5,,,,"2026-07-02 17:48",,,,0,0,0,2500,99.66%,15,97.71%,414500,194,Machop,,0,21.25%,3226,94.62%,0,125,Machamp,,0,,,,,,,,,
873,Abra,,63,♂,18,10,11,15,13,86.7,1.0,1.0,,,,"2026-07-02 17:48",9/2/2025,,,0,0,0,200,99.29%,30,98.17%,520000,304,Abra,,0,76.61%,959,96.91%,110000,239,Alakazam,Normal,0,97.92%,86,98.13%,3600,135,Alakazam,Normal,0,
874,Corviknight,,823,♂,1026,121,13,10,14,82.2,15.0,15.0,,,,"2026-07-02 17:48",,,,0,0,0,0,15.38%,3466,92.86%,29400,27,Corviknight,,0,41.56%,2394,95.00%,310400,268,Corviknight,,0,,,,,,,,,
875,Squirtle,,7,♂,375,70,15,13,15,95.6,14.0,14.0,,,,"2026-07-02 17:48",9/2/2025,,,0,0,0,1600,60.44%,1621,93.99%,269600,297,Wartortle,,0,37.88%,2545,94.93%,269600,397,Blastoise,Normal,0,39.29%,2487,91.53%,17400,18,Squirtle,,0,
876,Pidove,,519,♀,443,87,15,13,15,95.6,18.5,18.5,,,,"2026-07-02 17:48",9/3/2025,,,0,0,0,2500,77.73%,913,94.90%,308200,266,Tranquill,,0,37.78%,2549,95.76%,130200,182,Unfezant,,0,22.03%,3194,90.45%,9700,8,Pidove,,0,
877,Pidove,,519,♀,474,87,15,14,10,86.7,20.0,20.0,,,,"2026-07-02 17:47",,,,0,0,0,2500,76.34%,970,94.79%,325000,260,Tranquill,,0,59.90%,1643,96.60%,137000,192,Unfezant,,0,35.78%,2631,91.59%,5000,4,Pidove,,0,
878,Squirtle,,7,♂,402,72,15,15,13,95.6,15.0,15.0,,,,"2026-07-02 17:47",9/4/2025,,,0,0,0,1900,67.25%,1342,94.40%,266400,293,Wartortle,,0,57.97%,1722,95.80%,277400,393,Blastoise,Normal,0,42.08%,2373,91.75%,14200,14,Squirtle,,0,
879,Mr. Mime,Normal,122,♀,934,67,15,14,10,86.7,15.0,15.0,,,,"2026-07-02 17:47",9/5/2025,,,0,0,0,1900,67.03%,1351,95.21%,45400,42,Mr. Mime,Normal,0,97.53%,102,96.96%,496400,268,Mr. Mime,Normal,0,,,,,,,,,
880,Oddish,,43,♀,674,80,15,12,7,75.6,20.0,20.0,,,,"2026-07-02 17:47",,,,0,0,0,2500,49.13%,2084,95.06%,5000,129,Vileplume,,0,89.01%,451,96.90%,460000,373,Bellossom,,0,,,,,,,,,
881,Metagross,Normal,376,,2138,121,15,11,13,86.7,20.0,20.0,,,,"2026-07-02 17:47",9/5/2025,,,0,0,0,2500,,,,,,,,,27.25%,2980,94.80%,17000,16,Metagross,Normal,0,,,,,,,,,
882,Chansey,,113,♀,698,298,14,12,12,84.4,20.0,20.0,,,,"2026-07-02 17:47",9/5/7075,,,0,0,0,2500,97.39%,108,96.14%,475000,248,Chansey,,0,28.96%,2910,94.32%,130000,172,Blissey,,0,,,,,,,,,
883,Decidueye,Normal,724,♂,1481,115,8,9,7,53.3,20.0,20.0,,,,"2026-07-02 17:47",9/5/2025,,,0,0,0,2500,52.97%,1927,95.34%,0,0,Decidueye,Normal,0,59.90%,1643,96.49%,178000,182,Decidueye,Normal,0,,,,,,,,,
884,Charmander,,4,♂,42,21,15,13,11,86.7,2.0,2.0,,,,"2026-07-02 17:47",9/6/2025,,,0,0,0,200,27.57%,2967,93.96%,174600,201,Charmeleon,,0,45.15%,2247,95.70%,135600,259,Charizard,Normal,0,33.26%,2734,91.09%,35200,46,Charmander,,0,
885,Meowth,Normal,52,♂,310,68,14,13,12,86.7,15.0,15.0,,,,"2026-07-02 17:47",9/7/2025,,,0,0,0,1900,48.16%,2124,94.88%,137400,176,Persian,Normal,0,98.68%,55,96.76%,496400,318,Persian,Normal,0,47.18%,2164,91.67%,45400,42,Meowth,Normal,0,
886,Toucannon,,733,♀,980,95,14,15,9,84.4,13.0,13.0,,,,"2026-07-02 17:47",9/7/7075,,,0,1,0,1921,25.05%,3070,93.72%,30364,39,Toucannon,,1,46.62%,2187,96.04%,105600,114,Toucannon,,2,,,,,,,,,
887,Cinderace,,815,♂,1701,122,13,13,15,91.1,20.0,20.0,,,,"2026-07-02 17:47",,,,1,0,0,1250,,,,,,,,,32.01%,2785,95.34%,32500,58,Cinderace,,0,,,,,,,,,
888,Cacnea,,331,♀,264,56,15,6,14,77.8,8.0,8.0,,,,"2026-07-02 17:47",,,,0,1,0,961,28.16%,2943,93.73%,70926,142,Cacturne,,1,90.84%,376,96.58%,375600,258,Cacturne,,2,76.70%,955,94.97%,0,50,Cacturne,,1,
889,Sceptile,Normal,254,♀,1568,111,14,15,15,97.8,20.0,20.0,,,,"2026-07-02 17:47",9/9/2025,,,0,0,0,2500,,,,,,,,,61.25%,1588,96.49%,116000,106,Sceptile,Normal,0,,,,,,,,,
890,Mudkip,,258,♂,585,83,13,15,6,75.6,19.0,19.0,,,,"2026-07-02 17:47",8/19/2025,,,0,0,0,2500,37.61%,2556,94.43%,90000,103,Marshtomp,,0,49.16%,2083,96.08%,85000,199,Swampert,Normal,0,,,,,,,,,
891,Trubbish,,568,♂,552,87,13,15,10,84.4,20.0,20.0,,,,"2026-07-02 17:47",9/10/2025,,,0,0,0,2500,23.13%,3149,93.60%,14000,63,Garbodor,,0,92.82%,295,97.57%,389000,298,Garbodor,,0,,,,,,,,,
892,Hippopotas,,449,♂,300,67,15,13,11,86.7,8.0,8.0,,,,"2026-07-02 17:47",9/10/2025,,,0,0,0,800,97.73%,94,97.97%,498600,290,Hippopotas,,0,28.77%,2918,95.12%,99100,146,Hippowdon,,0,43.44%,2317,91.54%,10800,14,Hippopotas,,0,
893,Pikipek,,731,♂,199,45,15,13,11,86.7,8.0,8.0,,,,"2026-07-02 17:47",9/10/2025,,,0,0,0,800,63.47%,1497,93.96%,316600,315,Trumbeak,,0,50.43%,2031,96.20%,191600,317,Toucannon,,0,61.66%,1571,92.82%,8200,35,Trumbeak,,0,
894,Arcanine,Normal,59,♂,2529,160,15,8,12,77.8,30.0,30.0,,,,"2026-07-02 17:47",9/11/2025,,,0,0,0,5000,,,,,,,,,,,,,,,,,,,,,,,,,
895,Mawile,Normal,303,♀,921,88,15,15,11,91.1,20.0,20.0,,,,"2026-07-02 17:47",9/11/2025,,,0,0,0,2500,42.10%,2372,94.45%,137000,130,Mawile,Normal,0,99.37%,27,97.64%,475000,248,Mawile,Normal,0,,,,,,,,,
896,Shinx,,403,♂,474,82,15,15,14,97.8,19.0,19.0,,,,"2026-07-02 17:47",9/11/2025,,,0,0,0,2500,79.05%,859,95.42%,250000,277,Luxio,,0,52.16%,1960,96.00%,85000,199,Luxray,,0,68.38%,1296,93.60%,5000,4,Shinx,,0,
897,Rockruff,,744,♂,398,72,15,12,13,88.9,15.0,15.0,,,,"2026-07-02 17:47",9/11/2025,,,0,0,0,1900,49.79%,2057,95.07%,18900,68,Lycanroc,Dusk,0,53.36%,1911,96.10%,151400,192,Lycanroc,Midnight,0,32.38%,2770,91.52%,14200,14,Rockruff,,0,
898,Psyduck,,54,♀,472,78,15,15,14,97.8,15.0,15.0,,,,"2026-07-02 17:47",9/11/2025,,,0,0,0,1900,12.63%,3579,93.17%,26400,74,Golduck,,0,53.11%,1921,95.96%,277400,318,Golduck,,0,28.89%,2913,91.32%,1900,2,Psyduck,,0,
899,Lopunny,Normal,428,♀,301,54,2,7,7,35.6,6.0,6.0,,,,"2026-07-02 17:47",9/12/2025,,,0,0,0,600,78.85%,867,95.97%,101900,100,Lopunny,Normal,0,19.44%,3300,84.69%,516400,294,Lopunny,Normal,0,83.08%,694,95.12%,5400,7,Lopunny,Normal,0,
900,Slowbro,Normal,80,♂,1075,117,15,12,12,86.7,15.0,15.0,,,,"2026-07-02 17:47",9/14/2025,,,0,0,0,1900,7.72%,3780,92.26%,23900,22,Slowbro,Normal,0,26.50%,3011,94.78%,236400,253,Slowbro,Normal,0,,,,,,,,,
901,Ditto,,132,,351,75,15,15,11,91.1,15.0,15.0,,,,"2026-07-02 17:47",9/14/2025,,,0,0,0,1900,99.51%,21,96.80%,496400,268,Ditto,,0,99.51%,21,96.80%,496400,268,Ditto,,0,22.44%,3177,89.65%,26400,24,Ditto,,0,
902,Meltan,,808,,454,75,14,15,15,97.8,15.0,15.0,,,,"2026-07-02 17:47",9/14/7079,,,0,0,0,1900,99.95%,3,99.25%,496400,268,Meltan,,0,27.23%,2981,94.82%,45400,442,Melmetal,,0,75.46%,1006,93.76%,5700,6,Meltan,,0,
903,Golett,,622,,431,78,14,14,11,86.7,13.0,13.0,,,,"2026-07-02 17:47",9/14/2025,,,0,1,0,1921,60.61%,1614,95.51%,24724,83,Golurk,,1,62.32%,1544,96.48%,59000,102,Golurk,,2,59.00%,1680,93.17%,7684,12,Golett,,1,
904,Florges,,671,,1340,101,11,12,11,75.6,15.0,15.0,,,,"2026-07-02 17:47",9/14/2025,,,0,0,0,0,35.34%,2649,93.98%,5700,6,Florges,,0,29.50%,2888,94.85%,72900,66,Florges,,0,,,,,,,,,
905,Florges,,671,♀,2250,132,15,13,14,93.3,24.5,24.5,,,,"2026-07-02 17:47",9/14/2025,,,0,0,0,3500,,,,,,,,,36.41%,2605,95.17%,19500,17,Florges,,0,,,,,,,,,
906,Inkay,,686,,202,57,15,12,10,82.2,8.0,8.0,,,,"2026-07-02 17:47",9/14/2025,,,0,1,0,961,37.00%,2581,94.41%,63126,134,Malamar,Normal,1,67.81%,1319,95.51%,481926,434,Malamar,Normal,1,8.77%,3737,88.59%,40326,60,Inkay,,1,
907,Toedscool,,948,♀,762,90,15,13,13,91.1,26.0,26.0,,,,"2026-07-02 17:47",,,,0,0,0,0,99.41%,25,97.03%,436000,214,Toedscool,,0,49.67%,2062,94.90%,250000,264,Toedscruel,,0,,,,,,,,,
908,Ampharos,Normal,181,♀,636,82,15,13,13,91.1,8.0,8.0,,,,"2026-07-02 17:47",9/15/2025,,,0,0,0,800,68.06%,1309,96.03%,31400,36,Ampharos,Normal,0,21.81%,3203,95.11%,129600,122,Ampharos,Normal,0,,,,,,,,,
909,Toedscool,,948,,769,90,10,13,8,68.9,28.0,28.0,,,,"2026-07-02 17:47",,,,0,0,0,4500,82.88%,702,89.36%,419000,198,Toedscool,,0,68.42%,1294,95.74%,320000,248,Toedscruel,,0,,,,,,,,,
910,Nidoking,,34,♂,322,57,10,5,8,51.1,5.0,5.0,,,,"2026-07-02 17:46",9/15/2025,,,0,0,0,600,11.77%,3614,92.57%,50600,55,Nidoking,,0,33.48%,2725,95.17%,343600,296,Nidoking,,0,5.27%,3880,85.99%,2400,4,Nidoking,,0,
911,Makuhita,,296,♂,175,68,12,15,7,75.6,8.0,8.0,,,,"2026-07-02 17:46",9/16/7075,,,0,1,0,961,79.71%,832,96.39%,40326,110,Hariyama,,1,71.09%,1185,96.67%,185526,254,Hariyama,,1,71.01%,1188,93.45%,63126,84,Makuhita,,1,
912,Eevee,,133,♂,749,107,13,14,15,93.3,25.0,25.0,,,,"2026-07-02 17:46",9/16/2025,,,0,0,0,4000,99.56%,19,97.56%,444000,220,Eevee,,0,77.90%,906,97.15%,44000,63,Leafeon,,0,,,,,,,,,
913,Indeedee,Female,876,♀,1359,111,15,13,14,93.3,20.0,20.0,,,,"2026-07-02 17:46",9/16/2025,,,0,0,0,2500,63.64%,1490,95.53%,11000,10,Indeedee,Female,0,61.07%,1595,95.01%,301000,248,Indeedee,Female,0,,,,,,,,,
914,Smoochum,,238,♀,724,85,12,15,15,93.3,20.0,20.0,,,,"2026-07-02 17:46",9/16/2025,,,0,0,0,2500,60.44%,1621,95.23%,2500,27,Jynx,,0,69.69%,1242,96.81%,205000,243,Jynx,,0,,,,,,,,,
915,Golett,,622,,425,80,11,13,15,86.7,13.0,13.0,,,,"2026-07-02 17:46",9/17/2025,,,0,1,0,1921,54.95%,1846,95.25%,24724,83,Golurk,,1,75.68%,997,97.03%,156964,212,Golurk,,1,48.06%,2128,92.48%,7684,12,Golett,,1,
916,Emboar,,500,♂,665,96,15,12,15,93.3,8.0,8.0,,,,"2026-07-02 17:46",9/17/2025,,,0,1,0,961,37.56%,2558,94.61%,32406,51,Emboar,,1,47.52%,2150,95.73%,130326,147,Emboar,,1,,,,,,,,,
917,Latias,Normal,380,♀,1973,119,15,13,10,84.4,20.0,20.0,,,,"2026-07-02 17:46",9/17/2025,,,0,0,0,2500,,,,,,,,,19.24%,3308,94.37%,31000,28,Latias,Normal,0,,,,,,,,,
918,Larvitar,,246,♀,221,52,13,14,4,68.9,8.0,8.0,,,,"2026-07-02 17:46",9/18/2025,,,0,1,0,961,55.04%,1842,94.47%,16804,155,Tyranitar,Normal,1,59.41%,1663,96.15%,70926,217,Tyranitar,Normal,1,16.87%,3405,90.03%,32406,51,Larvitar,,1,
919,Hatenna,,856,♀,470,81,12,12,14,84.4,20.0,20.0,,,,"2026-07-02 17:46",9/18/2025,,,0,0,0,2500,60.85%,1604,95.19%,153000,175,Hattrem,,0,70.70%,1201,96.72%,109000,223,Hatterene,,0,42.95%,2337,91.79%,5000,4,Hatenna,,0,
920,Quaquaval,,914,,1770,127,13,14,10,82.2,21.0,21.0,,,,"2026-07-02 17:46",9/18/2025,,,0,0,0,3000,,,,,,,,,42.00%,2376,95.75%,65000,58,Quaquaval,,0,,,,,,,,,
921,Gurdurr,,533,♂,458,79,8,8,13,64.4,8.0,8.0,,,,"2026-07-02 17:46",9/19/2025,,,0,1,0,961,86.28%,563,97.17%,27486,245,Conkeldurr,,1,81.95%,740,96.93%,17400,197,Conkeldurr,,2,62.03%,1556,93.28%,961,2,Gurdurr,,1,
922,Chansey,,113,♀,706,299,14,15,14,95.6,20.0,20.0,,,,"2026-07-02 17:46",,,,0,0,0,2500,99.61%,17,98.43%,475000,248,Chansey,,0,21.51%,3215,93.91%,116000,156,Blissey,,0,,,,,,,,,
923,Qwilfish,Normal,211,♂,718,82,8,14,8,66.7,13.0,13.0,,,,"2026-07-02 17:46",,,,0,1,0,1921,75.14%,1019,96.25%,89764,98,Qwilfish,Normal,1,95.12%,201,94.87%,402600,213,Qwilfish,Normal,2,,,,,,,,,
924,Solrock,,338,,994,118,5,11,14,66.7,16.0,16.0,,,,"2026-07-02 17:46",,,,0,0,0,1900,91.60%,345,96.97%,41600,38,Solrock,,0,89.26%,441,97.09%,492600,264,Solrock,,0,,,,,,,,,
925,Abra,,63,♂,743,64,13,11,15,86.7,20.0,20.0,,,,"2026-07-02 17:46",9/20/2025,,,0,0,0,2500,97.53%,102,96.10%,475000,248,Abra,,0,61.44%,1580,96.29%,65000,183,Alakazam,Normal,0,,,,,,,,,
926,Nidorina,,30,♀,244,66,0,4,5,20.0,8.0,8.0,,,,"2026-07-02 17:46",9/22/2025,,,0,1,0,961,85.74%,585,96.84%,75126,196,Nidoqueen,,1,87.23%,524,97.56%,389100,303,Nidoqueen,,2,82.42%,721,95.12%,25206,42,Nidorina,,1,
927,Venusaur,Normal,3,♀,588,73,13,12,5,66.7,8.0,8.0,,,,"2026-07-02 17:46",9/22/2025,,,0,1,0,0,44.98%,2254,94.77%,46326,66,Venusaur,Normal,1,28.33%,2936,95.10%,249126,286,Venusaur,Normal,1,,,,,,,,,
928,Skwovet,,819,♂,518,110,13,12,13,84.4,20.0,20.0,,,,"2026-07-02 17:46",9/23/2025,,,0,0,0,2500,40.51%,2437,94.36%,14000,63,Greedent,,0,74.70%,1037,95.93%,363000,298,Greedent,,0,,,,,,,,,
929,Lopunny,Normal,428,,1583,117,15,13,3,68.9,28.0,28.0,,,,"2026-07-02 17:46",,,,0,0,0,4500,,,,,,,,,83.59%,673,92.40%,419000,198,Lopunny,Normal,0,,,,,,,,,
930,Varoom,,965,♂,637,85,15,10,15,88.9,20.0,20.0,,,,"2026-07-02 17:46",9/23/2025,,,0,0,0,2500,98.73%,53,95.90%,475000,248,Varoom,,0,41.03%,2416,95.80%,75000,116,Revavroom,,0,,,,,,,,,
931,Dudunsparce,,982,♂,2164,195,15,15,8,84.4,28.0,28.0,,,,"2026-07-02 17:46",9/23/2025,,,0,0,0,4500,,,,,,,,,37.14%,2575,95.46%,74000,72,Dudunsparce,,0,,,,,,,,,
932,Grubbin,,736,♂,189,52,0,14,7,46.7,8.0,8.0,,,,"2026-07-02 17:46",9/24/2025,,,0,0,0,800,98.10%,79,98.76%,263600,315,Charjabug,,0,95.95%,167,98.34%,118600,237,Vikavolt,,0,96.87%,129,97.13%,41100,44,Grubbin,,0,
933,Cobalion,,638,,1691,133,12,13,14,86.7,20.0,20.0,,,,"2026-07-02 17:46",9/24/2025,,,0,0,0,2500,,,,,,,,,57.19%,1754,96.30%,70000,62,Cobalion,,0,,,,,,,,,
934,Torchic,,255,♂,178,45,14,15,13,93.3,6.0,6.0,,,,"2026-07-02 17:46",9/24/2025,,,0,0,0,600,80.20%,812,96.66%,34200,165,Blaziken,Normal,0,71.77%,1157,96.67%,138400,257,Blaziken,Normal,0,57.41%,1745,93.00%,23800,30,Torchic,,0,
935,Shuckle,,213,♂,225,56,15,13,10,84.4,20.0,20.0,,,,"2026-07-02 17:46",9/25/2025,,,0,0,0,2500,97.53%,102,93.59%,475000,248,Shuckle,,0,97.53%,102,93.59%,475000,248,Shuckle,,0,97.53%,102,93.59%,475000,248,Shuckle,,0,
936,Wobbuffet,,202,♂,200,147,6,12,12,66.7,8.0,8.0,,,,"2026-07-02 17:46",,,,0,1,0,961,82.66%,711,89.65%,402600,213,Wobbuffet,,2,82.66%,711,89.65%,402600,213,Wobbuffet,,2,70.45%,1211,93.27%,43326,63,Wobbuffet,,1,
937,Dunsparce,,206,♂,707,123,12,15,14,91.1,15.0,15.0,,,,"2026-07-02 17:46",9/26/2025,,,0,0,0,1900,57.17%,1755,95.46%,137400,126,Dunsparce,,0,46.52%,2191,95.85%,151400,192,Dudunsparce,,0,,,,,,,,,
938,Dunsparce,,206,,844,136,13,11,15,86.7,18.0,18.0,,,,"2026-07-02 17:46",9/26/2025,,,0,0,0,2200,61.93%,1560,95.72%,6900,56,Dudunsparce,,0,40.81%,2425,95.61%,146400,188,Dudunsparce,,0,,,,,,,,,
939,Smeargle,,235,♂,129,69,13,15,11,86.7,11.0,11.0,,,,"2026-07-02 17:46",9/27/2025,,,0,0,0,1300,98.17%,76,93.51%,508000,284,Smeargle,,0,98.17%,76,93.51%,508000,284,Smeargle,,0,98.17%,76,93.51%,508000,284,Smeargle,,0,
940,Tympole,,535,♂,440,84,15,13,8,80.0,19.0,19.0,,,,"2026-07-02 17:46",9/28/2025,,,0,0,0,2500,87.96%,494,95.94%,422000,277,Palpitoad,,0,26.45%,3013,95.09%,220000,362,Seismitoad,,0,32.31%,2773,90.84%,13000,11,Tympole,,0,
941,Gyarados,Normal,130,♂,2223,147,15,15,14,97.8,23.0,23.0,,,,"2026-07-02 17:46",9/28/2025,,,0,0,0,3500,,,,,,,,,39.85%,2464,94.92%,18000,15,Gyarados,Normal,0,,,,,,,,,
942,Applin,,840,♂,448,87,8,15,14,82.2,24.0,24.0,,,,"2026-07-02 17:46",9/28/2025,,,0,0,0,3500,93.04%,286,91.05%,451000,226,Applin,,0,97.05%,122,98.04%,379000,426,Dipplin,,0,69.57%,1247,93.70%,19000,16,Applin,,0,
943,Nidorino,,33,♂,288,61,7,13,7,60.0,8.0,8.0,,,,"2026-07-02 17:46",9/28/2025,,,0,1,0,961,96.14%,159,97.75%,402600,213,Nidorino,,2,76.48%,964,96.91%,195600,303,Nidoking,,2,81.17%,772,94.63%,14883,27,Nidorino,,1,
944,Kirlia,,281,♂,210,48,12,14,13,86.7,8.0,8.0,,,,"2026-07-02 17:46",9/28/2025,,,0,1,0,961,53.41%,1909,94.96%,29766,148,Gardevoir,Normal,1,42.56%,2353,95.77%,27500,117,Gardevoir,Normal,2,63.08%,1513,93.20%,37686,57,Kirlia,,1,
945,Camerupt,Normal,323,♀,1555,124,14,15,14,95.6,25.0,25.0,,,,"2026-07-02 17:45",,,,0,0,0,4000,,,,,,,,,99.88%,6,98.89%,444000,220,Camerupt,Normal,0,,,,,,,,,
946,Larvitar,,246,♂,374,72,12,14,14,88.9,13.0,13.0,,,,"2026-07-02 17:45",9/28/2025,,,0,1,0,1921,52.09%,1963,95.32%,129364,158,Pupitar,,1,77.14%,937,96.91%,53764,189,Tyranitar,Normal,1,47.50%,2151,92.34%,16804,24,Larvitar,,1,
947,Ferroseed,,597,,238,55,15,15,12,93.3,9.0,9.0,,,,"2026-07-02 17:45",,,,0,0,0,1000,32.38%,2770,93.94%,51000,103,Ferrothorn,,0,91.65%,343,97.24%,413000,338,Ferrothorn,,0,14.75%,3492,89.24%,29800,34,Ferroseed,,0,
948,Nidoking,,34,♂,1692,131,11,12,10,73.3,24.0,24.0,,,,"2026-07-02 17:45",,,,0,0,0,3500,,,,,,,,,57.14%,1756,96.10%,221000,226,Nidoking,,0,,,,,,,,,
949,Riolu,,447,♂,558,78,15,14,12,91.1,20.0,20.0,,,,"2026-07-02 17:45",9/30/2025,,,0,0,0,2500,99.17%,35,96.30%,475000,248,Riolu,,0,45.13%,2248,95.76%,137000,180,Lucario,Normal,0,,,,,,,,,
950,Meowth,Galar,52,♂,441,78,15,14,15,97.8,15.0,15.0,,,,"2026-07-02 17:45",9/30/2025,,,0,0,0,1900,78.73%,872,96.44%,32400,80,Perrserker,,0,74.46%,1047,95.72%,322400,318,Perrserker,,0,69.62%,1245,94.23%,7600,8,Meowth,Galar,0,
951,Duraludon,,884,♂,1297,96,13,14,14,91.1,15.0,15.0,,,,"2026-07-02 17:45",9/30/2025,,,0,0,0,1900,43.93%,2297,95.06%,7600,8,Duraludon,,0,30.55%,2845,95.23%,81900,74,Duraludon,,0,,,,,,,,,
952,Rookidee,,821,♂,372,77,14,14,13,91.1,20.0,20.0,,,,"2026-07-02 17:45",,,,0,0,0,2500,99.56%,19,98.71%,445000,273,Corvisquire,,0,46.35%,2198,95.21%,267000,373,Corviknight,,0,30.01%,2867,89.51%,43000,38,Rookidee,,0,
953,Klink,,599,,375,67,15,10,15,88.9,14.0,14.0,,,,"2026-07-02 17:45",10/2/2025,,,0,0,0,1600,55.41%,1827,94.95%,24600,149,Klinklang,,0,46.96%,2173,95.83%,193600,319,Klinklang,,0,34.29%,2692,90.95%,17400,18,Klink,,0,
954,Trubbish,,568,♀,567,89,15,15,13,95.6,20.0,20.0,,,,"2026-07-02 17:45",10/2/2025,,,0,0,0,2500,73.89%,1070,96.07%,14000,63,Garbodor,,0,91.18%,362,97.37%,350000,298,Garbodor,,0,,,,,,,,,
955,Duraludon,,884,,1729,108,15,15,10,88.9,20.0,20.0,,,,"2026-07-02 17:45",,,,0,0,0,0,,,,,,,,,11.89%,3609,94.28%,60500,54,Duraludon,,0,,,,,,,,,
956,Duraludon,,884,♀,1696,109,12,11,11,75.6,20.0,20.0,,,,"2026-07-02 17:45",10/2/2025,,,0,0,0,2500,,,,,,,,,12.72%,3575,94.35%,65000,58,Duraludon,,0,,,,,,,,,
957,Trubbish,,568,,427,78,15,14,15,97.8,15.0,15.0,,,,"2026-07-02 17:45",,,,0,0,0,1900,19.88%,3282,93.41%,32400,80,Garbodor,,0,85.25%,605,96.82%,358400,318,Garbodor,,0,44.84%,2260,92.13%,9800,10,Trubbish,,0,
958,Donphan,,232,♂,653,83,12,5,15,71.1,8.0,8.0,,,,"2026-07-02 17:45",10/4/2025,,,0,1,0,961,56.19%,1795,95.53%,35046,54,Donphan,,1,32.50%,2765,95.33%,136326,152,Donphan,,1,,,,,,,,,
959,Metagross,Normal,376,,2658,136,10,15,15,88.9,25.0,25.0,,,,"2026-07-02 17:45",10/4/2025,,,0,0,0,4000,,,,,,,,,,,,,,,,,,,,,,,,,
960,Metagross,Normal,376,,2658,133,15,12,10,82.2,25.0,25.0,,,,"2026-07-02 17:45",10/4/2025,,,0,0,0,4000,,,,,,,,,,,,,,,,,,,,,,,,,
961,Absol,Normal,359,♂,1431,104,15,15,12,93.3,20.0,20.0,,,,"2026-07-02 17:45",10/6/2025,,,0,0,0,2500,21.95%,3197,93.52%,2500,2,Absol,Normal,0,52.19%,1959,96.00%,215000,233,Absol,Normal,0,,,,,,,,,
962,Aron,,304,♂,955,102,14,13,14,91.1,26.0,26.0,,,,"2026-07-02 17:45",10/6/2025,,,0,0,0,4000,99.24%,32,97.22%,436000,214,Aron,,0,6.45%,3832,93.65%,26000,149,Aggron,Normal,0,,,,,,,,,
963,Cherubi,,420,♀,209,53,14,12,15,91.1,8.0,8.0,,,,"2026-07-02 17:45",10/8/2025,,,0,0,0,800,73.75%,1076,96.11%,77600,126,Cherrim,,0,99.39%,26,97.68%,513600,340,Cherrim,,0,45.10%,2249,91.66%,800,51,Cherrim,,0,
964,Charmander,,4,♂,834,97,14,15,15,97.8,30.0,30.0,,,,"2026-07-02 17:45",10/9/7075,,,0,0,0,5000,44.62%,2269,94.82%,41000,65,Charmeleon,,0,55.29%,1832,96.07%,5000,129,Charizard,Normal,0,,,,,,,,,
965,Alakazam,Normal,65,,1289,82,12,14,14,88.9,15.0,15.0,,,,"2026-07-02 17:45",10/12/2025,,,0,0,0,1900,41.27%,2406,94.50%,7600,8,Alakazam,Normal,0,88.35%,478,97.57%,86400,78,Alakazam,Normal,0,,,,,,,,,
966,Solosis,,577,♂,579,73,13,15,15,95.6,15.0,15.0,,,,"2026-07-02 17:45",10/12/2025,,,0,0,0,1900,98.88%,47,98.15%,438400,268,Solosis,,0,68.25%,1301,96.81%,96400,211,Reuniclus,,0,,,,,,,,,
967,Reuniclus,,579,♂,1222,132,12,11,15,84.4,15.0,15.0,,,,"2026-07-02 17:45",10/12/2025,,,0,0,0,1900,25.59%,3048,94.10%,12000,12,Reuniclus,,0,49.33%,2076,96.10%,106400,94,Reuniclus,,0,,,,,,,,,
968,Hoppip,,187,,316,71,14,14,12,88.9,19.0,19.0,,,,"2026-07-02 17:45",10/13/2025,,,0,0,0,2500,22.64%,3169,93.03%,142000,259,Jumpluff,,0,99.15%,36,97.54%,480000,377,Jumpluff,,0,31.04%,2825,89.12%,80000,70,Hoppip,,0,
969,Exeggcute,,102,,190,54,13,15,15,95.6,6.0,6.0,,,,"2026-07-02 17:45",10/13/2025,,,0,0,0,600,92.80%,296,97.19%,29800,86,Exeggutor,Normal,0,58.97%,1681,96.25%,106400,154,Exeggutor,Normal,0,89.74%,421,96.03%,0,50,Exeggutor,Normal,0,
970,Bulbasaur,,1,♀,616,82,13,15,10,84.4,20.0,20.0,,,,"2026-07-02 17:45",10/14/2025,,,0,0,0,2500,61.37%,1583,95.80%,116000,131,Ivysaur,,0,40.22%,2449,95.62%,145000,265,Venusaur,Normal,0,,,,,,,,,
971,Sentret,,161,♀,397,78,15,14,11,88.9,23.0,23.0,,,,"2026-07-02 17:45",10/15/2025,,,0,0,0,3500,44.08%,2291,94.75%,63000,79,Furret,,0,99.19%,34,97.61%,458000,257,Furret,,0,21.25%,3226,89.10%,43500,38,Sentret,,0,
972,Bounsweet,,761,,261,80,15,12,12,86.7,20.0,20.0,,,,"2026-07-02 17:45",10/16/2025,,,0,0,0,2500,98.53%,61,95.02%,475000,273,Steenee,,0,5.81%,3858,93.73%,70000,187,Tsareena,,0,94.85%,212,95.22%,389000,248,Bounsweet,,0,
973,Emboar,,500,♂,1747,159,9,4,12,55.6,22.0,22.0,,,,"2026-07-02 17:45",10/17/2025,,,0,0,0,3000,,,,,,,,,23.59%,3130,94.78%,92000,82,Emboar,,0,,,,,,,,,
974,Gallade,Normal,475,♂,1146,88,15,14,15,97.8,13.0,13.0,,,,"2026-07-02 17:45",10/18/2025,,,0,1,0,1921,90.01%,410,97.06%,16804,24,Gallade,Normal,1,52.28%,1955,96.15%,27500,27,Gallade,Normal,2,,,,,,,,,
975,Glameow,,431,♂,39,24,14,8,15,82.2,2.0,2.0,,,,"2026-07-02 17:45",10/18/2025,,,0,0,0,200,39.07%,2496,94.45%,96100,150,Purugly,,0,94.65%,220,94.76%,519600,352,Purugly,,0,41.93%,2379,91.78%,42100,52,Glameow,,0,
976,Yanma,,193,♀,106,37,13,15,9,82.2,3.0,3.0,,,,"2026-07-02 17:45",10/18/2025,,,0,0,0,400,65.37%,1419,94.24%,345200,300,Yanma,,0,51.70%,1979,95.98%,124200,222,Yanmega,,0,46.76%,2181,92.44%,13800,20,Yanma,,0,
977,Rayquaza,Normal,384,,2157,135,15,10,14,86.7,20.0,20.0,,,,"2026-07-02 17:45",10/18/2025,,,0,0,0,2500,,,,,,,,,54.68%,1857,95.53%,17000,16,Rayquaza,Normal,0,,,,,,,,,
978,Rayquaza,Normal,384,,2671,149,11,14,11,80.0,25.0,25.0,,,,"2026-07-02 17:45",10/18/2025,,,0,0,0,4000,,,,,,,,,,,,,,,,,,,,,,,,,
979,Decidueye,Normal,724,♂,1399,111,14,13,11,84.4,18.0,18.0,,,,"2026-07-02 17:45",,,,0,0,0,2200,28.77%,2918,94.22%,4400,4,Decidueye,Normal,0,30.33%,2854,95.36%,132400,122,Decidueye,Normal,0,,,,,,,,,
980,Sobble,,816,♂,499,81,15,14,15,97.8,16.0,16.0,,,,"2026-07-02 17:44",10/18/2025,,,0,0,0,1900,57.78%,1730,95.26%,6000,131,Inteleon,,0,65.71%,1405,96.65%,87600,203,Inteleon,,0,80.71%,791,94.34%,0,0,Sobble,,0,
981,Oinkologne,Male,916,♂,1841,169,15,13,12,88.9,25.0,25.0,,,,"2026-07-02 17:44",10/18/2025,,,0,0,0,4000,,,,,,,,,30.04%,2866,95.27%,147000,154,Oinkologne,Male,0,,,,,,,,,
982,Bounsweet,,761,♀,251,81,12,12,14,84.4,20.0,20.0,,,,"2026-07-02 17:44",10/18/2025,,,0,0,0,2500,97.00%,124,93.39%,475000,273,Steenee,,0,60.61%,1614,96.19%,75000,191,Tsareena,,0,99.37%,27,97.89%,475000,248,Bounsweet,,0,
983,Fletchling,,661,♀,276,66,11,11,11,73.3,13.0,13.0,,,,"2026-07-02 17:44",10/19/2025,,,0,1,0,1921,77.70%,914,95.07%,246000,235,Fletchinder,,2,98.56%,60,97.21%,402600,325,Talonflame,,2,68.91%,1274,93.31%,57964,68,Fletchling,,1,
984,Snubbull,,209,♀,269,63,14,10,14,84.4,8.0,8.0,,,,"2026-07-02 17:44",10/19/7075,,,0,1,0,961,70.55%,1207,95.44%,52326,122,Granbull,,1,49.30%,2077,95.59%,159600,230,Granbull,,2,43.83%,2301,92.40%,18725,33,Snubbull,,1,
985,Panpour,,515,♂,13,14,15,12,15,93.3,1.0,1.0,,,,"2026-07-02 17:44",10/21/2025,,,0,0,0,200,77.24%,933,96.11%,59000,119,Simipour,,0,82.69%,710,96.30%,395000,354,Simipour,,0,71.53%,1167,94.01%,5600,63,Simipour,,0,
986,Nidoking,,34,♂,1379,115,12,9,3,53.3,20.0,20.0,,,,"2026-07-02 17:44",,,,0,0,0,2500,24.71%,3084,93.42%,8000,7,Nidoking,,0,12.80%,3572,94.19%,278000,248,Nidoking,,0,,,,,,,,,
987,Zorua,Hisui,570,♂,303,49,15,13,14,93.3,9.0,9.0,,,,"2026-07-02 17:44",10/21/2025,,,0,0,0,1000,53.89%,1889,94.99%,37000,90,Zoroark,Hisui,0,77.19%,935,96.86%,215000,272,Zoroark,Hisui,0,48.35%,2116,92.11%,14000,18,Zorua,Hisui,0,
988,Sandshrew,Alola,27,♂,736,90,15,15,14,97.8,20.0,20.0,,,,"2026-07-02 17:44",,,,0,0,0,2500,99.93%,4,99.21%,475000,248,Sandshrew,Alola,0,58.95%,1682,95.75%,267000,298,Sandslash,Alola,0,,,,,,,,,
989,Gastly,,92,,695,69,13,15,15,95.6,20.0,20.0,,,,"2026-07-02 17:44",10/25/2025,,,0,0,0,2500,57.97%,1722,95.05%,43000,63,Haunter,,0,81.86%,744,96.96%,85000,199,Gengar,Normal,0,,,,,,,,,
990,Scrafty,,560,♂,962,91,13,15,13,91.1,15.0,15.0,,,,"2026-07-02 17:44",10/25/2025,,,0,0,0,1900,25.91%,3035,93.66%,38400,36,Scrafty,,0,97.80%,91,98.48%,452400,268,Scrafty,,0,,,,,,,,,
991,Turtwig,,387,♂,664,93,15,13,11,86.7,20.0,20.0,,,,"2026-07-02 17:44",10/25/2025,,,0,0,0,2500,23.54%,3132,93.64%,56000,75,Grotle,,0,25.49%,3052,95.14%,75000,191,Torterra,,0,,,,,,,,,
992,Meowth,Alola,52,,83,34,15,15,15,100.0,4.0,4.0,,,,"2026-07-02 17:44",10/26/2025,,,0,0,0,400,54.26%,1874,95.11%,113400,162,Persian,Alola,0,100.00%,1,100%,518400,348,Persian,Alola,0,27.72%,2961,90.41%,51400,57,Meowth,Alola,0,
993,Totodile,,158,♂,632,89,15,12,12,86.7,20.0,20.0,,,,"2026-07-02 17:44",10/29/2025,,,0,0,0,2500,43.66%,2308,94.57%,97000,111,Croconaw,,0,43.74%,2305,95.91%,97000,211,Feraligatr,,0,,,,,,,,,
994,Giratina,Altered,487,,1910,178,15,10,15,88.9,20.0,20.0,,,,"2026-07-02 17:44",10/30/2025,,,0,0,0,2500,,,,,,,,,34.31%,2691,94.89%,39000,34,Giratina,Altered,0,,,,,,,,,
995,Oddish,,43,,1069,105,14,10,13,82.2,33.0,33.0,,,,"2026-07-02 17:44",10/20/7075,,,0,0,0,7000,25.91%,3035,93.94%,14000,41,Gloom,,0,94.68%,219,97.85%,336000,275,Bellossom,,0,,,,,,,,,
996,Terrakion,,639,,2056,132,12,11,12,77.8,20.0,20.0,,,,"2026-07-02 17:44",11/1/2025,,,0,0,0,2500,,,,,,,,,37.19%,2573,95.18%,24000,22,Terrakion,,0,,,,,,,,,
997,Baltoy,,343,,174,50,15,11,14,88.9,8.0,8.0,,,,"2026-07-02 17:44",11/2/2025,,,0,1,0,961,27.96%,2951,93.41%,13800,58,Claydol,,2,99.83%,8,99.18%,402600,258,Claydol,,2,74.16%,1059,93.99%,1922,54,Claydol,,1,
998,Woobat,,527,♀,564,105,15,10,14,86.7,20.0,20.0,,,,"2026-07-02 17:44",11/2/2025,,,0,0,0,2500,48.42%,2113,95.32%,103000,142,Swoobat,,0,97.92%,86,96.27%,475000,298,Swoobat,,0,,,,,,,,,
999,Abra,,63,♀,561,55,12,14,14,88.9,15.0,15.0,,,,"2026-07-02 17:44",11/3/2025,,,0,0,0,1900,98.93%,45,97.63%,496400,268,Abra,,0,88.35%,478,97.57%,86400,203,Alakazam,Normal,0,,,,,,,,,
1000,Wyrdeer,,899,♂,1130,125,10,13,12,77.8,15.0,15.0,,,,"2026-07-02 17:44",11/3/2025,,,0,0,0,0,35.07%,2660,94.04%,18900,18,Wyrdeer,,0,59.10%,1676,96.44%,174400,170,Wyrdeer,,0,,,,,,,,,
1001,Drampa,,780,,1219,102,11,14,13,84.4,15.0,15.0,,,,"2026-07-02 17:44",11/5/2025,,,0,0,0,1900,24.93%,3075,93.67%,12000,12,Drampa,,0,84.27%,645,97.46%,112400,100,Drampa,,0,,,,,,,,,
1002,Tarountula,,917,,236,65,12,15,15,93.3,15.0,15.0,,,,"2026-07-02 17:44",,,,0,0,0,1900,64.47%,1456,95.84%,137400,151,Spidops,,0,99.41%,25,98.05%,496400,293,Spidops,,0,62.93%,1519,92.02%,137400,126,Tarountula,,0,
1003,Pidgey,,16,♂,224,61,14,12,12,84.4,12.0,12.0,,,,"2026-07-02 17:44",11/8/2025,,,0,0,0,1300,44.79%,2262,94.42%,61400,122,Pidgeot,Normal,0,97.07%,121,96.02%,505400,342,Pidgeot,Normal,0,47.30%,2159,92.90%,9000,24,Pidgeotto,,0,
1004,Feebas,,349,,56,34,13,15,6,75.6,8.0,8.0,,,,"2026-07-02 17:44",11/10/2025,,,0,1,0,961,69.99%,1230,95.79%,35046,154,Milotic,,1,33.89%,2708,95.36%,38100,127,Milotic,,2,98.75%,52,92.86%,402600,213,Feebas,,2,
1005,Dreepy,,885,,323,56,15,15,11,91.1,15.0,15.0,,,,"2026-07-02 17:44",11/10/2025,,,0,0,0,1900,91.53%,348,97.58%,0,125,Dragapult,,0,81.83%,745,97.12%,52400,173,Dragapult,,0,53.48%,1906,91.92%,38400,36,Dreepy,,0,
1006,Marill,,183,♂,193,96,14,15,14,95.6,15.0,15.0,,,,"2026-07-02 17:44",11/11/2025,,,0,0,0,1900,37.22%,2572,93.70%,182400,205,Azumarill,,0,99.80%,9,98.72%,496400,293,Azumarill,,0,99.63%,16,98.31%,438400,268,Marill,,0,
1007,Shroodle,,944,♀,527,79,15,15,13,95.6,20.0,20.0,,,,"2026-07-02 17:44",11/13/2025,,,0,0,0,2500,34.31%,2691,93.82%,17000,66,Grafaiai,,0,99.39%,26,98.52%,431000,298,Grafaiai,,0,,,,,,,,,
1008,Grimmsnarl,,861,♂,1583,135,14,11,10,77.8,20.0,20.0,,,,"2026-07-02 17:44",11/15/2025,,,0,0,0,2500,,,,,,,,,42.15%,2370,95.87%,109000,98,Grimmsnarl,,0,,,,,,,,,
1009,Hatterene,,858,,2900,130,14,14,13,91.1,43.0,43.0,,,,"2026-07-02 17:44",11/15/2025,,,0,0,0,12000,,,,,,,,,,,,,,,,,,,,,,,,,
1010,Oshawott,,501,♂,594,94,15,15,13,95.6,20.0,20.0,,,,"2026-07-02 17:44",11/15/7079,,,0,0,0,2500,53.19%,1918,94.97%,80000,95,Dewott,,0,54.80%,1852,96.16%,97000,211,Samurott,Normal,0,,,,,,,,,
1011,Ninetales,Alola,38,♀,2208,147,14,13,13,88.9,38.0,38.0,,,,"2026-07-02 17:44",11/15/2025,,,0,0,0,9000,,,,,,,,,94.16%,240,97.43%,216000,54,Ninetales,Alola,0,,,,,,,,,
1012,Tyranitar,Normal,248,♂,3591,183,15,13,14,93.3,36.0,36.0,,,,"2026-07-02 17:44",11/15/2025,,,0,0,0,8000,,,,,,,,,,,,,,,,,,,,,,,,,
1013,Weavile,,461,♂,2849,144,14,13,15,93.3,37.0,37.0,,,,"2026-07-02 17:44",11/15/2025,,,0,0,0,8000,,,,,,,,,,,,,,,,,,,,,,,,,
1014,Darkrai,,491,,2114,109,15,14,12,91.1,20.0,20.0,,,,"2026-07-02 17:44",,,,0,1,0,3000,,,,,,,,,73.14%,1101,96.78%,24600,26,Darkrai,,1,,,,,,,,,
1015,Qwilfish,Hisui,211,♂,1217,105,15,15,14,97.8,20.0,20.0,,,,"2026-07-02 17:44",11/16/2025,,,0,0,0,2500,70.33%,1216,95.89%,27500,25,Qwilfish,Hisui,0,29.23%,2899,95.37%,70000,112,Overqwil,,0,,,,,,,,,
1016,Falinks,Normal,870,,1001,90,15,15,12,93.3,15.0,15.0,,,,"2026-07-02 17:44",,,,0,0,0,1900,15.12%,3477,92.83%,32400,30,Falinks,Normal,0,73.31%,1094,95.70%,358400,268,Falinks,Normal,0,,,,,,,,,
1017,Baxcalibur,,998,♂,2011,145,15,12,15,93.3,20.0,20.0,,,,"2026-07-02 17:43",,,,0,0,0,2500,,,,,,,,,34.19%,2696,94.83%,27500,25,Baxcalibur,,0,,,,,,,,,
1018,Blitzle,,522,,116,40,15,14,11,88.9,5.0,5.0,,,,"2026-07-02 17:43",11/21/2025,,,0,0,0,600,15.24%,3472,93.39%,50600,105,Zebstrika,,0,50.35%,2034,95.26%,331600,346,Zebstrika,,0,51.36%,1993,92.25%,42600,48,Blitzle,,0,
1019,Stantler,,234,♀,1648,131,14,15,12,91.1,27.0,27.0,,,,"2026-07-02 17:43",11/22/2025,,,0,0,0,4500,,,,,,,,,51.75%,1977,96.16%,83000,130,Wyrdeer,,0,,,,,,,,,
1020,Baltoy,,343,,272,64,9,15,14,84.4,13.0,13.0,,,,"2026-07-02 17:43",11/23/2025,,,0,1,0,1921,64.57%,1452,95.57%,95164,153,Claydol,,1,98.68%,55,97.42%,402600,258,Claydol,,2,51.92%,1970,91.87%,57964,68,Baltoy,,1,
1021,Umbreon,,197,♂,1200,137,14,11,14,86.7,20.0,20.0,,,,"2026-07-02 17:43",,,,0,0,0,2500,49.65%,2063,94.48%,31000,28,Umbreon,,0,98.68%,55,97.23%,475000,248,Umbreon,,0,,,,,,,,,
1022,Eevee,,133,,585,93,14,10,10,75.6,20.0,20.0,,,,"2026-07-02 17:43",11/23/2025,,,0,0,0,2500,13.94%,3525,92.26%,31000,53,Umbreon,,0,54.16%,1878,95.69%,103000,117,Jolteon,,0,,,,,,,,,
1023,Sylveon,,700,♂,1722,137,12,14,14,88.9,20.0,20.0,,,,"2026-07-02 17:43",11/23/2025,,,0,0,0,2500,,,,,,,,,71.82%,1155,96.82%,65000,58,Sylveon,,0,,,,,,,,,
1024,Eevee,,133,♂,583,94,12,11,13,80.0,20.0,20.0,,,,"2026-07-02 17:43",11/23/2025,,,0,0,0,2500,17.51%,3379,92.52%,31000,53,Umbreon,,0,58.00%,1721,96.33%,85000,99,Leafeon,,0,,,,,,,,,
1025,Eevee,,133,♂,587,93,13,12,11,80.0,20.0,20.0,,,,"2026-07-02 17:43",11/23/2025,,,0,0,0,2500,23.88%,3118,92.95%,31000,53,Umbreon,,0,60.27%,1628,96.42%,85000,99,Leafeon,,0,,,,,,,,,
1026,Espeon,,196,♂,1779,106,13,11,15,86.7,20.0,20.0,,,,"2026-07-02 17:43",11/23/2025,,,0,0,0,2500,,,,,,,,,70.18%,1222,96.53%,56000,50,Espeon,,0,,,,,,,,,
1027,Rowlet,,722,♂,108,45,15,14,9,84.4,4.0,4.0,,,,"2026-07-02 17:43",11/28/2025,,,0,0,0,400,43.25%,2325,94.39%,140400,161,Dartrix,,0,37.09%,2577,95.64%,166400,289,Decidueye,Normal,0,69.26%,1260,93.13%,2600,130,Decidueye,Normal,0,
1028,Gastly,,92,♀,511,58,14,13,12,86.7,15.0,15.0,,,,"2026-07-02 17:43",11/29/2025,,,0,0,0,1900,71.89%,1152,95.92%,14200,139,Gengar,Normal,0,40.59%,2434,95.36%,112400,225,Gengar,Normal,0,,,,,,,,,
1029,Bunnelby,,659,♂,118,49,14,8,15,82.2,8.0,8.0,,,,"2026-07-02 17:43",11/29/2025,,,0,0,0,800,29.89%,2872,92.84%,294600,340,Diggersby,,0,95.80%,173,95.13%,513600,340,Diggersby,,0,31.11%,2822,88.04%,199600,202,Bunnelby,,0,
1030,Virizion,,640,,1709,133,15,11,14,88.9,20.0,20.0,,,,"2026-07-02 17:43",11/30/2025,,,0,0,0,2500,,,,,,,,,20.68%,3249,94.67%,65000,58,Virizion,,0,,,,,,,,,
1031,Rockruff,,744,♀,397,72,13,15,12,88.9,15.0,15.0,,,,"2026-07-02 17:43",11/30/2025,,,0,0,0,1900,56.00%,1803,95.34%,18900,68,Lycanroc,Dusk,0,63.52%,1495,96.34%,174400,220,Lycanroc,Midday,0,38.66%,2513,91.99%,14200,14,Rockruff,,0,
1032,Toucannon,,733,♀,1108,103,11,11,11,73.3,15.0,15.0,,,,"2026-07-02 17:43",11/30/2025,,,0,0,0,1900,50.84%,2014,94.92%,21400,20,Toucannon,,0,48.86%,2095,96.13%,199400,202,Toucannon,,0,,,,,,,,,
1033,Garbodor,,569,♂,981,105,12,13,14,86.7,15.0,15.0,,,,"2026-07-02 17:43",11/30/2025,,,0,0,0,1900,36.07%,2619,94.27%,35400,33,Garbodor,,0,93.80%,255,97.72%,410400,268,Garbodor,,0,,,,,,,,,
1034,Kleavor,,900,,1320,96,10,14,15,86.7,15.0,15.0,,,,"2026-07-02 17:43",11/30/2025,,,0,0,0,1900,92.60%,304,97.66%,7600,8,Kleavor,,0,61.86%,1563,96.30%,77400,70,Kleavor,,0,,,,,,,,,
1035,Toucannon,,733,♂,1826,134,15,12,15,93.3,24.0,24.0,,,,"2026-07-02 17:43",,,,0,0,0,3500,,,,,,,,,48.28%,2119,96.10%,121000,118,Toucannon,,0,,,,,,,,,
1036,Tyrogue,,236,♂,272,75,13,14,15,93.3,20.0,20.0,,,,"2026-07-02 17:43",12/2/2025,,,0,0,0,2500,67.67%,1325,95.58%,27500,50,Hitmontop,,0,99.66%,15,98.49%,475000,273,Hitmontop,,0,93.99%,247,95.19%,301000,248,Tyrogue,,0,
1037,Cherubi,,420,♂,634,93,7,6,6,42.2,27.0,27.0,,,,"2026-07-02 17:43",12/4/2025,,,0,0,0,4500,39.34%,2485,94.44%,9000,58,Cherrim,,0,33.97%,2705,85.94%,428000,256,Cherrim,,0,,,,,,,,,
1038,Chimchar,,390,♂,533,84,13,14,14,91.1,20.0,20.0,,,,"2026-07-02 17:43",,,,0,0,0,2500,52.41%,1950,94.87%,178000,207,Monferno,,0,75.21%,1016,96.91%,153000,275,Infernape,,0,,,,,,,,,
1039,Malamar,Normal,687,♀,1335,126,15,15,11,91.1,20.0,20.0,,,,"2026-07-02 17:43",,,,0,0,0,2500,14.87%,3487,93.17%,11000,10,Malamar,Normal,0,76.12%,979,95.95%,337000,248,Malamar,Normal,0,,,,,,,,,
1040,Tyranitar,Normal,248,♀,845,88,15,8,12,77.8,8.0,8.0,,,,"2026-07-02 17:43",12/4/2025,,,0,0,0,800,78.88%,866,95.85%,14000,18,Tyranitar,Normal,0,12.53%,3583,94.11%,55600,58,Tyranitar,Normal,0,,,,,,,,,
1041,Larvitar,,246,♂,441,77,15,15,12,93.3,15.0,15.0,,,,"2026-07-02 17:43",12/6/2025,,,0,0,0,1900,12.26%,3594,93.16%,91400,107,Pupitar,,0,17.88%,3364,94.43%,35400,158,Tyranitar,Normal,0,74.68%,1038,94.25%,7600,8,Larvitar,,0,
1042,Nacli,,932,,387,81,11,10,12,73.3,15.0,15.0,,,,"2026-07-02 17:43",12/6/2025,,,0,0,0,1900,58.83%,1687,95.60%,21400,145,Garganacl,,0,53.02%,1925,96.20%,190400,315,Garganacl,,0,35.46%,2644,90.92%,16400,16,Nacli,,0,
1043,Sprigatito,,906,♂,714,87,15,15,11,91.1,25.0,25.0,,,,"2026-07-02 17:43",12/6/2025,,,0,0,0,4000,44.40%,2278,94.64%,78000,95,Floragato,,0,53.11%,1921,96.12%,72000,189,Meowscarada,,0,,,,,,,,,
1044,Elgyem,,605,♀,780,95,14,14,14,93.3,20.0,20.0,,,,"2026-07-02 17:43",12/6/2025,,,0,0,0,2500,98.07%,80,97.68%,403000,248,Elgyem,,0,64.10%,1471,96.52%,123000,164,Beheeyem,,0,,,,,,,,,
1045,Eevee,,133,♂,440,80,12,15,10,82.2,15.0,15.0,,,,"2026-07-02 17:43",12/6/2025,,,0,0,0,1900,84.13%,651,96.36%,9800,35,Sylveon,,0,61.95%,1559,96.48%,106400,119,Leafeon,,0,61.81%,1565,93.39%,7600,8,Eevee,,0,
1046,Honedge,,679,♀,777,82,15,14,10,86.7,20.0,20.0,,,,"2026-07-02 17:43",,,,0,0,0,2500,91.50%,349,96.08%,403000,248,Honedge,,0,47.52%,2150,95.15%,289000,273,Doublade,,0,,,,,,,,,
1047,Hitmonlee,,106,♂,1442,90,11,15,14,88.9,20.0,20.0,,,,"2026-07-02 17:43",12/11/2025,,,0,0,0,2500,71.31%,1176,95.98%,2500,2,Hitmonlee,,0,76.36%,969,96.82%,205000,218,Hitmonlee,,0,,,,,,,,,
1048,Makuhita,,296,♀,295,88,14,15,8,82.2,13.0,13.0,,,,"2026-07-02 17:43",,,,0,1,0,1921,35.04%,2661,94.18%,24724,83,Hariyama,,1,46.42%,2195,95.67%,62400,106,Hariyama,,2,65.86%,1399,93.02%,46564,56,Makuhita,,1,
1049,Hitmonlee,,106,♂,1422,89,11,12,12,77.8,20.0,20.0,,,,"2026-07-02 17:43",12/11/2025,,,0,0,0,2500,85.27%,604,96.82%,5000,4,Hitmonlee,,0,53.94%,1887,95.90%,225000,248,Hitmonlee,,0,,,,,,,,,
1050,Munchlax,,446,♂,1070,178,14,15,13,93.3,20.0,20.0,,,,"2026-07-02 17:42",,,,0,0,0,2500,57.02%,1761,95.34%,56000,50,Munchlax,,0,34.92%,2666,95.10%,47000,92,Snorlax,,0,,,,,,,,,
1051,Scatterbug,,664,♀,209,67,15,14,15,97.8,15.0,15.0,,,,"2026-07-02 17:42",12/11/2025,,,0,0,0,1900,22.83%,3161,93.44%,77400,195,Vivillon,,0,99.93%,4,99.15%,496400,393,Vivillon,,0,94.85%,212,95.27%,322400,293,Spewpa,,0,
1052,Beldum,,374,,558,80,15,15,15,100.0,20.0,20.0,,,,"2026-07-02 17:42",12/14/2025,,,0,0,0,2500,53.72%,1896,95.18%,85000,99,Metang,,0,83.15%,691,97.13%,17000,141,Metagross,Normal,0,,,,,,,,,
1053,Clobbopus,,852,♀,233,55,5,13,12,66.7,8.0,8.0,,,,"2026-07-02 17:42",,,,0,0,0,800,71.99%,1148,95.99%,41100,94,Grapploct,,0,94.87%,211,98.18%,253600,325,Grapploct,,0,59.44%,1662,93.51%,22900,28,Clobbopus,,0,
1054,Hitmonlee,,106,♂,1437,90,12,12,14,84.4,20.0,20.0,,,,"2026-07-02 17:42",12/15/2025,,,0,0,0,2500,48.38%,2115,94.91%,2500,2,Hitmonlee,,0,67.57%,1329,96.44%,215000,233,Hitmonlee,,0,,,,,,,,,
1055,Ampharos,Normal,181,♂,629,82,13,11,14,84.4,8.0,8.0,,,,"2026-07-02 17:42",12/15/2025,,,0,0,0,800,27.25%,2980,94.13%,31400,36,Ampharos,Normal,0,57.46%,1743,96.50%,141600,134,Ampharos,Normal,0,,,,,,,,,
1056,Mienfoo,,619,♂,268,48,15,15,12,93.3,7.0,7.0,,,,"2026-07-02 17:42",12/15/2025,,,0,0,0,800,95.92%,168,96.87%,429200,292,Mienfoo,,0,74.21%,1057,96.76%,177200,224,Mienshao,,0,60.83%,1605,93.73%,11100,14,Mienfoo,,0,
1057,Clobbopus,,852,,321,66,9,2,14,55.6,11.0,11.0,,,,"2026-07-02 17:42",,,,0,0,0,1300,60.17%,1632,95.42%,38000,90,Grapploct,,0,41.98%,2377,95.59%,258000,334,Grapploct,,0,57.14%,1756,93.35%,19200,24,Clobbopus,,0,
1058,Greninja,,658,♂,1510,114,14,15,15,97.8,20.0,20.0,,,,"2026-07-02 17:42",,,,0,0,0,2500,,,,,,,,,68.13%,1306,96.83%,153000,150,Greninja,,0,,,,,,,,,
1059,Kabuto,,140,♂,771,68,14,15,13,93.3,20.0,20.0,,,,"2026-07-02 17:42",12/18/2025,,,0,0,0,2500,98.49%,63,98.21%,431000,248,Kabuto,,0,53.31%,1913,96.16%,137000,180,Kabutops,,0,,,,,,,,,
1060,Chikorita,,152,♂,524,84,15,11,14,88.9,20.0,20.0,,,,"2026-07-02 17:42",,,,0,0,0,2500,69.01%,1270,94.72%,301000,273,Bayleef,,0,44.30%,2282,94.65%,301000,373,Meganium,,0,,,,,,,,,
1061,Larvitar,,246,♂,225,57,14,8,15,82.2,8.0,8.0,,,,"2026-07-02 17:42",12/19/2025,,,0,1,0,961,47.03%,2170,95.08%,49100,69,Pupitar,,2,29.87%,2873,95.00%,66726,213,Tyranitar,Normal,1,48.03%,2129,92.11%,4322,33,Pupitar,,1,
1062,Scatterbug,,664,♂,211,67,15,15,15,100.0,15.0,15.0,,,,"2026-07-02 17:42",12/21/2025,,,0,0,0,1900,37.70%,2552,94.24%,77400,195,Vivillon,,0,100.00%,1,100%,496400,393,Vivillon,,0,95.78%,174,95.60%,310400,293,Spewpa,,0,
1063,Chikorita,,152,♂,520,85,13,13,15,91.1,20.0,20.0,,,,"2026-07-02 17:42",12/23/2025,,,0,0,0,2500,83.20%,689,95.75%,313000,273,Bayleef,,0,78.17%,895,96.24%,313000,373,Meganium,,0,,,,,,,,,
1064,Snom,,872,♂,298,69,14,15,15,97.8,20.0,20.0,,,,"2026-07-02 17:42",12/25/2025,,,0,0,0,2500,99.95%,3,98.90%,475000,248,Snom,,0,62.32%,1544,96.29%,123000,514,Frosmoth,,0,81.32%,766,92.08%,169000,170,Snom,,0,
1065,Snom,,872,♂,294,68,15,13,12,88.9,20.0,20.0,,,,"2026-07-02 17:42",12/25/2025,,,0,0,0,2500,98.83%,49,94.32%,475000,248,Snom,,0,63.93%,1478,96.35%,137000,530,Frosmoth,,0,63.35%,1502,89.89%,187000,194,Snom,,0,
1066,Rolycoly,,837,♂,421,76,13,14,13,88.9,25.0,25.0,,,,"2026-07-02 17:42",12/25/2025,,,0,0,0,4000,56.41%,1786,94.51%,214000,245,Carkol,,0,85.03%,614,96.90%,332000,345,Coalossal,,0,41.25%,2407,91.02%,39000,34,Rolycoly,,0,
1067,Spheal,,363,,534,111,14,11,15,88.9,20.0,20.0,,,,"2026-07-02 17:42",12/25/2025,,,0,0,0,2500,42.37%,2361,94.54%,103000,117,Sealeo,,0,36.26%,2611,95.20%,137000,255,Walrein,,0,,,,,,,,,
1068,Scatterbug,,664,♀,210,67,15,15,14,97.8,15.0,15.0,,,,"2026-07-02 17:42",12/26/2025,,,0,0,0,1900,37.70%,2552,94.24%,77400,195,Vivillon,,0,99.95%,3,99.42%,496400,393,Vivillon,,0,95.07%,203,95.36%,322400,293,Spewpa,,0,
1069,Cetoddle,,974,♂,424,117,15,6,15,80.0,12.0,12.0,,,,"2026-07-02 17:42",,,,0,0,0,1300,4.10%,3928,91.44%,16600,70,Cetitan,,0,29.08%,2905,94.95%,95400,140,Cetitan,,0,22.30%,3183,90.75%,5800,8,Cetoddle,,0,
1070,Spheal,,363,♀,532,110,13,13,13,86.7,20.0,20.0,,,,"2026-07-02 17:42",,,,0,0,0,2500,44.44%,2276,94.65%,103000,117,Sealeo,,0,37.39%,2565,95.23%,137000,255,Walrein,,0,,,,,,,,,
1071,Zekrom,,644,,2266,129,15,10,12,82.2,20.0,20.0,,,,"2026-07-02 17:42",12/27/2025,,,0,0,0,0,,,,,,,,,58.68%,1693,95.80%,11000,10,Zekrom,,0,,,,,,,,,
1072,Scatterbug,,664,,196,67,11,13,14,84.4,15.0,15.0,,,,"2026-07-02 17:42",12/27/2025,,,0,0,0,1900,58.58%,1697,95.24%,86400,203,Vivillon,,0,97.44%,106,95.69%,496400,393,Vivillon,,0,99.22%,33,97.52%,481400,293,Spewpa,,0,
1073,Magnemite,,81,,498,51,14,15,13,93.3,13.0,13.0,,,,"2026-07-02 17:42",12/28/2025,,,0,1,0,0,99.29%,30,98.81%,567364,360,Magnemite,,1,75.31%,1012,96.66%,95164,228,Magnezone,,1,93.02%,287,96.35%,0,0,Magnemite,,1,
1074,Landorus,Therian,645,♂,2192,129,12,13,12,82.2,20.0,20.0,,,,"2026-07-02 17:42",3/1/2025,,,1,0,0,1250,,,,,,,,,50.72%,2019,95.71%,7000,13,Landorus,Therian,0,,,,,,,,,
1075,Pikachu,Normal,25,,385,64,13,11,13,82.2,15.0,15.0,,,,"2026-07-02 17:42",12/28/2025,,,0,0,0,1900,57.53%,1740,94.74%,48900,95,Raichu,Normal,0,96.73%,135,95.97%,496400,318,Raichu,Normal,0,25.20%,3064,90.21%,16400,16,Pikachu,Normal,0,
1076,Pichu,,172,♂,265,59,14,14,15,95.6,20.0,20.0,,,,"2026-07-02 17:42",,,,0,0,0,2500,62.95%,1518,94.98%,24000,97,Raichu,Normal,0,99.78%,10,98.92%,475000,323,Raichu,Normal,0,97.02%,123,95.22%,350000,248,Pichu,,0,
1077,Pikipek,,731,♀,338,60,15,15,15,100.0,13.0,13.0,,,,"2026-07-02 17:42",12/29/2025,,,0,1,0,1921,82.91%,701,96.53%,30364,164,Toucannon,,1,75.34%,1011,97.18%,197764,335,Toucannon,,1,70.82%,1196,93.09%,27364,36,Pikipek,,1,
1078,Delibird,,225,♂,457,73,15,10,15,88.9,15.0,15.0,,,,"2026-07-02 17:42",,,,0,0,0,1900,98.41%,66,95.24%,496400,268,Delibird,,0,98.41%,66,95.24%,496400,268,Delibird,,0,19.12%,3313,90.47%,3800,4,Delibird,,0,
1079,Psyduck,,54,♀,466,77,15,13,13,91.1,15.0,15.0,,,,"2026-07-02 17:42",12/29/2025,,,0,0,0,1900,49.26%,2079,95.07%,29400,77,Golduck,,0,41.88%,2381,95.47%,288400,318,Golduck,,0,64.69%,1447,93.73%,3800,4,Psyduck,,0,
1080,Pikachu,Normal,25,♀,394,63,14,15,12,91.1,15.0,15.0,,,,"2026-07-02 17:42",12/29/2025,,,0,0,0,1900,37.36%,2566,93.84%,45400,92,Raichu,Normal,0,99.37%,27,98.12%,496400,318,Raichu,Normal,0,64.86%,1440,93.02%,16400,16,Pikachu,Normal,0,
1081,Pikachu,Normal,25,♀,385,65,11,13,15,86.7,15.0,15.0,,,,"2026-07-02 17:42",12/29/2025,,,0,0,0,1900,79.12%,856,95.83%,48900,95,Raichu,Normal,0,98.14%,77,96.90%,496400,318,Raichu,Normal,0,45.30%,2241,91.69%,16400,16,Pikachu,Normal,0,
1082,Frigibax,,996,♀,522,90,15,12,12,86.7,15.0,15.0,,,,"2026-07-02 17:42",,,,0,0,0,1900,82.00%,738,96.88%,0,125,Baxcalibur,,0,69.28%,1259,96.16%,52400,173,Baxcalibur,,0,,,,,,,,,
1083,Scatterbug,,664,♀,211,67,15,15,15,100.0,15.0,15.0,,,,"2026-07-02 17:42",1/1/7076,,,0,0,0,1900,37.70%,2552,94.24%,77400,195,Vivillon,,0,100.00%,1,100%,496400,393,Vivillon,,0,95.78%,174,95.60%,310400,293,Spewpa,,0,
1084,Omanyte,,138,♂,861,75,12,13,15,88.9,20.0,20.0,,,,"2026-07-02 17:42",1/2/2026,,,0,0,0,2500,76.78%,952,96.02%,215000,233,Omanyte,,0,46.76%,2181,95.65%,116000,156,Omastar,,0,,,,,,,,,
1085,Pikachu,Normal,25,♂,39,19,14,12,6,71.1,2.0,2.0,,,,"2026-07-02 17:42",,,,0,0,0,200,45.96%,2214,94.22%,75600,132,Raichu,Normal,0,86.40%,558,92.90%,519600,352,Raichu,Normal,0,25.52%,3051,90.27%,42100,52,Pikachu,Normal,0,
1086,Joltik,,595,♂,226,57,15,11,15,91.1,8.0,8.0,,,,"2026-07-02 17:41",1/3/2026,,,0,0,0,800,60.56%,1616,95.19%,62600,114,Galvantula,,0,99.00%,42,97.20%,513600,340,Galvantula,,0,69.62%,1245,93.78%,0,50,Galvantula,,0,
1087,Paras,,46,♂,194,43,13,14,14,91.1,7.0,7.0,,,,"2026-07-02 17:41",1/3/2026,,,0,0,0,800,49.18%,2082,95.05%,100700,148,Parasect,,0,99.56%,19,98.27%,515200,342,Parasect,,0,78.78%,870,94.95%,4200,55,Parasect,,0,
1088,Bulbasaur,,1,♂,622,83,15,12,12,86.7,20.0,20.0,,,,"2026-07-02 17:41",1/4/2026,,,0,0,0,2500,20.00%,3277,93.63%,103000,117,Ivysaur,,0,26.13%,3026,95.00%,137000,255,Venusaur,Normal,0,,,,,,,,,
1089,Drampa,,780,♂,1619,117,12,14,10,80.0,20.0,20.0,,,,"2026-07-02 17:41",1/5/2026,,,0,0,0,2500,,,,,,,,,63.27%,1505,96.53%,91000,80,Drampa,,0,,,,,,,,,
1090,Larvitar,,246,♀,439,78,15,12,15,93.3,15.0,15.0,,,,"2026-07-02 17:41",1/5/2026,,,0,0,0,1900,43.20%,2327,94.92%,96400,111,Pupitar,,0,17.29%,3388,94.40%,35400,158,Tyranitar,Normal,0,53.82%,1892,92.75%,7600,8,Larvitar,,0,
1091,Palkia,Normal,484,,2245,119,14,14,11,86.7,20.0,20.0,,,,"2026-07-02 17:41",1/5/2026,,,0,0,0,2500,,,,,,,,,49.18%,2082,95.47%,11000,10,Palkia,Normal,0,,,,,,,,,
1092,Dreepy,,885,♀,431,66,15,14,13,93.3,20.0,20.0,,,,"2026-07-02 17:41",,,,0,0,0,2500,50.31%,2036,94.86%,123000,139,Drakloak,,0,22.27%,3184,94.66%,27500,150,Dragapult,,0,54.60%,1860,92.01%,17000,16,Dreepy,,0,
1093,Rowlet,,722,♂,597,109,14,15,14,95.6,20.0,20.0,,,,"2026-07-02 17:41",1/6/2026,,,0,0,0,2500,38.36%,2525,94.16%,85000,99,Dartrix,,0,70.38%,1214,96.90%,116000,231,Decidueye,Normal,0,,,,,,,,,
1094,Dwebble,,557,♂,517,76,15,15,11,91.1,15.0,15.0,,,,"2026-07-02 17:41",1/6/2026,,,0,0,0,1900,16.80%,3408,93.36%,23900,72,Crustle,,0,49.69%,2061,95.88%,236400,303,Crustle,,0,,,,,,,,,
1095,Virizion,,640,,1703,133,13,13,15,91.1,20.0,20.0,,,,"2026-07-02 17:41",2/27/2025,,,1,0,0,1250,,,,,,,,,30.18%,2860,95.13%,32500,58,Virizion,,0,,,,,,,,,
1096,Drampa,,780,♂,1630,118,13,13,12,84.4,20.0,20.0,,,,"2026-07-02 17:41",1/7/2026,,,0,0,0,2500,,,,,,,,,56.04%,1801,96.26%,85000,74,Drampa,,0,,,,,,,,,
1097,Tyrunt,,696,♂,360,62,12,14,15,91.1,8.0,8.0,,,,"2026-07-02 17:41",1/7/2026,,,0,1,0,961,90.70%,382,97.25%,29766,98,Tyrantrum,,1,78.56%,879,97.24%,25500,70,Tyrantrum,,2,18.68%,3331,90.61%,5522,10,Tyrunt,,1,
1098,Rhyhorn,,111,♂,833,113,14,15,10,86.7,18.0,18.0,,,,"2026-07-02 17:41",1/7/2026,,,0,0,0,2200,34.75%,2673,94.05%,139400,130,Rhyhorn,,0,51.09%,2004,95.43%,29900,152,Rhyperior,,0,,,,,,,,,
1099,Corphish,,341,♂,518,72,15,11,15,91.1,15.0,15.0,,,,"2026-07-02 17:41",1/9/2026,,,0,0,0,1900,83.96%,658,96.69%,29400,77,Crawdaunt,,0,47.91%,2134,95.60%,277400,318,Crawdaunt,,0,,,,,,,,,
1100,Dhelmise,,781,,1232,94,12,14,11,82.2,15.0,15.0,,,,"2026-07-02 17:41",1/9/2026,,,0,0,0,1900,49.60%,2065,94.52%,12000,12,Dhelmise,,0,53.46%,1907,96.15%,101400,90,Dhelmise,,0,,,,,,,,,
1101,Beldum,,374,,544,79,15,10,13,84.4,20.0,20.0,,,,"2026-07-02 17:41",1/9/2026,,,0,0,0,2500,22.15%,3189,93.46%,97000,111,Metang,,0,18.85%,3324,94.41%,17000,141,Metagross,Normal,0,,,,,,,,,
1102,Staryu,,120,,235,39,8,13,4,55.6,8.0,8.0,,,,"2026-07-02 17:41",1/10/2026,,,0,1,0,961,42.93%,2338,94.64%,55926,126,Starmie,,1,58.73%,1691,96.17%,195600,258,Starmie,,2,41.86%,2382,92.21%,27486,45,Staryu,,1,
1103,Caterpie,,10,♂,237,83,13,14,11,84.4,20.0,20.0,,,,"2026-07-02 17:41",1/12/2026,,,0,0,0,2500,64.81%,1442,96.01%,70000,124,Butterfree,,0,97.63%,98,96.17%,475000,310,Butterfree,,0,97.90%,87,92.56%,475000,248,Caterpie,,0,
1104,Tadbulb,,938,,387,87,15,14,14,95.6,15.0,15.0,,,,"2026-07-02 17:41",1/13/2026,,,0,0,0,1900,25.40%,3056,93.69%,18900,68,Bellibolt,,0,45.64%,2227,95.92%,174400,220,Bellibolt,,0,23.03%,3153,89.48%,16400,16,Tadbulb,,0,
1105,Audino,Normal,531,♀,946,146,13,15,15,95.6,20.0,20.0,,,,"2026-07-02 17:41",1/14/2026,,,0,0,0,2500,35.73%,2633,93.88%,109000,98,Audino,Normal,0,99.61%,17,98.45%,475000,248,Audino,Normal,0,,,,,,,,,
1106,Beldum,,374,,551,78,15,15,12,93.3,20.0,20.0,,,,"2026-07-02 17:41",1/15/2026,,,0,0,0,2500,39.73%,2469,94.43%,91000,105,Metang,,0,48.30%,2118,95.65%,17000,141,Metagross,Normal,0,,,,,,,,,
1107,Caterpie,,10,♀,241,84,13,15,14,93.3,20.0,20.0,,,,"2026-07-02 17:41",1/15/2026,,,0,0,0,2500,60.24%,1629,95.80%,65000,120,Butterfree,,0,99.83%,8,98.90%,475000,310,Butterfree,,0,99.63%,16,96.33%,475000,248,Caterpie,,0,
1108,Piplup,,393,♂,821,112,7,12,14,73.3,29.0,29.0,,,,"2026-07-02 17:41",1/4/2026,,,0,0,0,5000,82.22%,729,96.69%,80000,107,Prinplup,,0,89.18%,444,97.72%,44000,165,Empoleon,,0,,,,,,,,,
1109,Wattrel,,940,♂,721,99,15,11,13,86.7,33.0,33.0,,,,"2026-07-02 17:41",1/16/7076,,,0,0,0,7000,97.53%,102,93.86%,366000,150,Wattrel,,0,41.10%,2413,95.05%,180000,200,Kilowattrel,,0,,,,,,,,,
1110,Grookey,,810,♂,454,78,15,10,15,88.9,15.0,15.0,,,,"2026-07-02 17:41",1/18/2026,,,0,0,0,1900,84.18%,649,96.65%,3800,129,Rillaboom,,0,53.99%,1885,96.04%,64400,183,Rillaboom,,0,61.93%,1560,93.52%,5700,6,Grookey,,0,
1111,Grookey,,810,♂,454,78,15,10,15,88.9,15.0,15.0,Razor Leaf,,,"2026-07-02 17:41",6/15/2026,5.37kg,0.31m,0,0,0,1900,84.18%,649,96.65%,3800,129,Rillaboom,,0,53.99%,1885,96.04%,64400,183,Rillaboom,,0,61.93%,1560,93.52%,5700,6,Grookey,,0,
1112,Rillaboom,,812,♂,1378,122,11,11,12,75.6,15.0,15.0,,,,"2026-07-02 17:41",1/18/2026,,,0,0,0,1900,35.48%,2643,94.17%,3800,4,Rillaboom,,0,59.90%,1643,96.27%,68400,62,Rillaboom,,0,,,,,,,,,
1113,Feebas,,349,,57,37,14,6,15,77.8,8.0,8.0,,,,"2026-07-02 17:41",1/18/2026,,,0,1,0,961,14.19%,3515,92.86%,32406,151,Milotic,,1,33.94%,2706,95.37%,38100,127,Milotic,,2,98.80%,50,93.00%,402600,213,Feebas,,2,
1114,Grookey,,810,♂,75,31,11,10,10,68.9,3.0,3.0,,,,"2026-07-02 17:41",1/18/2026,,,0,0,0,400,65.67%,1407,95.93%,114200,139,Thwackey,,0,30.82%,2834,95.15%,91200,219,Rillaboom,,0,61.54%,1576,90.69%,2200,130,Rillaboom,,0,
1115,Grookey,,810,♂,308,65,8,8,11,60.0,11.0,11.0,,,,"2026-07-02 17:40",1/18/2026,,,0,0,0,1300,70.53%,1208,95.83%,17300,147,Rillaboom,,0,48.45%,2112,95.83%,84500,207,Rillaboom,,0,42.54%,2354,92.26%,21400,26,Grookey,,0,
1116,Venipede,,543,,66,27,11,9,6,57.8,4.0,4.0,,,,"2026-07-02 17:40",,,,0,0,0,400,29.18%,2901,93.86%,57400,188,Scolipede,,0,40.39%,2442,95.10%,419400,423,Scolipede,,0,43.49%,2315,91.52%,4000,132,Scolipede,,0,
1117,Diglett,Alola,50,♀,378,47,15,12,13,88.9,20.0,20.0,,,,"2026-07-02 17:40",1/20/2026,,,0,0,0,2500,48.06%,2128,94.85%,56000,100,Dugtrio,Alola,0,98.68%,55,97.15%,475000,298,Dugtrio,Alola,0,29.50%,2888,90.53%,39000,34,Diglett,Alola,0,
1118,Squirtle,,7,♂,716,98,13,15,15,95.6,27.0,27.0,,,,"2026-07-02 17:40",9/5/2025,,,1,0,0,2250,77.66%,916,95.06%,104500,231,Wartortle,,0,47.69%,2143,95.36%,104500,331,Blastoise,Normal,0,,,,,,,,,
1119,Rookidee,,821,♂,85,36,13,13,11,82.2,5.0,5.0,,,,"2026-07-02 17:40",8/30/2025,,,0,0,0,600,98.00%,83,97.75%,517600,321,Corvisquire,,0,38.75%,2509,94.88%,331600,421,Corviknight,,0,45.76%,2222,90.85%,94100,94,Rookidee,,0,
1120,Roggenrola,,524,♂,259,58,13,12,9,75.6,8.0,8.0,,,,"2026-07-02 17:40",1/21/2026,,,0,1,0,961,39.90%,2462,94.29%,27486,295,Gigalith,,1,22.95%,3156,94.59%,108126,377,Gigalith,,1,88.40%,476,95.52%,1922,54,Boldore,,1,
1121,Larvitar,,246,♀,225,56,13,11,14,84.4,8.0,8.0,,,,"2026-07-02 17:40",1/22/2026,,,0,1,0,961,53.50%,1905,95.40%,148326,187,Pupitar,,1,54.33%,1871,95.96%,66726,213,Tyranitar,Normal,1,74.31%,1053,94.24%,32406,51,Larvitar,,1,
1122,Eevee,,133,♂,439,82,12,11,14,82.2,15.0,15.0,,,,"2026-07-02 17:40",1/23/2026,,,0,0,0,1900,80.68%,792,96.11%,9800,35,Sylveon,,0,68.38%,1296,96.68%,91400,107,Flareon,,0,65.49%,1414,93.69%,7600,8,Eevee,,0,
1123,Gastly,,92,♂,435,52,15,13,7,77.8,13.0,13.0,,,,"2026-07-02 17:40",,,,0,1,0,0,49.60%,2065,94.68%,17400,39,Haunter,,2,39.15%,2493,95.32%,57000,167,Gengar,Normal,2,18.73%,3329,90.03%,5763,9,Gastly,,1,
1124,Shuckle,,213,♂,210,56,13,12,10,77.8,20.0,20.0,,,,"2026-07-02 17:40",,,,0,0,0,2500,90.21%,402,87.53%,475000,248,Shuckle,,0,90.21%,402,87.53%,475000,248,Shuckle,,0,90.21%,402,87.53%,475000,248,Shuckle,,0,
1125,Oddish,,43,♀,409,65,9,6,7,48.9,13.0,13.0,,,,"2026-07-02 17:40",1/25/2026,,,0,1,0,1921,52.60%,1942,95.22%,46564,181,Vileplume,,1,44.74%,2264,95.52%,408964,485,Vileplume,,1,27.81%,2957,91.06%,9964,15,Oddish,,1,
1126,Dachsbun,,927,♂,1186,97,14,13,15,93.3,20.0,20.0,,,,"2026-07-02 17:40",1/24/2026,,,0,0,0,2500,38.02%,2539,93.74%,31000,28,Dachsbun,,0,99.68%,14,98.55%,475000,248,Dachsbun,,0,,,,,,,,,
1127,Krabby,,98,,326,42,4,14,12,66.7,8.0,8.0,,,,"2026-07-02 17:40",,,,0,1,0,961,97.90%,87,98.56%,43326,113,Kingler,,1,91.53%,348,97.93%,210726,284,Kingler,,1,95.78%,174,96.65%,9842,18,Krabby,,1,
1128,Oddish,,43,,420,68,5,13,14,71.1,13.0,13.0,,,,"2026-07-02 17:40",1/27/2026,,,0,1,0,1921,96.36%,150,98.27%,66364,201,Bellossom,,1,98.95%,44,98.88%,402600,325,Bellossom,,2,60.78%,1607,93.24%,7684,12,Oddish,,1,
1129,Ninetales,Normal,38,♀,942,97,12,10,12,75.6,15.0,15.0,,,,"2026-07-02 17:40",7/1/7076,,,0,0,0,1900,24.71%,3084,93.61%,41900,39,Ninetales,Normal,0,93.21%,279,97.36%,496400,268,Ninetales,Normal,0,,,,,,,,,
1130,Glimmet,,969,♂,698,76,14,10,14,84.4,15.0,15.0,,,,"2026-07-02 17:40",2/1/2026,,,0,0,0,1900,34.90%,2667,94.24%,144400,134,Glimmet,,0,49.18%,2082,95.40%,68400,112,Glimmora,,0,,,,,,,,,
1131,Dialga,Normal,483,,2269,130,14,10,14,84.4,20.0,20.0,,,,"2026-07-02 17:40",7/1/7076,,,0,0,0,2500,,,,,,,,,83.03%,696,96.88%,11000,10,Dialga,Normal,0,,,,,,,,,
1132,Ninetales,Alola,38,♂,972,99,14,10,15,86.7,15.0,15.0,,,,"2026-07-02 17:40",7/1/7076,,,0,0,0,1900,58.58%,1697,95.33%,38400,36,Ninetales,Alola,0,87.16%,527,96.63%,424400,268,Ninetales,Alola,0,,,,,,,,,
1133,Tornadus,Therian,641,♂,1718,117,9,5,8,48.9,20.0,20.0,,,,"2026-07-02 17:40",3/1/2025,,,0,0,0,2500,,,,,,,,,62.30%,1545,95.78%,65000,58,Tornadus,Therian,0,,,,,,,,,
1134,Thundurus,Therian,642,♂,2047,121,13,10,15,84.4,20.0,20.0,,,,"2026-07-02 17:40",3/1/2025,,,0,0,0,2500,,,,,,,,,26.62%,3006,94.90%,24000,22,Thundurus,Therian,0,,,,,,,,,
1135,Cobalion,,638,,1651,131,9,12,11,71.1,20.0,20.0,,,,"2026-07-02 17:40",2/27/2025,,,0,0,0,2500,,,,,,,,,71.06%,1186,96.89%,80000,70,Cobalion,,0,,,,,,,,,
1136,Zubat,,41,♀,239,61,15,14,7,80.0,13.0,13.0,,,,"2026-07-02 17:40",2/2/2026,,,0,1,0,1921,27.45%,2972,93.27%,89764,123,Golbat,,1,47.89%,2135,95.80%,125200,251,Crobat,,2,26.74%,3001,89.47%,89764,98,Zubat,,1,
1137,Delphox,,655,♂,671,70,14,13,8,77.8,8.0,8.0,,,,"2026-07-02 17:40",2/2/2026,,,0,1,0,961,53.43%,1908,95.02%,32406,51,Delphox,,1,12.36%,3590,94.37%,29550,29,Delphox,,2,,,,,,,,,
1138,Litten,,725,♂,586,84,15,14,14,95.6,20.0,20.0,,,,"2026-07-02 17:40",2/3/2026,,,0,0,0,2500,57.02%,1761,95.23%,91000,105,Torracat,,0,21.51%,3215,94.76%,65000,183,Incineroar,,0,,,,,,,,,
1139,Yungoos,,734,♂,502,89,15,15,15,100.0,20.0,20.0,,,,"2026-07-02 17:40",2/3/2026,,,0,0,0,2500,84.32%,643,96.74%,24000,72,Gumshoos,,0,100.00%,1,100%,475000,298,Gumshoos,,0,,,,,,,,,
1140,Bagon,,371,♀,656,84,15,15,13,95.6,20.0,20.0,,,,"2026-07-02 17:40",7/3/7076,,,0,0,0,2500,67.50%,1332,95.55%,39000,59,Shelgon,,0,22.61%,3170,94.71%,17000,141,Salamence,Normal,0,,,,,,,,,
1141,Eevee,,133,♂,447,82,15,10,13,84.4,15.0,15.0,,,,"2026-07-02 17:40",2/3/2026,,,0,0,0,1900,82.12%,733,96.16%,14200,39,Jolteon,,0,54.95%,1846,95.94%,77400,95,Espeon,,0,21.61%,3211,90.43%,5700,6,Eevee,,0,
1142,Flamigo,,973,♂,1129,105,10,11,10,68.9,15.0,15.0,,,,"2026-07-02 17:40",2/3/2026,,,0,0,0,1900,22.93%,3157,93.68%,18900,18,Flamigo,,0,41.20%,2409,95.71%,174400,170,Flamigo,,0,,,,,,,,,
1143,Gyarados,Normal,130,,750,86,13,11,15,86.7,8.0,8.0,,,,"2026-07-02 17:40",2/4/2026,,,0,1,0,961,47.25%,2161,94.49%,22926,39,Gyarados,Normal,1,50.45%,2030,95.32%,93126,112,Gyarados,Normal,1,,,,,,,,,
1144,Poochyena,,261,♀,127,41,11,4,0,33.3,8.0,8.0,,,,"2026-07-02 17:40",2/4/2026,,,0,1,0,961,6.23%,3841,92.39%,136326,202,Mightyena,,1,43.20%,2327,86.36%,400600,256,Mightyena,,2,47.64%,2145,91.61%,4322,58,Mightyena,,1,
1145,Spinda,,327,,515,85,15,15,10,88.9,15.0,15.0,,,,"2026-07-02 17:39",2/12/2026,,,0,0,0,1900,99.27%,31,97.18%,496400,268,Spinda,,0,99.27%,31,97.18%,496400,268,Spinda,,0,,,,,,,,,
1146,Enamorus,Therian,905,♀,1879,115,11,10,14,77.8,20.0,20.0,,,,"2026-07-02 17:39",2/14/2026,,,0,0,0,2500,,,,,,,,,75.68%,997,96.54%,43000,38,Enamorus,Therian,0,,,,,,,,,
1147,Passimian,,766,♂,1733,143,15,15,15,100.0,20.0,20.0,,,,"2026-07-02 17:39",2/14/2026,,,0,0,0,2500,,,,,,,,,33.80%,2712,95.37%,60500,54,Passimian,,0,,,,,,,,,
1148,Greninja,,658,♀,571,67,14,10,5,64.4,8.0,8.0,,,,"2026-07-02 17:39",2/15/2026,,,0,1,0,961,25.30%,3060,94.12%,49326,69,Greninja,,1,33.06%,2742,95.51%,292326,346,Greninja,,1,,,,,,,,,
1149,Smoochum,,238,♀,719,83,14,13,12,86.7,20.0,20.0,,,,"2026-07-02 17:39",2/16/2026,,,0,0,0,2500,16.07%,3438,93.11%,2500,27,Jynx,,0,42.20%,2368,95.76%,215000,258,Jynx,,0,,,,,,,,,
1150,Machop,,66,♂,725,111,14,15,15,97.8,20.0,20.0,,,,"2026-07-02 17:39",2/16/2026,,,0,0,0,2500,33.77%,2713,94.18%,35000,56,Machoke,,0,54.51%,1864,96.00%,60500,179,Machamp,,0,,,,,,,,,
1151,Turtonator,,776,♂,928,86,12,15,12,86.7,15.0,15.0,,,,"2026-07-02 17:39",2/17/2026,,,0,0,0,1900,57.46%,1743,95.09%,45400,42,Turtonator,,0,97.97%,84,97.37%,496400,268,Turtonator,,0,,,,,,,,,
1152,Krabby,,98,♀,330,40,11,13,7,68.9,8.0,8.0,,,,"2026-07-02 17:39",,,,0,1,0,961,54.53%,1863,94.86%,168600,199,Krabby,,2,60.39%,1623,96.38%,79500,126,Kingler,,2,15.82%,3448,89.93%,8282,15,Krabby,,1,
1153,Growlithe,Hisui,58,♂,559,87,15,13,14,93.3,15.0,15.0,,,,"2026-07-02 17:39",,,,0,0,0,1900,99.66%,15,98.13%,496400,268,Growlithe,Hisui,0,66.20%,1385,96.88%,77400,120,Arcanine,Hisui,0,,,,,,,,,
1154,Phantump,,708,♂,399,65,12,14,10,80.0,13.0,13.0,,,,"2026-07-02 17:39",2/23/2026,,,0,0,0,1600,73.97%,1067,96.02%,32800,232,Trevenant,,0,47.81%,2138,95.66%,252800,476,Trevenant,,0,50.87%,2013,92.50%,10200,12,Phantump,,0,
1155,Pikachu,Normal,25,♂,516,75,12,12,15,86.7,20.0,20.0,,,,"2026-07-02 17:39",2/24/2026,,,0,0,0,2500,77.09%,939,95.72%,27500,75,Raichu,Normal,0,98.02%,82,96.78%,475000,298,Raichu,Normal,0,,,,,,,,,
1156,Altaria,Normal,334,♀,730,92,15,10,12,82.2,13.0,13.0,,,,"2026-07-02 17:39",,,,0,0,0,1600,21.61%,3211,92.88%,70800,66,Altaria,Normal,0,97.68%,96,96.49%,502800,276,Altaria,Normal,0,,,,,,,,,
1157,Pikachu,Normal,25,♂,507,74,11,12,13,80.0,20.0,20.0,,,,"2026-07-02 17:39",2/24/2026,,,0,0,0,2500,49.52%,2068,94.40%,27500,75,Raichu,Normal,0,96.00%,165,95.63%,475000,298,Raichu,Normal,0,,,,,,,,,
1158,Bulbasaur,,1,♂,471,71,15,15,11,91.1,15.0,15.0,,,,"2026-07-02 17:39",2/24/2026,,,0,0,0,1900,76.56%,961,96.30%,18900,143,Venusaur,Normal,0,27.33%,2977,95.05%,151400,267,Venusaur,Normal,0,19.17%,3311,90.35%,1900,2,Bulbasaur,,0,
1159,Salandit,,757,♂,641,89,15,15,15,100.0,20.0,20.0,,,,"2026-07-02 17:39",2/24/2026,,,0,0,0,2500,100.00%,1,100%,475000,248,Salandit,,0,100.00%,1,100%,475000,248,Salandit,,0,,,,,,,,,
1160,Groudon,Normal,383,,2346,131,15,14,15,97.8,20.0,20.0,,,,"2026-07-02 17:39",2/25/2026,,,0,0,0,2500,,,,,,,,,38.66%,2513,95.27%,5000,4,Groudon,Normal,0,,,,,,,,,
1161,Kyogre,Normal,382,,2326,130,15,12,13,88.9,20.0,20.0,,,,"2026-07-02 17:39",2/25/2026,,,0,0,0,2500,,,,,,,,,9.01%,3727,93.77%,5000,4,Kyogre,Normal,0,,,,,,,,,
1162,Unown,,201,,477,75,11,10,12,73.3,15.0,15.0,,,,"2026-07-02 17:39",2/26/2026,,,0,0,0,1900,88.40%,476,90.53%,496400,268,Unown,,0,88.40%,476,90.53%,496400,268,Unown,,0,49.04%,2088,92.79%,1900,2,Unown,,0,
1163,Delphox,,655,♂,1302,100,14,15,14,95.6,15.0,15.0,,,,"2026-07-02 17:39",2/27/2026,,,0,0,0,1900,52.72%,1937,95.00%,7600,8,Delphox,,0,48.42%,2113,96.06%,81900,74,Delphox,,0,,,,,,,,,
1164,Swampert,Normal,260,,1688,141,15,15,12,93.3,20.0,20.0,,,,"2026-07-02 17:39",2/27/2026,,,0,0,0,2500,,,,,,,,,38.29%,2528,95.67%,70000,62,Swampert,Normal,0,,,,,,,,,
1165,Sylveon,,700,,1303,119,15,12,14,91.1,15.0,15.0,,,,"2026-07-02 17:39",2/28/2026,,,0,0,0,1900,30.96%,2828,93.62%,7600,8,Sylveon,,0,30.33%,2854,95.02%,81900,74,Sylveon,,0,,,,,,,,,
1166,Yveltal,,717,,2093,154,11,10,13,75.6,20.0,20.0,,,,"2026-07-02 17:39",2/28/2026,,,0,0,0,2500,,,,,,,,,28.96%,2910,94.80%,20500,19,Yveltal,,0,,,,,,,,,
1167,Xerneas,,716,,2148,154,15,15,12,93.3,20.0,20.0,,,,"2026-07-02 17:39",2/28/2026,,,0,0,0,2500,,,,,,,,,45.64%,2227,95.46%,17000,16,Xerneas,,0,,,,,,,,,
1168,Dragonite,Normal,149,♀,2147,132,15,13,13,91.1,20.0,20.0,,,,"2026-07-02 17:39",,,,0,0,0,2500,,,,,,,,,43.76%,2304,95.21%,17000,16,Dragonite,Normal,0,,,,,,,,,
1169,Victreebel,Normal,71,♀,1374,120,15,14,12,91.1,20.0,20.0,,,,"2026-07-02 17:39",2/28/2026,,,0,0,0,2500,40.39%,2442,94.56%,8000,7,Victreebel,Normal,0,63.69%,1488,96.05%,289000,248,Victreebel,Normal,0,,,,,,,,,
1170,Unown,,201,,505,77,15,14,15,97.8,15.0,15.0,,,,"2026-07-02 17:39",3/1/2026,,,0,0,0,1900,99.93%,4,99.06%,496400,268,Unown,,0,99.93%,4,99.06%,496400,268,Unown,,0,,,,,,,,,
1171,Unown,,201,,494,76,15,10,14,86.7,15.0,15.0,,,,"2026-07-02 17:39",3/1/2026,,,0,0,0,1900,97.36%,109,94.52%,496400,268,Unown,,0,97.36%,109,94.52%,496400,268,Unown,,0,40.34%,2444,92.24%,0,0,Unown,,0,
1172,Unown,,201,,501,76,14,15,13,93.3,15.0,15.0,,,,"2026-07-02 17:39",3/1/2026,,,0,0,0,1900,99.71%,13,97.75%,496400,268,Unown,,0,99.71%,13,97.75%,496400,268,Unown,,0,,,,,,,,,
1173,Totodile,,158,♂,642,90,15,14,14,95.6,20.0,20.0,,,,"2026-07-02 17:39",3/1/2026,,,0,0,0,2500,36.80%,2589,94.25%,85000,99,Croconaw,,0,64.32%,1462,96.70%,91000,205,Feraligatr,,0,,,,,,,,,
1174,Pikachu,Normal,25,♀,519,72,13,15,11,86.7,20.0,20.0,,,,"2026-07-02 17:39",,,,0,0,0,2500,69.89%,1234,95.33%,27500,75,Raichu,Normal,0,98.24%,73,96.95%,475000,298,Raichu,Normal,0,,,,,,,,,
1175,Shroodle,,944,♂,531,80,15,15,15,100.0,20.0,20.0,,,,"2026-07-02 17:39",3/2/2026,,,0,0,0,2500,71.09%,1185,95.52%,17000,66,Grafaiai,,0,99.51%,21,98.61%,417000,298,Grafaiai,,0,,,,,,,,,
1176,Lucario,Normal,448,♂,1142,96,13,14,14,91.1,15.0,15.0,,,,"2026-07-02 17:39",3/2/2026,,,0,0,0,1900,68.18%,1304,95.79%,18900,18,Lucario,Normal,0,79.05%,859,97.10%,166400,160,Lucario,Normal,0,,,,,,,,,
1177,Spheal,,363,♂,402,95,13,15,13,91.1,15.0,15.0,,,,"2026-07-02 17:39",3/2/2026,,,0,0,0,1900,80.10%,816,96.57%,18900,143,Walrein,,0,61.20%,1590,96.24%,158400,275,Walrein,,0,59.05%,1678,93.12%,14200,14,Spheal,,0,
1178,Carbink,,703,,616,77,14,13,13,88.9,15.0,15.0,,,,"2026-07-02 17:38",3/2/2026,,,0,0,0,1900,62.00%,1557,94.52%,310400,268,Carbink,,0,99.22%,33,97.66%,496400,268,Carbink,,0,,,,,,,,,
1179,Honedge,,679,♂,583,73,13,14,14,91.1,15.0,15.0,,,,"2026-07-02 17:38",3/3/2026,,,0,0,0,1900,96.95%,126,97.29%,424400,268,Honedge,,0,73.94%,1068,96.37%,310400,293,Doublade,,0,,,,,,,,,
1180,Charmander,,4,♂,604,80,15,14,11,88.9,22.0,22.0,,,,"2026-07-02 17:38",3/3/2026,,,0,0,0,3000,41.05%,2415,94.64%,119000,137,Charmeleon,,0,37.58%,2557,95.43%,74000,189,Charizard,Normal,0,,,,,,,,,
1181,Machop,,66,♀,280,68,15,12,11,84.4,8.0,8.0,,,,"2026-07-02 17:38",3/4/2026,,,0,1,0,961,67.89%,1316,95.84%,10200,31,Machoke,,2,33.38%,2729,95.16%,124326,267,Machamp,,1,61.00%,1598,93.76%,16804,30,Machop,,1,
1182,Charizard,Normal,6,♂,1223,101,15,15,10,88.9,15.0,15.0,,,,"2026-07-02 17:38",3/5/2026,,,0,0,0,0,23.35%,3140,93.47%,12000,12,Charizard,Normal,0,33.53%,2723,95.28%,106400,94,Charizard,Normal,0,,,,,,,,,
1183,Weedle,,13,♀,193,69,15,14,14,95.6,15.0,15.0,,,,"2026-07-02 17:38",3/5/2026,,,0,0,0,1900,55.48%,1824,95.44%,81900,136,Beedrill,Normal,0,99.78%,10,98.64%,496400,330,Beedrill,Normal,0,99.88%,6,98.06%,496400,280,Kakuna,,0,
1184,Hypno,,97,♀,888,110,14,14,15,95.6,15.0,15.0,,,,"2026-07-02 17:38",3/5/2026,,,0,0,0,1900,32.65%,2759,93.81%,52400,48,Hypno,,0,99.76%,11,98.89%,496400,268,Hypno,,0,,,,,,,,,
1185,Pidgey,,16,♂,146,46,15,14,4,73.3,8.0,8.0,,,,"2026-07-02 17:38",3/6/2026,,,0,1,0,961,33.38%,2729,93.85%,3000,58,Pidgeot,Normal,2,95.90%,169,95.45%,402600,268,Pidgeot,Normal,2,73.75%,1076,94.05%,961,64,Pidgeot,Normal,1,
1186,Rookidee,,821,♀,370,75,15,13,11,86.7,20.0,20.0,,,,"2026-07-02 17:38",,,,0,0,0,2500,96.92%,127,97.30%,445000,273,Corvisquire,,0,24.32%,3100,94.27%,267000,373,Corviknight,,0,46.98%,2172,90.96%,47000,42,Rookidee,,0,
1187,Mewtwo,Normal,150,,2349,136,14,10,15,86.7,20.0,20.0,,,,"2026-07-02 17:38",3/7/2026,,,0,0,0,2500,,,,,,,,,50.50%,2028,95.68%,5000,4,Mewtwo,Normal,0,,,,,,,,,
1188,Zapdos,Normal,145,,1952,129,13,10,10,73.3,20.0,20.0,,,,"2026-07-02 17:38",3/8/2026,,,0,0,0,2500,,,,,,,,,59.76%,1649,96.34%,35000,31,Zapdos,Normal,0,,,,,,,,,
1189,Articuno,Normal,144,,1707,131,12,14,13,86.7,20.0,20.0,,,,"2026-07-02 17:38",3/8/2026,,,0,0,0,2500,,,,,,,,,40.17%,2451,95.56%,65000,58,Articuno,Normal,0,,,,,,,,,
1190,Pikachu,Normal,25,♀,506,72,11,14,10,77.8,20.0,20.0,,,,"2026-07-02 17:38",3/9/2026,,,0,0,0,2500,37.26%,2570,93.83%,27500,75,Raichu,Normal,0,93.80%,255,94.74%,475000,298,Raichu,Normal,0,,,,,,,,,
1191,Ditto,,132,,413,86,3,0,4,15.6,22.0,22.0,,,,"2026-07-02 17:38",3/10/2026,,,0,0,0,3000,1.73%,4025,70.04%,464000,238,Ditto,,0,1.73%,4025,70.04%,464000,238,Ditto,,0,49.77%,2058,92.01%,32000,28,Ditto,,0,
1192,Ditto,,132,,333,76,11,10,14,77.8,15.0,15.0,,,,"2026-07-02 17:38",3/12/2026,,,0,0,0,1900,92.58%,305,90.95%,496400,268,Ditto,,0,92.58%,305,90.95%,496400,268,Ditto,,0,63.37%,1501,93.08%,35400,33,Ditto,,0,
1193,Ditto,,132,,52,31,1,12,13,57.8,3.0,3.0,,,,"2026-07-02 17:38",2/17/7076,,,0,0,0,400,58.44%,1703,82.99%,519200,300,Ditto,,0,58.44%,1703,82.99%,519200,300,Ditto,,0,97.83%,90,97.24%,71700,77,Ditto,,0,
1194,Popplio,,728,♂,639,90,15,13,15,95.6,20.0,20.0,,,,"2026-07-02 17:38",3/12/2026,,,0,0,0,2500,65.52%,1413,95.78%,56000,75,Brionne,,0,21.81%,3203,94.67%,47000,167,Primarina,,0,,,,,,,,,
1195,Ditto,,132,,352,76,15,13,14,93.3,15.0,15.0,,,,"2026-07-02 17:38",3/13/2026,,,0,0,0,1900,99.66%,15,97.33%,496400,268,Ditto,,0,99.66%,15,97.33%,496400,268,Ditto,,0,24.49%,3093,89.96%,26400,24,Ditto,,0,
1196,Scatterbug,,664,,207,65,15,15,11,91.1,15.0,15.0,,,,"2026-07-02 17:38",3/14/2026,,,0,0,0,1900,58.71%,1692,95.25%,81900,199,Vivillon,,0,99.44%,24,97.67%,496400,393,Vivillon,,0,93.36%,273,94.85%,346400,293,Spewpa,,0,
1197,Cinderace,,815,♂,1277,103,15,15,10,88.9,15.0,15.0,,,,"2026-07-02 17:38",3/14/2026,,,0,0,0,1900,63.05%,1514,95.40%,9800,10,Cinderace,,0,14.43%,3505,94.54%,86400,78,Cinderace,,0,,,,,,,,,
1198,Ditto,,132,,350,76,15,12,14,91.1,15.0,15.0,,,,"2026-07-02 17:38",3/14/2026,,,0,0,0,1900,99.29%,30,96.39%,496400,268,Ditto,,0,99.29%,30,96.39%,496400,268,Ditto,,0,14.97%,3483,89.09%,26400,24,Ditto,,0,
1199,Sandslash,Normal,28,♂,1015,101,15,14,15,97.8,15.0,15.0,,,,"2026-07-02 17:38",3/14/2026,,,0,0,0,1900,50.13%,2043,94.57%,32400,30,Sandslash,Normal,0,71.36%,1174,95.91%,334400,268,Sandslash,Normal,0,,,,,,,,,
1200,Venonat,,48,,415,87,11,15,15,91.1,15.0,15.0,,,,"2026-07-02 17:38",3/14/2026,,,0,0,0,1900,78.32%,889,95.88%,56400,101,Venomoth,,0,99.51%,21,97.94%,496400,318,Venomoth,,0,80.15%,814,94.96%,12000,12,Venonat,,0,
1201,Venomoth,,49,♀,882,95,15,13,13,91.1,15.0,15.0,,,,"2026-07-02 17:38",3/14/2026,,,0,0,0,1900,64.42%,1458,95.13%,56400,51,Venomoth,,0,99.27%,31,97.48%,496400,268,Venomoth,,0,,,,,,,,,
1202,Diglett,Normal,50,,284,41,15,14,13,93.3,15.0,15.0,,,,"2026-07-02 17:38",3/14/2026,,,0,0,0,1900,56.36%,1788,95.33%,199400,252,Dugtrio,Normal,0,99.66%,15,98.39%,496400,318,Dugtrio,Normal,0,40.95%,2419,91.50%,60400,54,Diglett,Normal,0,
1203,Cinderace,,815,♂,1283,106,13,15,15,95.6,15.0,15.0,,,,"2026-07-02 17:38",2/14/7076,,,0,0,0,1900,91.58%,346,97.21%,9800,10,Cinderace,,0,61.32%,1585,96.42%,86400,78,Cinderace,,0,,,,,,,,,
1204,Krabby,,98,♂,669,60,15,15,15,100.0,15.0,15.0,,,,"2026-07-02 17:38",3/14/2026,,,0,0,0,1900,86.98%,534,97.16%,14200,64,Kingler,,0,64.32%,1462,96.52%,112400,150,Kingler,,0,,,,,,,,,
1205,Flareon,,136,♀,1293,92,14,15,15,97.8,15.0,15.0,,,,"2026-07-02 17:38",3/14/2026,,,0,0,0,1900,44.88%,2258,94.24%,7600,8,Flareon,,0,89.96%,412,97.79%,86400,78,Flareon,,0,,,,,,,,,
1206,Tandemaus,,924,,380,78,15,14,15,97.8,15.0,15.0,,,,"2026-07-02 17:38",,,,0,0,0,1900,64.91%,1438,95.68%,64400,108,Maushold,Three,0,99.95%,3,99.42%,496400,318,Maushold,Three,0,36.58%,2598,91.45%,18900,18,Tandemaus,,0,
1207,Poochyena,,261,♂,134,46,3,14,14,68.9,8.0,8.0,,,,"2026-07-02 17:37",3/16/2026,,,0,1,0,961,90.33%,397,97.61%,27550,72,Mightyena,,2,95.24%,196,94.62%,400600,256,Mightyena,,2,93.85%,253,96.21%,124326,142,Poochyena,,1,
1208,Shinx,,403,♂,179,51,12,7,10,64.4,8.0,8.0,,,,"2026-07-02 17:37",3/19/2026,,,0,1,0,961,61.86%,1563,95.22%,40326,185,Luxray,,1,38.61%,2515,95.51%,185526,329,Luxray,,1,41.66%,2390,91.99%,11402,46,Luxio,,1,
1209,Teddiursa,,216,♂,474,79,15,10,10,77.8,13.0,13.0,,,,"2026-07-02 17:37",3/20/2026,,,0,1,0,1921,98.02%,82,95.85%,402600,213,Teddiursa,,2,45.15%,2247,95.96%,135364,188,Ursaring,,1,26.37%,3016,91.33%,1921,3,Teddiursa,,1,
1210,Sizzlipede,,850,♀,413,75,14,14,14,93.3,14.0,14.0,,,,"2026-07-02 17:37",3/21/2026,,,0,0,0,1600,54.90%,1848,95.25%,13000,64,Centiskorch,,0,68.38%,1296,96.48%,94600,136,Centiskorch,,0,17.83%,3366,90.29%,8900,10,Sizzlipede,,0,
1211,Blipbug,,824,,141,55,12,10,15,82.2,15.0,15.0,,,,"2026-07-02 17:37",3/23/2026,,,0,0,0,1900,49.47%,2070,94.44%,45400,167,Orbeetle,,0,96.78%,133,96.89%,496400,393,Orbeetle,,0,29.60%,2884,90.23%,9800,35,Dottler,,0,
1212,Dhelmise,,781,,1231,95,13,10,13,80.0,15.0,15.0,,,,"2026-07-02 17:37",3/24/2026,,,0,0,0,1900,34.48%,2684,93.84%,12000,12,Dhelmise,,0,28.89%,2913,95.25%,101400,90,Dhelmise,,0,,,,,,,,,
1213,Grookey,,810,♂,618,90,15,15,14,97.8,20.0,20.0,,,,"2026-07-02 17:37",3/24/2026,,,0,0,0,2500,59.80%,1647,95.63%,56000,75,Thwackey,,0,30.04%,2866,95.12%,39000,159,Rillaboom,,0,,,,,,,,,
1214,Scatterbug,,664,,208,67,15,14,14,95.6,15.0,15.0,,,,"2026-07-02 17:37",3/25/2026,,,0,0,0,1900,68.84%,1277,95.77%,81900,199,Vivillon,,0,99.80%,9,98.58%,496400,393,Vivillon,,0,96.61%,140,95.86%,334400,293,Spewpa,,0,
1215,Charizard,Normal,6,♀,1609,118,12,12,13,82.2,20.0,20.0,,,,"2026-07-02 17:37",8/24/2025,,,1,0,0,1250,,,,,,,,,72.23%,1138,96.71%,48500,86,Charizard,Normal,0,,,,,,,,,
1216,Ralts,,280,♂,368,73,15,15,14,97.8,24.0,24.0,,,,"2026-07-02 17:37",1/25/2025,,,1,0,0,1750,99.95%,3,99.09%,225500,251,Kirlia,,0,33.65%,2718,95.41%,16000,153,Gardevoir,Normal,0,70.09%,1226,91.54%,56500,108,Ralts,,0,
1217,Aron,,304,♀,453,72,9,10,13,71.1,13.0,13.0,,,,"2026-07-02 17:37",3/29/2026,,,0,1,0,1921,49.87%,2054,94.85%,22084,155,Aggron,Normal,1,48.21%,2122,95.74%,129364,258,Aggron,Normal,1,36.48%,2602,91.92%,3842,6,Aron,,1,
1218,Wimpod,,767,♀,284,63,15,15,13,95.6,20.0,20.0,,,,"2026-07-02 17:37",4/1/7076,,,0,0,0,2500,99.98%,2,98.89%,475000,248,Wimpod,,0,26.47%,3012,94.68%,51500,446,Golisopod,,0,90.16%,404,94.37%,235000,248,Wimpod,,0,
1219,Dedenne,,702,♂,769,92,15,11,11,82.2,15.0,15.0,,,,"2026-07-02 17:37",4/4/2026,,,0,0,0,1900,26.98%,2991,94.04%,86400,78,Dedenne,,0,96.07%,162,95.39%,496400,268,Dedenne,,0,,,,,,,,,
1220,Loudred,,294,♂,1146,154,15,12,11,84.4,32.0,32.0,,,,"2026-07-02 17:37",4/7/2026,,,0,0,0,6000,97.02%,123,94.70%,378000,162,Loudred,,0,76.90%,947,96.25%,279000,212,Exploud,,0,,,,,,,,,
1221,Trapinch,,328,,712,85,13,13,15,91.1,20.0,20.0,,,,"2026-07-02 17:37",4/7/7076,,,0,0,0,2500,86.81%,541,97.04%,0,125,Flygon,,0,52.63%,1941,96.09%,161000,285,Flygon,,0,,,,,,,,,
1222,Deino,,633,♂,595,93,15,11,15,91.1,20.0,20.0,,,,"2026-07-02 17:37",4/7/2026,,,0,0,0,2500,15.75%,3451,93.04%,60500,79,Zweilous,,0,19.34%,3304,94.45%,24000,147,Hydreigon,,0,,,,,,,,,
1223,Hawlucha,,701,♂,1358,118,15,13,12,88.9,20.0,20.0,,,,"2026-07-02 17:37",3/1/2026,,,1,0,0,1250,69.50%,1250,95.59%,5500,10,Hawlucha,,0,67.72%,1323,95.94%,156500,248,Hawlucha,,0,,,,,,,,,
1224,Sandile,,551,♂,589,90,15,14,15,97.8,20.0,20.0,,,,"2026-07-02 17:37",4/8/2026,,,0,0,0,2500,90.09%,407,96.24%,325000,273,Krokorok,,0,30.28%,2856,95.27%,60500,179,Krookodile,,0,,,,,,,,,
1225,Dratini,,147,♂,425,69,15,13,14,93.3,15.0,15.0,,,,"2026-07-02 17:37",4/8/2026,,,0,0,0,1900,31.26%,2816,94.13%,91400,107,Dragonair,,0,43.76%,2304,95.21%,38400,161,Dragonite,Normal,0,52.19%,1959,92.96%,9800,10,Dratini,,0,
1226,Tinkaton,,959,♀,2265,168,15,15,15,100.0,40.5,40.5,,,,"2026-07-02 17:37",4/11/2026,,,0,0,0,0,,,,,,,,,99.68%,14,99.42%,196000,0,Tinkaton,,0,,,,,,,,,
1227,Swablu,,333,♂,603,96,15,12,14,91.1,26.0,26.0,,,,"2026-07-02 17:37",,,,1,0,0,2000,9.52%,3706,92.00%,0,400,Altaria,Normal,0,99.34%,28,98.01%,218000,614,Altaria,Normal,0,,,,,,,,,
1228,Toedscool,,948,♂,163,41,15,7,9,68.9,6.0,6.0,,,,"2026-07-02 17:37",4/14/2026,,,0,0,0,600,3.35%,3959,91.91%,52400,106,Toedscruel,,0,30.60%,2843,94.06%,378400,344,Toedscruel,,0,60.85%,1604,92.80%,2000,53,Toedscruel,,0,
1229,Toedscool,,948,♂,279,56,10,11,14,77.8,10.0,10.0,,,,"2026-07-02 17:37",4/15/2026,,,0,0,0,1000,84.05%,654,96.85%,49000,101,Toedscruel,,0,74.11%,1061,96.05%,385000,336,Toedscruel,,0,32.77%,2754,90.47%,23400,28,Toedscool,,0,
1230,Nihilego,,793,,2226,151,12,15,14,91.1,20.0,20.0,,,,"2026-07-02 17:37",3/7/2026,,,1,0,0,1250,,,,,,,,,33.06%,2742,94.98%,5500,10,Nihilego,,0,,,,,,,,,
1231,Hitmontop,,237,♂,478,56,15,11,13,86.7,8.0,8.0,,,,"2026-07-02 17:37",4/16/7076,,,0,1,0,961,41.90%,2380,94.34%,79326,100,Hitmontop,,1,99.88%,6,99.10%,402600,213,Hitmontop,,2,22.98%,3155,89.33%,0,0,Hitmontop,,1,
1232,Shellos,,422,♂,471,100,13,13,12,84.4,15.0,15.0,,,,"2026-07-02 17:37",4/20/2026,,,0,0,0,1900,67.08%,1349,95.73%,38400,86,Gastrodon,,0,88.30%,480,96.90%,424400,318,Gastrodon,,0,17.14%,3394,90.07%,1900,2,Shellos,,0,
1233,Guzzlord,,799,,1607,270,12,13,13,84.4,20.0,20.0,,,,"2026-07-02 17:37",10/18/2023,,,1,0,0,1250,,,,,,,,,58.34%,1707,95.80%,48500,86,Guzzlord,,0,,,,,,,,,
1234,Gastrodon,,423,♀,1123,142,14,15,15,97.8,17.0,17.0,,,,"2026-07-02 17:37",4/24/2026,,,0,0,0,2200,59.73%,1650,95.37%,27800,25,Gastrodon,,0,92.72%,299,97.36%,376800,260,Gastrodon,,0,,,,,,,,,
1235,Sinistea,,854,,481,69,15,12,15,93.3,15.0,15.0,,,,"2026-07-02 17:37",,,,0,0,0,1900,39.80%,2466,94.84%,7600,58,Polteageist,,0,38.58%,2516,95.68%,81900,124,Polteageist,,0,74.85%,1031,94.50%,1900,2,Sinistea,,0,
1236,Qwilfish,Normal,211,♂,454,66,15,10,15,88.9,8.0,8.0,,,,"2026-07-02 17:37",4/27/2026,,,0,1,0,961,68.74%,1281,95.92%,93126,112,Qwilfish,Normal,1,99.56%,19,98.04%,402600,213,Qwilfish,Normal,2,32.06%,2783,91.30%,961,2,Qwilfish,Normal,1,
1237,Zacian,Hero,888,,2168,121,15,14,12,91.1,20.0,20.0,,,,"2026-07-02 17:37",3/12/2026,,,1,0,0,1250,,,,,,,,,68.77%,1280,96.58%,8500,16,Zacian,Hero,0,,,,,,,,,
1238,Growlithe,Normal,58,♂,525,83,15,12,15,93.3,15.0,15.0,,,,"2026-07-02 17:37",5/1/2026,,,0,0,0,1900,13.24%,3554,93.06%,7600,58,Arcanine,Normal,0,45.49%,2233,95.86%,86400,128,Arcanine,Normal,0,,,,,,,,,
1239,Snorlax,,143,♂,1173,162,15,11,8,75.6,13.0,13.0,,,,"2026-07-02 17:37",5/1/2026,,,0,1,0,0,42.44%,2358,94.36%,14524,21,Snorlax,,1,21.32%,3223,94.42%,95164,103,Snorlax,,1,,,,,,,,,
1240,Morelull,,755,♂,211,48,12,3,8,51.1,8.0,8.0,,,,"2026-07-02 17:37",5/3/2026,,,0,1,0,961,18.56%,3336,93.34%,142326,207,Shiinotic,,1,79.05%,859,91.33%,402600,258,Shiinotic,,2,41.73%,2387,91.87%,4322,58,Shiinotic,,1,
1241,Duskull,,355,♂,153,36,14,11,12,82.2,8.0,8.0,,,,"2026-07-02 17:37",,,,0,1,0,961,64.44%,1457,95.57%,63126,209,Dusknoir,,1,76.29%,972,95.82%,256800,325,Dusknoir,,2,41.25%,2407,90.45%,3000,3,Duskull,,2,
1242,Stufful,,759,♂,298,68,14,14,11,86.7,8.0,8.0,,,,"2026-07-02 17:37",,,,0,1,0,961,99.37%,27,98.30%,363000,213,Stufful,,2,47.25%,2161,95.68%,25500,385,Bewear,,2,49.55%,2067,92.45%,12962,24,Stufful,,1,
1243,Squirtle,,7,♂,527,82,15,12,11,84.4,20.0,20.0,,,,"2026-07-02 17:37",5/4/2026,,,0,0,0,2500,46.03%,2211,93.19%,267000,273,Wartortle,,0,27.42%,2973,94.50%,267000,373,Blastoise,Normal,0,,,,,,,,,
1244,Orthworm,,968,♂,1285,108,15,11,10,80.0,20.0,20.0,,,,"2026-07-02 17:36",5/4/2026,,,0,0,0,2500,11.62%,3620,92.47%,17000,16,Orthworm,,0,88.33%,479,96.70%,431000,248,Orthworm,,0,,,,,,,,,
1245,Dewpider,,751,♀,147,48,11,5,14,66.7,8.0,8.0,,,,"2026-07-02 17:36",5/4/2026,,,0,1,0,961,44.76%,2263,94.75%,142326,207,Araquanid,,1,95.41%,189,95.21%,402600,258,Araquanid,,2,67.30%,1340,93.97%,4322,58,Araquanid,,1,
1246,Cottonee,,546,♂,387,79,14,12,13,86.7,20.0,20.0,,,,"2026-07-02 17:36",,,,0,0,0,2500,56.70%,1774,94.90%,43000,88,Whimsicott,,0,98.49%,63,97.19%,475000,298,Whimsicott,,0,22.00%,3195,88.56%,35000,31,Cottonee,,0,
1247,Pidove,,519,♂,309,72,15,13,13,91.1,13.0,13.0,,,,"2026-07-02 17:36",5/6/2026,,,0,0,0,1600,76.53%,962,94.80%,340800,288,Tranquill,,0,57.24%,1752,96.51%,157800,212,Unfezant,,0,49.99%,2049,92.66%,32800,32,Pidove,,0,
1248,Wiglett,,960,♀,417,55,14,14,14,93.3,26.0,26.0,,,,"2026-07-02 17:36",,,,1,0,0,2000,82.71%,709,96.66%,8500,66,Wugtrio,,0,99.78%,10,98.89%,218000,264,Wugtrio,,0,71.75%,1158,93.09%,29000,52,Wiglett,,0,
1249,Popplio,,728,♂,640,89,15,15,13,95.6,20.0,20.0,,,,"2026-07-02 17:36",5/7/2026,,,0,0,0,2500,57.34%,1748,95.38%,56000,75,Brionne,,0,14.19%,3515,94.24%,47000,167,Primarina,,0,,,,,,,,,
1250,Lechonk,,915,♀,65,40,4,9,15,62.2,4.0,4.0,,,,"2026-07-02 17:36",5/9/7076,,,0,0,0,400,80.63%,794,96.15%,57400,113,Oinkologne,Female,0,89.60%,427,97.85%,419400,348,Oinkologne,Female,0,77.73%,913,94.12%,94900,96,Lechonk,,0,
1251,Litwick,,607,♀,371,72,15,14,14,95.6,13.0,13.0,,,,"2026-07-02 17:36",5/9/2026,,,0,1,0,1921,77.83%,909,95.64%,12244,143,Chandelure,,1,54.75%,1854,95.65%,13800,125,Chandelure,,2,63.71%,1487,93.23%,19444,27,Litwick,,1,
1252,Growlithe,Normal,58,♂,707,96,15,14,15,97.8,20.0,20.0,,,,"2026-07-02 17:36",,,,0,0,0,2500,99.93%,4,99.07%,475000,248,Growlithe,Normal,0,17.19%,3392,94.67%,60500,104,Arcanine,Normal,0,,,,,,,,,
1253,Wartortle,,8,♂,240,51,15,15,8,84.4,6.0,6.0,,,,"2026-07-02 17:36",5/12/2026,,,0,0,0,600,36.68%,2594,92.69%,308400,294,Wartortle,,0,43.52%,2314,95.19%,319400,394,Blastoise,Normal,0,62.22%,1548,93.67%,11000,14,Wartortle,,0,
1254,Growlithe,Normal,58,,703,94,15,15,12,93.3,20.0,20.0,,,,"2026-07-02 17:36",5/13/2026,,,0,0,0,2500,99.68%,14,97.78%,475000,248,Growlithe,Normal,0,55.68%,1816,96.25%,65000,108,Arcanine,Normal,0,,,,,,,,,
1255,Snivy,,495,♂,476,85,13,15,15,95.6,20.0,20.0,,,,"2026-07-02 17:36",5/13/2026,,,0,0,0,2500,85.98%,575,96.12%,313000,273,Servine,,0,99.76%,11,99.79%,431000,373,Serperior,,0,65.40%,1418,93.56%,5000,4,Snivy,,0,
1256,Xurkitree,,796,,2228,123,15,15,11,91.1,20.0,20.0,,,,"2026-07-02 17:36",,,,0,0,0,2500,,,,,,,,,37.00%,2581,95.32%,11000,10,Xurkitree,,0,,,,,,,,,
1257,Loudred,,294,,286,79,10,13,15,84.4,8.0,8.0,,,,"2026-07-02 17:36",,,,0,1,0,961,99.71%,13,97.99%,402600,213,Loudred,,2,95.07%,203,97.95%,529926,434,Exploud,,1,66.28%,1382,93.80%,14883,27,Loudred,,1,
1258,Sobble,,816,♂,612,88,15,13,11,86.7,20.0,20.0,,,,"2026-07-02 17:36",5/14/2026,,,0,0,0,2500,27.74%,2960,93.87%,56000,75,Drizzile,,0,54.02%,1884,96.21%,75000,191,Inteleon,,0,,,,,,,,,
1259,Joltik,,595,♀,199,52,15,15,14,97.8,7.0,7.0,,,,"2026-07-02 17:36",5/14/2026,,,0,0,0,800,40.81%,2425,94.32%,60700,113,Galvantula,,0,99.95%,3,99.36%,515200,342,Galvantula,,0,82.74%,708,95.10%,1600,52,Galvantula,,0,
1260,Poipole,,803,,702,94,15,15,15,100.0,15.0,15.0,,,,"2026-07-02 17:36",4/23/2025,,,1,0,0,950,92.97%,289,97.41%,2850,206,Naganadel,,0,82.74%,708,96.96%,36450,266,Naganadel,,0,,,,,,,,,
1261,Mimikyu,,778,♂,490,60,13,11,14,84.4,8.0,8.0,,,,"2026-07-02 17:36",4/2/2026,,,0,0,0,800,56.73%,1773,95.38%,62600,64,Mimikyu,,0,97.90%,87,97.35%,513600,290,Mimikyu,,0,73.48%,1087,93.95%,0,0,Mimikyu,,0,
1262,Eevee,,133,♂,416,81,5,15,12,71.1,15.0,15.0,,,,"2026-07-02 17:36",2/12/2026,,,0,0,0,1900,98.56%,60,98.17%,12000,37,Sylveon,,0,96.65%,138,98.48%,101400,115,Flareon,,0,97.00%,124,97.29%,12000,12,Eevee,,0,
1263,Eevee,,133,♂,418,83,5,14,15,75.6,15.0,15.0,,,,"2026-07-02 17:36",1/22/2026,,,0,0,0,1900,99.51%,21,98.65%,16400,41,Jolteon,,0,97.75%,93,98.68%,96400,111,Flareon,,0,67.62%,1327,93.85%,9800,10,Eevee,,0,
1264,Pikachu,Normal,25,♂,711,86,15,13,13,91.1,27.0,27.0,,,,"2026-07-02 17:36",10/28/2025,,,0,0,0,4500,99.34%,28,97.26%,428000,206,Pikachu,Normal,0,99.34%,28,98.10%,428000,256,Raichu,Normal,0,,,,,,,,,
1265,Machop,,66,♂,688,108,15,14,14,95.6,19.0,19.0,,,,"2026-07-02 17:36",6/13/2025,,,0,0,0,2500,67.89%,1316,95.84%,44000,63,Machoke,,0,34.77%,2672,95.22%,65500,183,Machamp,,0,,,,,,,,,
1266,Misdreavus,,200,♂,1039,98,15,14,14,95.6,19.0,19.0,,,,"2026-07-02 17:36",5/15/7076,,,0,0,0,2500,48.62%,2105,94.42%,5000,104,Mismagius,,0,45.13%,2248,95.56%,174000,274,Mismagius,,0,,,,,,,,,
1267,Lechonk,,915,♀,233,75,7,5,12,53.3,13.0,13.0,,,,"2026-07-02 17:36",5/9/2026,,,0,0,0,1600,46.30%,2200,94.39%,41800,91,Oinkologne,Female,0,63.76%,1485,96.33%,403800,326,Oinkologne,Female,0,47.91%,2134,91.33%,79300,74,Lechonk,,0,
1268,Squirtle,,7,♂,209,51,15,14,11,88.9,8.0,8.0,,,,"2026-07-02 17:36",5/16/7076,,,0,0,0,800,60.34%,1625,95.21%,46600,174,Blastoise,Normal,0,47.89%,2135,95.37%,305600,415,Blastoise,Normal,0,19.95%,3279,89.94%,31400,36,Squirtle,,0,
1269,Helioptile,,694,♂,196,48,14,13,2,64.4,8.0,8.0,,,,"2026-07-02 17:36",,,,0,1,0,961,17.02%,3399,93.18%,52326,122,Heliolisk,,1,28.40%,2933,95.13%,168600,244,Heliolisk,,2,44.22%,2285,92.35%,46326,66,Helioptile,,1,
1270,Deino,,633,,448,79,15,14,12,91.1,15.0,15.0,,,,"2026-07-02 17:36",5/16/2026,,,0,0,0,1900,23.83%,3120,93.55%,81900,99,Zweilous,,0,21.66%,3209,94.57%,45400,167,Hydreigon,,0,45.49%,2233,92.27%,5700,6,Deino,,0,
1271,Deino,,633,♂,446,80,15,11,15,91.1,15.0,15.0,,,,"2026-07-02 17:36",5/16/2026,,,0,0,0,1900,15.75%,3451,93.04%,81900,99,Zweilous,,0,19.34%,3304,94.45%,45400,167,Hydreigon,,0,24.32%,3100,90.76%,5700,6,Deino,,0,
1272,Hydreigon,,635,♂,2319,143,15,13,15,95.6,22.5,22.5,,,,"2026-07-02 17:36",5/16/2026,,,0,0,0,3000,,,,,,,,,41.78%,2385,95.40%,10000,9,Hydreigon,,0,,,,,,,,,
1273,Zweilous,,634,,778,96,15,15,10,88.9,15.0,15.0,,,,"2026-07-02 17:36",5/16/2026,,,0,0,0,1900,12.01%,3604,92.78%,81900,74,Zweilous,,0,18.17%,3352,94.39%,45400,142,Hydreigon,,0,,,,,,,,,
1274,Hydreigon,,635,♂,1523,114,14,13,10,82.2,15.0,15.0,,,,"2026-07-02 17:36",5/16/2026,,,0,0,0,1900,,,,,,,,,67.74%,1322,96.37%,48900,45,Hydreigon,,0,,,,,,,,,
1275,Relicanth,,369,♂,2239,179,13,13,15,91.1,33.0,33.0,,,,"2026-07-02 17:36",10/15/2021,,,1,0,0,3500,,,,,,,,,39.10%,2495,95.44%,58000,150,Relicanth,,0,,,,,,,,,
1276,Deino,,633,♂,204,53,15,15,11,91.1,7.0,7.0,,,,"2026-07-02 17:35",,,,0,0,0,800,65.59%,1410,95.62%,17200,147,Hydreigon,,0,32.55%,2763,95.04%,64200,191,Hydreigon,,0,51.92%,1970,92.63%,4200,30,Zweilous,,0,
1277,Cresselia,,488,♀,1620,164,14,14,15,95.6,20.0,20.0,,,,"2026-07-02 17:35",,,,0,0,0,2500,,,,,,,,,33.65%,2718,95.19%,91000,80,Cresselia,,0,,,,,,,,,
1278,Deino,,633,♀,444,80,15,10,15,88.9,15.0,15.0,,,,"2026-07-02 17:35",,,,0,0,0,1900,45.69%,2225,94.71%,86400,103,Zweilous,,0,11.55%,3623,93.98%,45400,167,Hydreigon,,0,14.65%,3496,89.89%,5700,6,Deino,,0,
1279,Snorlax,,143,♂,714,129,14,11,14,86.7,8.0,8.0,,,,"2026-07-02 17:35",5/16/2026,,,0,1,0,961,64.84%,1441,95.44%,27486,45,Snorlax,,1,44.91%,2257,95.55%,108126,127,Snorlax,,1,,,,,,,,,
1280,Deino,,633,,445,79,15,12,13,88.9,15.0,15.0,,,,"2026-07-02 17:35",5/17/2026,,,0,0,0,1900,43.61%,2310,94.62%,86400,103,Zweilous,,0,16.21%,3432,94.28%,45400,167,Hydreigon,,0,21.61%,3211,90.55%,5700,6,Deino,,0,
1281,Ralts,,280,,118,40,15,15,10,88.9,8.0,8.0,,,,"2026-07-02 17:35",5/17/2026,,,0,1,0,961,46.30%,2200,94.63%,29766,173,Gardevoir,Normal,1,75.87%,989,97.11%,31550,143,Gardevoir,Normal,2,59.05%,1678,90.38%,239526,273,Ralts,,1,
1282,Venonat,,48,♀,344,80,10,9,12,68.9,13.0,13.0,,,,"2026-07-02 17:35",,,,0,1,0,1921,76.75%,953,95.79%,10200,54,Venomoth,,2,96.51%,144,95.35%,402600,258,Venomoth,,2,25.79%,3040,90.71%,24724,33,Venonat,,1,
1283,Celesteela,,797,,1745,138,14,12,13,86.7,20.0,20.0,,,,"2026-07-02 17:35",4/4/2024,,,1,0,0,0,,,,,,,,,43.20%,2327,95.70%,30250,54,Celesteela,,0,,,,,,,,,
1284,Eevee,,133,♂,605,94,15,14,13,93.3,20.0,20.0,,,,"2026-07-02 17:35",5/20/2026,,,0,0,0,2500,26.74%,3001,93.14%,27500,50,Umbreon,,0,55.26%,1833,95.73%,85000,99,Jolteon,,0,,,,,,,,,
1285,Sprigatito,,906,♂,568,79,14,14,13,91.1,20.0,20.0,,,,"2026-07-02 17:35",5/21/2026,,,0,0,0,2500,65.91%,1397,95.68%,116000,131,Floragato,,0,63.30%,1504,96.49%,103000,217,Meowscarada,,0,,,,,,,,,
1286,Abra,,63,♂,748,63,14,12,14,88.9,20.0,20.0,,,,"2026-07-02 17:35",5/25/2026,,,0,0,0,2500,97.95%,85,96.52%,475000,248,Abra,,0,81.66%,752,97.17%,65000,183,Alakazam,Normal,0,,,,,,,,,
1287,Bouffalant,,626,♀,1190,118,15,14,13,93.3,15.0,15.0,,,,"2026-07-02 17:35",12/4/2023,,,1,0,0,950,15.97%,3442,93.41%,7100,14,Bouffalant,,0,51.67%,1980,96.02%,65200,118,Bouffalant,,0,,,,,,,,,
1288,Gimmighoul,Roaming,999,,587,85,12,6,15,73.3,20.0,20.0,,,,"2026-07-02 17:35",,,,0,0,0,2500,82.54%,716,88.37%,475000,248,Gimmighoul,Roaming,0,48.18%,2123,95.73%,35000,31,Gholdengo,,0,,,,,,,,,
1289,Braviary,Hisui,628,♂,1201,132,14,15,15,97.8,15.0,15.0,,,,"2026-07-02 17:35",5/27/2026,,,0,0,0,1900,57.31%,1749,95.34%,14200,14,Braviary,Hisui,0,54.16%,1878,96.25%,118400,106,Braviary,Hisui,0,,,,,,,,,
1290,Lunala,,792,,2286,166,14,13,14,91.1,20.0,20.0,,,,"2026-07-02 17:35",,,,1,0,0,0,,,,,,,,,32.11%,2781,94.82%,4000,7,Lunala,,0,,,,,,,,,
1291,Suicune,,245,,1640,141,10,12,12,75.6,20.0,20.0,,,,"2026-07-02 17:35",5/28/2026,,,0,0,0,2500,,,,,,,,,48.38%,2115,96.05%,80000,70,Suicune,,0,,,,,,,,,
1292,Poliwag,,60,♂,443,78,15,12,15,93.3,19.0,19.0,,,,"2026-07-02 17:35",5/30/2026,,,0,0,0,2500,86.76%,543,96.12%,342000,277,Poliwhirl,,0,45.15%,2247,95.00%,272000,377,Politoed,,0,18.19%,3351,89.74%,10000,8,Poliwag,,0,
1293,Feebas,,349,♀,72,41,12,14,14,88.9,10.0,10.0,,,,"2026-07-02 17:35",9/27/2023,,,1,0,0,500,43.10%,2331,94.49%,11700,128,Milotic,,0,46.20%,2204,95.89%,52500,200,Milotic,,0,97.88%,88,91.15%,255000,286,Feebas,,0,
1294,Spheal,,363,,210,69,15,9,14,84.4,8.0,8.0,,,,"2026-07-02 17:35",6/1/2026,,,0,1,0,961,52.53%,1945,95.13%,43326,188,Walrein,,1,20.05%,3275,94.46%,92100,209,Walrein,,2,14.16%,3516,89.43%,37686,57,Spheal,,1,
1295,Diglett,Alola,50,♂,378,47,15,13,12,88.9,20.0,20.0,,,,"2026-07-02 17:35",6/3/2026,,,0,0,0,2500,37.97%,2541,94.36%,56000,100,Dugtrio,Alola,0,98.41%,66,96.85%,475000,298,Dugtrio,Alola,0,21.64%,3210,89.81%,39000,34,Diglett,Alola,0,
1296,Beldum,,374,,347,61,14,13,8,77.8,13.0,13.0,,,,"2026-07-02 17:35",6/3/2026,,,0,1,0,1921,37.92%,2543,94.41%,3842,131,Metagross,Normal,1,52.94%,1928,95.82%,57964,193,Metagross,Normal,1,25.40%,3056,90.49%,24724,33,Beldum,,1,
1297,Tandemaus,,924,,375,78,13,15,15,95.6,15.0,15.0,,,,"2026-07-02 17:35",6/3/2026,,,0,0,0,1900,54.53%,1863,95.13%,64400,108,Maushold,Three,0,99.90%,5,98.85%,496400,318,Maushold,Three,0,72.72%,1118,94.07%,21400,20,Tandemaus,,0,
1298,Bagon,,371,♂,412,66,15,10,10,77.8,13.0,13.0,,,,"2026-07-02 17:35",6/3/2026,,,0,0,0,1600,29.62%,2883,93.73%,70800,91,Shelgon,,0,12.21%,3596,94.13%,48300,172,Salamence,Normal,0,18.90%,3322,90.41%,8300,10,Bagon,,0,
1299,Dratini,,147,♂,224,50,15,14,14,95.6,8.0,8.0,,,,"2026-07-02 17:35",6/4/2026,,,0,0,0,800,44.40%,2278,94.77%,108600,129,Dragonair,,0,55.90%,1807,95.66%,55600,183,Dragonite,Normal,0,64.86%,1440,93.85%,27000,32,Dratini,,0,
1300,Elekid,,239,♂,517,73,15,15,15,100.0,15.0,15.0,,,,"2026-07-02 17:35",6/7/2026,,,0,0,0,1900,83.44%,679,96.14%,7600,133,Electivire,,0,93.21%,279,97.29%,371400,293,Electabuzz,,0,,,,,,,,,
1301,Salandit,,757,,629,87,14,14,13,91.1,20.0,20.0,,,,"2026-07-02 17:35",6/7/2026,,,0,0,0,2500,28.40%,2933,94.13%,5000,54,Salazzle,,0,70.35%,1215,96.38%,256000,298,Salazzle,,0,,,,,,,,,
1302,Electabuzz,,125,♀,1302,106,13,10,15,84.4,20.0,20.0,,,,"2026-07-02 17:35",6/8/2026,,,0,0,0,2500,83.25%,687,96.86%,17000,16,Electabuzz,,0,92.58%,305,97.22%,403000,248,Electabuzz,,0,,,,,,,,,
1303,Lapras,,131,♂,540,106,4,7,8,42.2,8.0,8.0,,,,"2026-07-02 17:35",,,,0,1,0,0,46.96%,2173,95.22%,55926,76,Lapras,,1,66.37%,1378,96.59%,393126,384,Lapras,,1,,,,,,,,,
1304,Electabuzz,,125,♂,1318,104,15,14,12,91.1,20.0,20.0,,,,"2026-07-02 17:35",6/8/2026,,,0,0,0,2500,35.16%,2656,94.50%,14000,13,Electabuzz,,0,79.93%,823,95.98%,363000,248,Electabuzz,,0,,,,,,,,,
1305,Impidimp,,859,♂,453,83,15,14,12,91.1,20.0,20.0,,,,"2026-07-02 17:35",6/8/2026,,,0,0,0,2500,77.09%,939,94.88%,313000,273,Morgrem,,0,62.95%,1518,96.64%,97000,211,Grimmsnarl,,0,54.31%,1872,92.19%,11000,10,Impidimp,,0,
1306,Chansey,,113,♀,689,299,13,12,14,86.7,20.0,20.0,,,,"2026-07-02 17:35",6/9/2026,,,0,0,0,2500,95.46%,187,95.07%,475000,248,Chansey,,0,21.39%,3220,93.91%,130000,172,Blissey,,0,,,,,,,,,
1307,Electabuzz,,125,♂,1320,105,14,14,14,93.3,20.0,20.0,,,,"2026-07-02 17:34",6/10/7076,,,0,0,0,2500,63.15%,1510,95.76%,14000,13,Electabuzz,,0,89.60%,427,96.86%,363000,248,Electabuzz,,0,,,,,,,,,
1308,Helioptile,,694,♂,325,66,10,13,11,75.6,13.0,13.0,,,,"2026-07-02 17:34",6/13/2026,,,0,1,0,1921,91.97%,330,97.24%,39364,98,Heliolisk,,1,74.90%,1029,96.94%,151500,219,Heliolisk,,2,83.13%,692,95.30%,33364,42,Helioptile,,1,
1309,Togetic,,176,♂,976,96,15,15,15,100.0,20.0,20.0,,,,"2026-07-02 17:34",6/14/7076,,,0,0,0,2500,28.64%,2923,93.62%,85000,74,Togetic,,0,55.34%,1830,95.74%,39000,134,Togekiss,,0,,,,,,,,,
1310,Machop,,66,♂,282,68,15,14,10,86.7,8.0,8.0,,,,"2026-07-02 17:34",6/14/2026,,,0,0,0,800,39.02%,2498,94.45%,77600,101,Machoke,,0,62.12%,1552,96.28%,103600,225,Machamp,,0,23.98%,3114,89.86%,800,26,Machoke,,0,
1311,Magcargo,,219,♂,1190,98,15,12,11,84.4,25.0,25.0,,,,"2026-07-02 17:34",6/15/2026,,,0,0,0,4000,27.64%,2964,93.61%,78000,70,Magcargo,,0,97.78%,92,96.22%,444000,220,Magcargo,,0,,,,,,,,,
1312,Roggenrola,,524,♂,671,93,15,12,11,84.4,20.0,20.0,,,,"2026-07-02 17:34",,,,0,0,0,2500,14.43%,3505,92.95%,39000,84,Boldore,,0,57.90%,1725,96.04%,51500,296,Gigalith,,0,,,,,,,,,
1313,Roggenrola,,524,,676,94,15,13,12,88.9,20.0,20.0,,,,"2026-07-02 17:34",6/15/2026,,,0,0,0,2500,38.46%,2521,94.30%,39000,84,Boldore,,0,13.89%,3527,94.09%,47000,292,Gigalith,,0,,,,,,,,,
1314,Roggenrola,,524,,679,93,15,15,11,91.1,20.0,20.0,,,,"2026-07-02 17:34",,,,0,0,0,2500,47.57%,2148,94.75%,39000,84,Boldore,,0,31.06%,2824,94.97%,47000,292,Gigalith,,0,,,,,,,,,
1315,Mankey,,56,,713,84,15,10,15,88.9,22.0,22.0,,,,"2026-07-02 17:34",6/15/2026,,,0,0,0,3000,39.37%,2484,94.44%,6000,56,Primeape,,0,95.70%,177,97.90%,420000,288,Primeape,,0,,,,,,,,,
1316,Eevee,,133,♂,592,93,14,12,11,82.2,20.0,20.0,,,,"2026-07-02 17:34",6/16/2026,,,0,0,0,2500,34.68%,2676,93.62%,31000,53,Umbreon,,0,61.44%,1580,96.41%,70000,87,Flareon,,0,,,,,,,,,
1317,Seaking,,119,♀,876,105,14,1,13,62.2,15.0,15.0,,,,"2026-07-02 17:34",6/16/7076,,,0,0,0,1900,14.31%,3510,92.80%,56400,51,Seaking,,0,65.98%,1394,89.82%,496400,268,Seaking,,0,,,,,,,,,
1318,Klawf,,950,♂,1014,95,14,14,12,88.9,15.0,15.0,,,,"2026-07-02 17:34",6/16/2026,,,0,0,0,1900,54.04%,1883,94.75%,32400,30,Klawf,,0,65.42%,1417,95.44%,334400,268,Klawf,,0,,,,,,,,,
1319,Eevee,,133,♂,438,82,10,15,14,86.7,15.0,15.0,,,,"2026-07-02 17:34",6/17/2026,,,0,0,0,1900,91.28%,358,96.98%,9800,35,Sylveon,,0,91.92%,332,97.95%,91400,107,Flareon,,0,81.66%,752,95.02%,7600,8,Eevee,,0,
1320,Aerodactyl,Normal,142,♂,1969,134,15,15,11,91.1,25.0,25.0,,,,"2026-07-02 17:34",6/18/2026,,,0,0,0,4000,,,,,,,,,65.13%,1429,96.52%,85000,78,Aerodactyl,Normal,0,,,,,,,,,
1321,Tepig,,498,♂,607,104,15,13,12,88.9,20.0,20.0,,,,"2026-07-02 17:34",6/18/2026,,,0,0,0,2500,41.44%,2399,94.68%,51500,71,Pignite,,0,38.27%,2529,95.38%,70000,187,Emboar,,0,,,,,,,,,
1322,Poltchageist,,1012,,645,80,15,13,15,95.6,20.0,20.0,,,,"2026-07-02 17:34",,,,1,0,0,1250,99.78%,10,98.20%,237500,248,Poltchageist,,0,43.71%,2306,96.03%,35000,112,Sinistcha,,0,,,,,,,,,
1323,Rockruff,,744,♀,668,93,15,14,12,91.1,25.0,25.0,,,,"2026-07-02 17:34",6/18/2026,,,0,0,0,4000,99.32%,29,96.45%,444000,220,Rockruff,,0,67.94%,1314,96.50%,122000,172,Lycanroc,Midday,0,,,,,,,,,
1324,Cranidos,,408,♂,755,93,15,10,14,86.7,15.0,15.0,,,,"2026-07-02 17:34",6/18/2026,,,0,0,0,1900,40.61%,2433,94.60%,3800,54,Rampardos,,0,59.34%,1666,95.66%,68400,112,Rampardos,,0,,,,,,,,,
1325,Skarmory,Normal,227,♂,888,92,13,13,15,91.1,15.0,15.0,,,,"2026-07-02 17:34",8/19/2025,,,1,0,0,950,31.60%,2802,94.08%,26200,48,Skarmory,Normal,0,99.37%,27,97.95%,248200,268,Skarmory,Normal,0,,,,,,,,,
1326,Baxcalibur,,998,,2170,150,15,14,14,95.6,21.5,21.5,,,,"2026-07-02 17:34",6/20/2026,,,0,0,0,3000,,,,,,,,,46.01%,2212,95.29%,19500,18,Baxcalibur,,0,,,,,,,,,
1327,Shieldon,,410,♂,380,60,15,14,15,97.8,15.0,15.0,,,,"2026-07-02 17:34",6/21/2026,,,0,0,0,1900,28.82%,2916,92.31%,208400,264,Bastiodon,,0,99.95%,3,99.67%,496400,318,Bastiodon,,0,37.58%,2557,90.80%,18900,18,Shieldon,,0,
1328,Litwick,,607,♂,187,50,14,12,8,75.6,7.0,7.0,,,,"2026-07-02 17:34",6/21/2026,,,0,0,0,800,68.40%,1295,95.12%,24500,155,Chandelure,,0,56.65%,1776,95.73%,91700,215,Chandelure,,0,51.99%,1967,93.15%,6200,32,Lampent,,0,
1329,Hoothoot,,163,♂,364,99,13,10,11,75.6,20.0,20.0,,,,"2026-07-02 17:34",6/22/2026,,,0,0,0,2500,20.51%,3256,93.08%,43000,88,Noctowl,,0,92.80%,296,94.43%,475000,298,Noctowl,,0,38.32%,2527,89.88%,51500,46,Hoothoot,,0,
1330,Hoothoot,,163,♂,363,101,12,10,15,82.2,20.0,20.0,,,,"2026-07-02 17:34",6/22/2026,,,0,0,0,2500,39.95%,2460,94.21%,43000,88,Noctowl,,0,95.14%,200,95.26%,475000,298,Noctowl,,0,49.72%,2060,91.05%,51500,46,Hoothoot,,0,
1331,Hoothoot,,163,,372,99,14,12,11,82.2,20.0,20.0,,,,"2026-07-02 17:34",,,,0,0,0,2500,51.18%,2000,94.80%,43000,88,Noctowl,,0,97.31%,111,96.17%,475000,298,Noctowl,,0,19.73%,3288,87.94%,43000,38,Hoothoot,,0,
1332,Pinsir,Normal,127,♂,648,63,15,14,6,77.8,8.0,8.0,,,,"2026-07-02 17:34",6/23/2026,,,0,1,0,961,22.64%,3169,93.36%,35046,54,Pinsir,Normal,1,38.75%,2509,95.64%,44600,43,Pinsir,Normal,2,,,,,,,,,
1333,Squawkabilly,,931,♀,27,19,12,11,15,84.4,1.0,1.0,,,,"2026-07-02 17:34",6/23/2026,,,0,0,0,200,32.63%,2760,94.03%,92000,98,Squawkabilly,,0,95.92%,168,95.22%,520000,304,Squawkabilly,,0,65.81%,1401,93.40%,8000,16,Squawkabilly,,0,
1334,Cleffa,,173,♂,383,90,15,15,15,100.0,20.0,20.0,,,,"2026-07-02 17:33",6/24/2026,,,0,0,0,2500,77.90%,906,96.29%,8000,82,Clefable,,0,65.40%,1418,95.88%,267000,323,Clefable,,0,43.20%,2327,91.00%,39000,34,Cleffa,,0,
1335,Typhlosion,Hisui,157,,1697,114,15,12,15,93.3,20.0,20.0,,,,"2026-07-02 17:33",2/24/2024,,,0,0,0,2500,,,,,,,,,16.85%,3406,94.70%,65000,58,Typhlosion,Hisui,0,,,,,,,,,
1336,Wattrel,,940,♂,480,81,15,11,13,86.7,21.0,21.0,,,,"2026-07-02 17:33",6/25/2026,,,0,0,0,3000,20.00%,3277,93.02%,3000,53,Kilowattrel,,0,41.10%,2413,95.05%,284000,294,Kilowattrel,,0,25.59%,3048,90.30%,3000,3,Wattrel,,0,
1337,Rookidee,,821,,139,49,13,6,15,75.6,8.0,8.0,,,,"2026-07-02 17:33",,,,0,1,0,961,96.09%,161,96.98%,402600,235,Corvisquire,,2,48.16%,2124,95.28%,421926,509,Corviknight,,1,68.42%,1294,93.54%,14883,52,Corvisquire,,1,
1338,Axew,,610,♀,278,48,9,12,0,46.7,8.0,8.0,,,,"2026-07-02 17:33",6/25/2026,,,0,1,0,961,70.82%,1196,95.77%,88326,133,Fraxure,,1,57.90%,1725,96.16%,93126,237,Haxorus,,1,68.69%,1283,93.11%,961,27,Fraxure,,1,
1339,Wingull,,278,♂,124,42,14,15,13,93.3,6.0,6.0,,,,"2026-07-02 17:33",6/25/2026,,,0,0,0,600,30.26%,2857,93.67%,68900,121,Pelipper,,0,99.68%,14,98.77%,516400,344,Pelipper,,0,61.56%,1575,92.79%,58400,62,Wingull,,0,
1340,Squawkabilly,,931,♂,1670,152,15,12,15,93.3,30.0,30.0,,,,"2026-07-02 17:33",6/26/2026,,,0,0,0,5000,,,,,,,,,99.15%,36,97.50%,400000,182,Squawkabilly,,0,,,,,,,,,
1341,Noibat,,714,♀,135,50,13,1,15,64.4,8.0,8.0,,,,"2026-07-02 17:33",6/26/2026,,,0,1,0,961,6.20%,3842,92.23%,43326,463,Noivern,,1,13.75%,3533,94.45%,229926,660,Noivern,,1,14.95%,3484,88.26%,124326,142,Noibat,,1,
1342,Skarmory,Normal,227,♀,1188,105,14,14,13,91.1,20.0,20.0,,,,"2026-07-02 17:33",6/27/2026,,,0,0,0,2500,35.09%,2659,94.26%,31000,28,Skarmory,Normal,0,99.15%,36,97.65%,475000,248,Skarmory,Normal,0,,,,,,,,,
1343,Seel,,86,♂,201,61,12,12,1,55.6,8.0,8.0,,,,"2026-07-02 17:33",6/28/2026,,,0,1,0,961,39.15%,2493,94.14%,113526,182,Dewgong,,1,89.13%,446,93.52%,402600,258,Dewgong,,2,31.16%,2820,90.48%,43326,63,Seel,,1,
1344,Hitmonlee,,106,♂,944,72,15,11,14,88.9,13.0,13.0,,,,"2026-07-02 17:33",6/28/2026,,,0,1,0,1921,63.88%,1480,95.62%,36364,45,Hitmonlee,,1,57.85%,1727,96.06%,145400,165,Hitmonlee,,2,,,,,,,,,
1345,Ferroseed,,597,♂,98,36,15,15,15,100.0,4.0,4.0,,,,"2026-07-02 17:33",6/29/2026,,,0,0,0,400,48.13%,2125,94.72%,57400,113,Ferrothorn,,0,86.08%,571,96.67%,393400,348,Ferrothorn,,0,57.80%,1729,92.52%,4000,57,Ferrothorn,,0,
1346,Reshiram,,643,,1426,103,7,10,10,60.0,13.0,13.0,,,,"2026-07-02 17:33",,,,0,1,0,1921,73.63%,1081,96.64%,1921,3,Reshiram,,1,63.39%,1500,95.98%,50164,60,Reshiram,,1,,,,,,,,,
1347,Mawile,Normal,303,,928,90,15,13,15,95.6,20.0,20.0,,,,"2026-07-02 17:33",6/29/2026,,,0,0,0,2500,53.55%,1903,95.00%,130000,122,Mawile,Normal,0,99.83%,8,98.72%,475000,248,Mawile,Normal,0,,,,,,,,,
1348,Hypno,,97,♂,881,108,15,12,11,84.4,15.0,15.0,,,,"2026-07-02 17:33",,,,0,0,0,1900,36.34%,2608,94.02%,56400,51,Hypno,,0,97.97%,84,96.90%,496400,268,Hypno,,0,,,,,,,,,
1349,Bombirdier,,962,,1060,96,15,14,14,95.6,15.0,15.0,,,,"2026-07-02 17:33",,,,0,0,0,1900,42.93%,2338,94.80%,26400,24,Bombirdier,,0,48.64%,2104,95.44%,256400,268,Bombirdier,,0,,,,,,,,,
1350,Gothita,,574,,469,79,13,11,13,82.2,18.0,18.0,,,,"2026-07-02 17:33",6/30/2026,,,0,0,0,2200,48.18%,2123,94.88%,187400,215,Gothorita,,0,66.54%,1371,95.85%,334400,381,Gothitelle,,0,47.45%,2153,92.43%,4400,4,Gothita,,0,
1351,Flittle,,955,,390,68,14,14,12,88.9,20.0,20.0,,,,"2026-07-02 17:33",6/30/2026,,,0,0,0,2500,84.64%,630,96.97%,8000,57,Espathra,,0,45.96%,2214,95.47%,256000,298,Espathra,,0,50.35%,2034,91.61%,35000,31,Flittle,,0,
1352,Indeedee,Male,876,♂,1041,87,15,14,14,95.6,15.0,15.0,,,,"2026-07-02 17:33",7/1/2026,,,0,0,0,1900,66.20%,1385,95.51%,29400,27,Indeedee,Male,0,63.88%,1480,96.05%,288400,268,Indeedee,Male,0,,,,,,,,,
1353,Deino,,633,♂,223,58,12,6,14,71.1,8.0,8.0,,,,"2026-07-02 17:32",7/1/2026,,,0,1,0,961,85.42%,598,96.82%,20646,161,Hydreigon,,1,77.31%,930,96.79%,83526,229,Hydreigon,,1,83.52%,676,95.09%,4322,33,Zweilous,,1,
1354,Bounsweet,,761,♀,259,80,15,11,12,84.4,20.0,20.0,,,,"2026-07-02 17:32",7/1/2026,,,0,0,0,2500,97.80%,91,94.12%,475000,273,Steenee,,0,43.52%,2314,95.55%,75000,191,Tsareena,,0,93.41%,271,94.62%,403000,248,Bounsweet,,0,
1355,Electabuzz,,125,♂,1000,92,15,15,15,100.0,15.0,15.0,,,,"2026-07-02 17:32",7/1/2026,,,0,0,0,1900,83.44%,679,96.14%,7600,108,Electivire,,0,93.21%,279,97.29%,371400,268,Electabuzz,,0,,,,,,,,,